2022-05-31 15:42:12 startup archives install
2022-05-31 15:42:12 install base-passwd:amd64 <none> 3.5.52build1
2022-05-31 15:42:12 status half-installed base-passwd:amd64 3.5.52build1
2022-05-31 15:42:12 status unpacked base-passwd:amd64 3.5.52build1
2022-05-31 15:42:12 configure base-passwd:amd64 3.5.52build1 3.5.52build1
2022-05-31 15:42:12 status half-configured base-passwd:amd64 3.5.52build1
2022-05-31 15:42:12 status installed base-passwd:amd64 3.5.52build1
2022-05-31 15:42:12 startup archives install
2022-05-31 15:42:12 install base-files:amd64 <none> 12ubuntu4
2022-05-31 15:42:12 status half-installed base-files:amd64 12ubuntu4
2022-05-31 15:42:12 status unpacked base-files:amd64 12ubuntu4
2022-05-31 15:42:12 configure base-files:amd64 12ubuntu4 12ubuntu4
2022-05-31 15:42:12 status half-configured base-files:amd64 12ubuntu4
2022-05-31 15:42:12 status installed base-files:amd64 12ubuntu4
2022-05-31 15:42:12 startup archives install
2022-05-31 15:42:12 upgrade dpkg 1.21.1ubuntu2 1.21.1ubuntu2
2022-05-31 15:42:12 status half-configured dpkg 1.21.1ubuntu2
2022-05-31 15:42:12 status unpacked dpkg 1.21.1ubuntu2
2022-05-31 15:42:12 status half-installed dpkg 1.21.1ubuntu2
2022-05-31 15:42:12 status unpacked dpkg:amd64 1.21.1ubuntu2
2022-05-31 15:42:12 configure dpkg:amd64 1.21.1ubuntu2 1.21.1ubuntu2
2022-05-31 15:42:12 status half-configured dpkg:amd64 1.21.1ubuntu2
2022-05-31 15:42:12 status installed dpkg:amd64 1.21.1ubuntu2
2022-05-31 15:42:12 startup archives install
2022-05-31 15:42:12 install libc6:amd64 <none> 2.35-0ubuntu3
2022-05-31 15:42:12 status half-installed libc6:amd64 2.35-0ubuntu3
2022-05-31 15:42:12 status unpacked libc6:amd64 2.35-0ubuntu3
2022-05-31 15:42:12 configure libc6:amd64 2.35-0ubuntu3 2.35-0ubuntu3
2022-05-31 15:42:12 status half-configured libc6:amd64 2.35-0ubuntu3
2022-05-31 15:42:13 status installed libc6:amd64 2.35-0ubuntu3
2022-05-31 15:42:13 startup archives install
2022-05-31 15:42:13 install perl-base:amd64 <none> 5.34.0-3ubuntu1
2022-05-31 15:42:13 status half-installed perl-base:amd64 5.34.0-3ubuntu1
2022-05-31 15:42:13 status unpacked perl-base:amd64 5.34.0-3ubuntu1
2022-05-31 15:42:13 configure perl-base:amd64 5.34.0-3ubuntu1 5.34.0-3ubuntu1
2022-05-31 15:42:13 status half-configured perl-base:amd64 5.34.0-3ubuntu1
2022-05-31 15:42:13 status installed perl-base:amd64 5.34.0-3ubuntu1
2022-05-31 15:42:13 startup archives install
2022-05-31 15:42:13 install mawk:amd64 <none> 1.3.4.20200120-3
2022-05-31 15:42:13 status half-installed mawk:amd64 1.3.4.20200120-3
2022-05-31 15:42:13 status unpacked mawk:amd64 1.3.4.20200120-3
2022-05-31 15:42:13 configure mawk:amd64 1.3.4.20200120-3 1.3.4.20200120-3
2022-05-31 15:42:13 status half-configured mawk:amd64 1.3.4.20200120-3
2022-05-31 15:42:13 status installed mawk:amd64 1.3.4.20200120-3
2022-05-31 15:42:13 startup archives unpack
2022-05-31 15:42:13 upgrade base-files:amd64 12ubuntu4 12ubuntu4
2022-05-31 15:42:13 status half-configured base-files:amd64 12ubuntu4
2022-05-31 15:42:13 status unpacked base-files:amd64 12ubuntu4
2022-05-31 15:42:13 status half-installed base-files:amd64 12ubuntu4
2022-05-31 15:42:13 status unpacked base-files:amd64 12ubuntu4
2022-05-31 15:42:13 upgrade base-passwd:amd64 3.5.52build1 3.5.52build1
2022-05-31 15:42:13 status half-configured base-passwd:amd64 3.5.52build1
2022-05-31 15:42:13 status unpacked base-passwd:amd64 3.5.52build1
2022-05-31 15:42:13 status half-installed base-passwd:amd64 3.5.52build1
2022-05-31 15:42:13 status unpacked base-passwd:amd64 3.5.52build1
2022-05-31 15:42:13 install bash:amd64 <none> 5.1-6ubuntu1
2022-05-31 15:42:13 status half-installed bash:amd64 5.1-6ubuntu1
2022-05-31 15:42:13 status unpacked bash:amd64 5.1-6ubuntu1
2022-05-31 15:42:13 install bsdutils:amd64 <none> 1:2.37.2-4ubuntu3
2022-05-31 15:42:13 status half-installed bsdutils:amd64 1:2.37.2-4ubuntu3
2022-05-31 15:42:13 status unpacked bsdutils:amd64 1:2.37.2-4ubuntu3
2022-05-31 15:42:13 install coreutils:amd64 <none> 8.32-4.1ubuntu1
2022-05-31 15:42:13 status half-installed coreutils:amd64 8.32-4.1ubuntu1
2022-05-31 15:42:13 status unpacked coreutils:amd64 8.32-4.1ubuntu1
2022-05-31 15:42:13 install dash:amd64 <none> 0.5.11+git20210903+057cd650a4ed-3build1
2022-05-31 15:42:13 status half-installed dash:amd64 0.5.11+git20210903+057cd650a4ed-3build1
2022-05-31 15:42:13 status unpacked dash:amd64 0.5.11+git20210903+057cd650a4ed-3build1
2022-05-31 15:42:13 install debconf:all <none> 1.5.79ubuntu1
2022-05-31 15:42:13 status half-installed debconf:all 1.5.79ubuntu1
2022-05-31 15:42:13 status unpacked debconf:all 1.5.79ubuntu1
2022-05-31 15:42:13 install debianutils:amd64 <none> 5.5-1ubuntu2
2022-05-31 15:42:13 status half-installed debianutils:amd64 5.5-1ubuntu2
2022-05-31 15:42:13 status unpacked debianutils:amd64 5.5-1ubuntu2
2022-05-31 15:42:13 install diffutils:amd64 <none> 1:3.8-0ubuntu2
2022-05-31 15:42:13 status half-installed diffutils:amd64 1:3.8-0ubuntu2
2022-05-31 15:42:13 status unpacked diffutils:amd64 1:3.8-0ubuntu2
2022-05-31 15:42:13 upgrade dpkg:amd64 1.21.1ubuntu2 1.21.1ubuntu2
2022-05-31 15:42:13 status half-configured dpkg:amd64 1.21.1ubuntu2
2022-05-31 15:42:13 status unpacked dpkg:amd64 1.21.1ubuntu2
2022-05-31 15:42:13 status half-installed dpkg:amd64 1.21.1ubuntu2
2022-05-31 15:42:13 status unpacked dpkg:amd64 1.21.1ubuntu2
2022-05-31 15:42:13 install e2fsprogs:amd64 <none> 1.46.5-2ubuntu1
2022-05-31 15:42:13 status half-installed e2fsprogs:amd64 1.46.5-2ubuntu1
2022-05-31 15:42:13 status unpacked e2fsprogs:amd64 1.46.5-2ubuntu1
2022-05-31 15:42:13 install findutils:amd64 <none> 4.8.0-1ubuntu3
2022-05-31 15:42:13 status half-installed findutils:amd64 4.8.0-1ubuntu3
2022-05-31 15:42:14 status unpacked findutils:amd64 4.8.0-1ubuntu3
2022-05-31 15:42:14 install gcc-12-base:amd64 <none> 12-20220319-1ubuntu1
2022-05-31 15:42:14 status half-installed gcc-12-base:amd64 12-20220319-1ubuntu1
2022-05-31 15:42:14 status unpacked gcc-12-base:amd64 12-20220319-1ubuntu1
2022-05-31 15:42:14 install grep:amd64 <none> 3.7-1build1
2022-05-31 15:42:14 status half-installed grep:amd64 3.7-1build1
2022-05-31 15:42:14 status unpacked grep:amd64 3.7-1build1
2022-05-31 15:42:14 install gzip:amd64 <none> 1.10-4ubuntu4
2022-05-31 15:42:14 status half-installed gzip:amd64 1.10-4ubuntu4
2022-05-31 15:42:14 status unpacked gzip:amd64 1.10-4ubuntu4
2022-05-31 15:42:14 install hostname:amd64 <none> 3.23ubuntu2
2022-05-31 15:42:14 status half-installed hostname:amd64 3.23ubuntu2
2022-05-31 15:42:14 status unpacked hostname:amd64 3.23ubuntu2
2022-05-31 15:42:14 install init-system-helpers:all <none> 1.62
2022-05-31 15:42:14 status half-installed init-system-helpers:all 1.62
2022-05-31 15:42:14 status unpacked init-system-helpers:all 1.62
2022-05-31 15:42:14 install libacl1:amd64 <none> 2.3.1-1
2022-05-31 15:42:14 status half-installed libacl1:amd64 2.3.1-1
2022-05-31 15:42:14 status unpacked libacl1:amd64 2.3.1-1
2022-05-31 15:42:14 install libattr1:amd64 <none> 1:2.5.1-1build1
2022-05-31 15:42:14 status half-installed libattr1:amd64 1:2.5.1-1build1
2022-05-31 15:42:14 status unpacked libattr1:amd64 1:2.5.1-1build1
2022-05-31 15:42:14 install libaudit-common:all <none> 1:3.0.7-1build1
2022-05-31 15:42:14 status half-installed libaudit-common:all 1:3.0.7-1build1
2022-05-31 15:42:14 status unpacked libaudit-common:all 1:3.0.7-1build1
2022-05-31 15:42:14 install libaudit1:amd64 <none> 1:3.0.7-1build1
2022-05-31 15:42:14 status half-installed libaudit1:amd64 1:3.0.7-1build1
2022-05-31 15:42:14 status unpacked libaudit1:amd64 1:3.0.7-1build1
2022-05-31 15:42:14 install libblkid1:amd64 <none> 2.37.2-4ubuntu3
2022-05-31 15:42:14 status half-installed libblkid1:amd64 2.37.2-4ubuntu3
2022-05-31 15:42:14 status unpacked libblkid1:amd64 2.37.2-4ubuntu3
2022-05-31 15:42:14 install libbz2-1.0:amd64 <none> 1.0.8-5build1
2022-05-31 15:42:14 status half-installed libbz2-1.0:amd64 1.0.8-5build1
2022-05-31 15:42:14 status unpacked libbz2-1.0:amd64 1.0.8-5build1
2022-05-31 15:42:14 install libc-bin:amd64 <none> 2.35-0ubuntu3
2022-05-31 15:42:14 status half-installed libc-bin:amd64 2.35-0ubuntu3
2022-05-31 15:42:14 status unpacked libc-bin:amd64 2.35-0ubuntu3
2022-05-31 15:42:14 upgrade libc6:amd64 2.35-0ubuntu3 2.35-0ubuntu3
2022-05-31 15:42:14 status half-configured libc6:amd64 2.35-0ubuntu3
2022-05-31 15:42:14 status unpacked libc6:amd64 2.35-0ubuntu3
2022-05-31 15:42:14 status half-installed libc6:amd64 2.35-0ubuntu3
2022-05-31 15:42:14 status unpacked libc6:amd64 2.35-0ubuntu3
2022-05-31 15:42:14 install libcap-ng0:amd64 <none> 0.7.9-2.2build3
2022-05-31 15:42:14 status half-installed libcap-ng0:amd64 0.7.9-2.2build3
2022-05-31 15:42:14 status unpacked libcap-ng0:amd64 0.7.9-2.2build3
2022-05-31 15:42:14 install libcap2:amd64 <none> 1:2.44-1build3
2022-05-31 15:42:14 status half-installed libcap2:amd64 1:2.44-1build3
2022-05-31 15:42:14 status unpacked libcap2:amd64 1:2.44-1build3
2022-05-31 15:42:14 install libcom-err2:amd64 <none> 1.46.5-2ubuntu1
2022-05-31 15:42:14 status half-installed libcom-err2:amd64 1.46.5-2ubuntu1
2022-05-31 15:42:14 status unpacked libcom-err2:amd64 1.46.5-2ubuntu1
2022-05-31 15:42:14 install libcrypt1:amd64 <none> 1:4.4.27-1
2022-05-31 15:42:14 status half-installed libcrypt1:amd64 1:4.4.27-1
2022-05-31 15:42:14 status unpacked libcrypt1:amd64 1:4.4.27-1
2022-05-31 15:42:14 install libdb5.3:amd64 <none> 5.3.28+dfsg1-0.8ubuntu3
2022-05-31 15:42:14 status half-installed libdb5.3:amd64 5.3.28+dfsg1-0.8ubuntu3
2022-05-31 15:42:14 status unpacked libdb5.3:amd64 5.3.28+dfsg1-0.8ubuntu3
2022-05-31 15:42:14 install libdebconfclient0:amd64 <none> 0.261ubuntu1
2022-05-31 15:42:14 status half-installed libdebconfclient0:amd64 0.261ubuntu1
2022-05-31 15:42:15 status unpacked libdebconfclient0:amd64 0.261ubuntu1
2022-05-31 15:42:15 install libext2fs2:amd64 <none> 1.46.5-2ubuntu1
2022-05-31 15:42:15 status half-installed libext2fs2:amd64 1.46.5-2ubuntu1
2022-05-31 15:42:15 status unpacked libext2fs2:amd64 1.46.5-2ubuntu1
2022-05-31 15:42:15 install libgcc-s1:amd64 <none> 12-20220319-1ubuntu1
2022-05-31 15:42:15 status half-installed libgcc-s1:amd64 12-20220319-1ubuntu1
2022-05-31 15:42:15 status unpacked libgcc-s1:amd64 12-20220319-1ubuntu1
2022-05-31 15:42:15 install libgcrypt20:amd64 <none> 1.9.4-3ubuntu3
2022-05-31 15:42:15 status half-installed libgcrypt20:amd64 1.9.4-3ubuntu3
2022-05-31 15:42:15 status unpacked libgcrypt20:amd64 1.9.4-3ubuntu3
2022-05-31 15:42:15 install libgmp10:amd64 <none> 2:6.2.1+dfsg-3ubuntu1
2022-05-31 15:42:15 status half-installed libgmp10:amd64 2:6.2.1+dfsg-3ubuntu1
2022-05-31 15:42:15 status unpacked libgmp10:amd64 2:6.2.1+dfsg-3ubuntu1
2022-05-31 15:42:15 install libgpg-error0:amd64 <none> 1.43-3
2022-05-31 15:42:15 status half-installed libgpg-error0:amd64 1.43-3
2022-05-31 15:42:15 status unpacked libgpg-error0:amd64 1.43-3
2022-05-31 15:42:15 install libgssapi-krb5-2:amd64 <none> 1.19.2-2
2022-05-31 15:42:15 status half-installed libgssapi-krb5-2:amd64 1.19.2-2
2022-05-31 15:42:15 status unpacked libgssapi-krb5-2:amd64 1.19.2-2
2022-05-31 15:42:15 install libk5crypto3:amd64 <none> 1.19.2-2
2022-05-31 15:42:15 status half-installed libk5crypto3:amd64 1.19.2-2
2022-05-31 15:42:15 status unpacked libk5crypto3:amd64 1.19.2-2
2022-05-31 15:42:15 install libkeyutils1:amd64 <none> 1.6.1-2ubuntu3
2022-05-31 15:42:15 status half-installed libkeyutils1:amd64 1.6.1-2ubuntu3
2022-05-31 15:42:15 status unpacked libkeyutils1:amd64 1.6.1-2ubuntu3
2022-05-31 15:42:15 install libkrb5-3:amd64 <none> 1.19.2-2
2022-05-31 15:42:15 status half-installed libkrb5-3:amd64 1.19.2-2
2022-05-31 15:42:15 status unpacked libkrb5-3:amd64 1.19.2-2
2022-05-31 15:42:15 install libkrb5support0:amd64 <none> 1.19.2-2
2022-05-31 15:42:15 status half-installed libkrb5support0:amd64 1.19.2-2
2022-05-31 15:42:15 status unpacked libkrb5support0:amd64 1.19.2-2
2022-05-31 15:42:15 install liblz4-1:amd64 <none> 1.9.3-2build2
2022-05-31 15:42:15 status half-installed liblz4-1:amd64 1.9.3-2build2
2022-05-31 15:42:15 status unpacked liblz4-1:amd64 1.9.3-2build2
2022-05-31 15:42:15 install liblzma5:amd64 <none> 5.2.5-2ubuntu1
2022-05-31 15:42:15 status half-installed liblzma5:amd64 5.2.5-2ubuntu1
2022-05-31 15:42:15 status unpacked liblzma5:amd64 5.2.5-2ubuntu1
2022-05-31 15:42:15 install libmount1:amd64 <none> 2.37.2-4ubuntu3
2022-05-31 15:42:15 status half-installed libmount1:amd64 2.37.2-4ubuntu3
2022-05-31 15:42:15 status unpacked libmount1:amd64 2.37.2-4ubuntu3
2022-05-31 15:42:15 install libncurses6:amd64 <none> 6.3-2
2022-05-31 15:42:15 status half-installed libncurses6:amd64 6.3-2
2022-05-31 15:42:15 status unpacked libncurses6:amd64 6.3-2
2022-05-31 15:42:15 install libncursesw6:amd64 <none> 6.3-2
2022-05-31 15:42:15 status half-installed libncursesw6:amd64 6.3-2
2022-05-31 15:42:15 status unpacked libncursesw6:amd64 6.3-2
2022-05-31 15:42:15 install libnsl2:amd64 <none> 1.3.0-2build2
2022-05-31 15:42:15 status half-installed libnsl2:amd64 1.3.0-2build2
2022-05-31 15:42:15 status unpacked libnsl2:amd64 1.3.0-2build2
2022-05-31 15:42:15 install libpam-modules:amd64 <none> 1.4.0-11ubuntu2
2022-05-31 15:42:15 status half-installed libpam-modules:amd64 1.4.0-11ubuntu2
2022-05-31 15:42:15 status unpacked libpam-modules:amd64 1.4.0-11ubuntu2
2022-05-31 15:42:15 install libpam-modules-bin:amd64 <none> 1.4.0-11ubuntu2
2022-05-31 15:42:15 status half-installed libpam-modules-bin:amd64 1.4.0-11ubuntu2
2022-05-31 15:42:15 status unpacked libpam-modules-bin:amd64 1.4.0-11ubuntu2
2022-05-31 15:42:15 install libpam-runtime:all <none> 1.4.0-11ubuntu2
2022-05-31 15:42:15 status half-installed libpam-runtime:all 1.4.0-11ubuntu2
2022-05-31 15:42:15 status unpacked libpam-runtime:all 1.4.0-11ubuntu2
2022-05-31 15:42:16 install libpam0g:amd64 <none> 1.4.0-11ubuntu2
2022-05-31 15:42:16 status half-installed libpam0g:amd64 1.4.0-11ubuntu2
2022-05-31 15:42:16 status unpacked libpam0g:amd64 1.4.0-11ubuntu2
2022-05-31 15:42:16 install libpcre2-8-0:amd64 <none> 10.39-3build1
2022-05-31 15:42:16 status half-installed libpcre2-8-0:amd64 10.39-3build1
2022-05-31 15:42:16 status unpacked libpcre2-8-0:amd64 10.39-3build1
2022-05-31 15:42:16 install libpcre3:amd64 <none> 2:8.39-13build5
2022-05-31 15:42:16 status half-installed libpcre3:amd64 2:8.39-13build5
2022-05-31 15:42:16 status unpacked libpcre3:amd64 2:8.39-13build5
2022-05-31 15:42:16 install libprocps8:amd64 <none> 2:3.3.17-6ubuntu2
2022-05-31 15:42:16 status half-installed libprocps8:amd64 2:3.3.17-6ubuntu2
2022-05-31 15:42:16 status unpacked libprocps8:amd64 2:3.3.17-6ubuntu2
2022-05-31 15:42:16 install libselinux1:amd64 <none> 3.3-1build2
2022-05-31 15:42:16 status half-installed libselinux1:amd64 3.3-1build2
2022-05-31 15:42:16 status unpacked libselinux1:amd64 3.3-1build2
2022-05-31 15:42:16 install libsemanage-common:all <none> 3.3-1build2
2022-05-31 15:42:16 status half-installed libsemanage-common:all 3.3-1build2
2022-05-31 15:42:16 status unpacked libsemanage-common:all 3.3-1build2
2022-05-31 15:42:16 install libsemanage2:amd64 <none> 3.3-1build2
2022-05-31 15:42:16 status half-installed libsemanage2:amd64 3.3-1build2
2022-05-31 15:42:16 status unpacked libsemanage2:amd64 3.3-1build2
2022-05-31 15:42:16 install libsepol2:amd64 <none> 3.3-1build1
2022-05-31 15:42:16 status half-installed libsepol2:amd64 3.3-1build1
2022-05-31 15:42:16 status unpacked libsepol2:amd64 3.3-1build1
2022-05-31 15:42:16 install libsmartcols1:amd64 <none> 2.37.2-4ubuntu3
2022-05-31 15:42:16 status half-installed libsmartcols1:amd64 2.37.2-4ubuntu3
2022-05-31 15:42:16 status unpacked libsmartcols1:amd64 2.37.2-4ubuntu3
2022-05-31 15:42:16 install libss2:amd64 <none> 1.46.5-2ubuntu1
2022-05-31 15:42:16 status half-installed libss2:amd64 1.46.5-2ubuntu1
2022-05-31 15:42:16 status unpacked libss2:amd64 1.46.5-2ubuntu1
2022-05-31 15:42:16 install libssl3:amd64 <none> 3.0.2-0ubuntu1
2022-05-31 15:42:16 status half-installed libssl3:amd64 3.0.2-0ubuntu1
2022-05-31 15:42:16 status unpacked libssl3:amd64 3.0.2-0ubuntu1
2022-05-31 15:42:16 install libsystemd0:amd64 <none> 249.11-0ubuntu3
2022-05-31 15:42:16 status half-installed libsystemd0:amd64 249.11-0ubuntu3
2022-05-31 15:42:16 status unpacked libsystemd0:amd64 249.11-0ubuntu3
2022-05-31 15:42:16 install libtinfo6:amd64 <none> 6.3-2
2022-05-31 15:42:16 status half-installed libtinfo6:amd64 6.3-2
2022-05-31 15:42:16 status unpacked libtinfo6:amd64 6.3-2
2022-05-31 15:42:16 install libtirpc-common:all <none> 1.3.2-2build1
2022-05-31 15:42:16 status half-installed libtirpc-common:all 1.3.2-2build1
2022-05-31 15:42:16 status unpacked libtirpc-common:all 1.3.2-2build1
2022-05-31 15:42:16 install libtirpc3:amd64 <none> 1.3.2-2build1
2022-05-31 15:42:16 status half-installed libtirpc3:amd64 1.3.2-2build1
2022-05-31 15:42:16 status unpacked libtirpc3:amd64 1.3.2-2build1
2022-05-31 15:42:16 install libudev1:amd64 <none> 249.11-0ubuntu3
2022-05-31 15:42:16 status half-installed libudev1:amd64 249.11-0ubuntu3
2022-05-31 15:42:16 status unpacked libudev1:amd64 249.11-0ubuntu3
2022-05-31 15:42:16 install libuuid1:amd64 <none> 2.37.2-4ubuntu3
2022-05-31 15:42:16 status half-installed libuuid1:amd64 2.37.2-4ubuntu3
2022-05-31 15:42:16 status unpacked libuuid1:amd64 2.37.2-4ubuntu3
2022-05-31 15:42:16 install libzstd1:amd64 <none> 1.4.8+dfsg-3build1
2022-05-31 15:42:16 status half-installed libzstd1:amd64 1.4.8+dfsg-3build1
2022-05-31 15:42:16 status unpacked libzstd1:amd64 1.4.8+dfsg-3build1
2022-05-31 15:42:16 install login:amd64 <none> 1:4.8.1-2ubuntu2
2022-05-31 15:42:16 status half-installed login:amd64 1:4.8.1-2ubuntu2
2022-05-31 15:42:16 status unpacked login:amd64 1:4.8.1-2ubuntu2
2022-05-31 15:42:17 install logsave:amd64 <none> 1.46.5-2ubuntu1
2022-05-31 15:42:17 status half-installed logsave:amd64 1.46.5-2ubuntu1
2022-05-31 15:42:17 status unpacked logsave:amd64 1.46.5-2ubuntu1
2022-05-31 15:42:17 install lsb-base:all <none> 11.1.0ubuntu4
2022-05-31 15:42:17 status half-installed lsb-base:all 11.1.0ubuntu4
2022-05-31 15:42:17 status unpacked lsb-base:all 11.1.0ubuntu4
2022-05-31 15:42:17 upgrade mawk:amd64 1.3.4.20200120-3 1.3.4.20200120-3
2022-05-31 15:42:17 status half-configured mawk:amd64 1.3.4.20200120-3
2022-05-31 15:42:17 status unpacked mawk:amd64 1.3.4.20200120-3
2022-05-31 15:42:17 status half-installed mawk:amd64 1.3.4.20200120-3
2022-05-31 15:42:17 status unpacked mawk:amd64 1.3.4.20200120-3
2022-05-31 15:42:17 install mount:amd64 <none> 2.37.2-4ubuntu3
2022-05-31 15:42:17 status half-installed mount:amd64 2.37.2-4ubuntu3
2022-05-31 15:42:17 status unpacked mount:amd64 2.37.2-4ubuntu3
2022-05-31 15:42:17 install ncurses-base:all <none> 6.3-2
2022-05-31 15:42:17 status half-installed ncurses-base:all 6.3-2
2022-05-31 15:42:17 status unpacked ncurses-base:all 6.3-2
2022-05-31 15:42:17 install ncurses-bin:amd64 <none> 6.3-2
2022-05-31 15:42:17 status half-installed ncurses-bin:amd64 6.3-2
2022-05-31 15:42:17 status unpacked ncurses-bin:amd64 6.3-2
2022-05-31 15:42:17 install passwd:amd64 <none> 1:4.8.1-2ubuntu2
2022-05-31 15:42:17 status half-installed passwd:amd64 1:4.8.1-2ubuntu2
2022-05-31 15:42:17 status unpacked passwd:amd64 1:4.8.1-2ubuntu2
2022-05-31 15:42:17 upgrade perl-base:amd64 5.34.0-3ubuntu1 5.34.0-3ubuntu1
2022-05-31 15:42:17 status half-configured perl-base:amd64 5.34.0-3ubuntu1
2022-05-31 15:42:17 status unpacked perl-base:amd64 5.34.0-3ubuntu1
2022-05-31 15:42:17 status half-installed perl-base:amd64 5.34.0-3ubuntu1
2022-05-31 15:42:17 status unpacked perl-base:amd64 5.34.0-3ubuntu1
2022-05-31 15:42:17 install procps:amd64 <none> 2:3.3.17-6ubuntu2
2022-05-31 15:42:17 status half-installed procps:amd64 2:3.3.17-6ubuntu2
2022-05-31 15:42:17 status unpacked procps:amd64 2:3.3.17-6ubuntu2
2022-05-31 15:42:17 install sed:amd64 <none> 4.8-1ubuntu2
2022-05-31 15:42:17 status half-installed sed:amd64 4.8-1ubuntu2
2022-05-31 15:42:17 status unpacked sed:amd64 4.8-1ubuntu2
2022-05-31 15:42:17 install sensible-utils:all <none> 0.0.17
2022-05-31 15:42:17 status half-installed sensible-utils:all 0.0.17
2022-05-31 15:42:17 status unpacked sensible-utils:all 0.0.17
2022-05-31 15:42:17 install sysvinit-utils:amd64 <none> 3.01-1ubuntu1
2022-05-31 15:42:17 status half-installed sysvinit-utils:amd64 3.01-1ubuntu1
2022-05-31 15:42:17 status unpacked sysvinit-utils:amd64 3.01-1ubuntu1
2022-05-31 15:42:17 install tar:amd64 <none> 1.34+dfsg-1build3
2022-05-31 15:42:17 status half-installed tar:amd64 1.34+dfsg-1build3
2022-05-31 15:42:17 status unpacked tar:amd64 1.34+dfsg-1build3
2022-05-31 15:42:17 install usrmerge:all <none> 25ubuntu2
2022-05-31 15:42:17 status half-installed usrmerge:all 25ubuntu2
2022-05-31 15:42:17 status unpacked usrmerge:all 25ubuntu2
2022-05-31 15:42:17 install util-linux:amd64 <none> 2.37.2-4ubuntu3
2022-05-31 15:42:17 status half-installed util-linux:amd64 2.37.2-4ubuntu3
2022-05-31 15:42:17 status unpacked util-linux:amd64 2.37.2-4ubuntu3
2022-05-31 15:42:17 install zlib1g:amd64 <none> 1:1.2.11.dfsg-2ubuntu9
2022-05-31 15:42:17 status half-installed zlib1g:amd64 1:1.2.11.dfsg-2ubuntu9
2022-05-31 15:42:17 status unpacked zlib1g:amd64 1:1.2.11.dfsg-2ubuntu9
2022-05-31 15:42:17 startup packages configure
2022-05-31 15:42:17 configure lsb-base:all 11.1.0ubuntu4 <none>
2022-05-31 15:42:17 status unpacked lsb-base:all 11.1.0ubuntu4
2022-05-31 15:42:17 status half-configured lsb-base:all 11.1.0ubuntu4
2022-05-31 15:42:17 status installed lsb-base:all 11.1.0ubuntu4
2022-05-31 15:42:17 configure libtirpc-common:all 1.3.2-2build1 <none>
2022-05-31 15:42:17 status unpacked libtirpc-common:all 1.3.2-2build1
2022-05-31 15:42:17 status half-configured libtirpc-common:all 1.3.2-2build1
2022-05-31 15:42:17 status installed libtirpc-common:all 1.3.2-2build1
2022-05-31 15:42:17 configure libaudit-common:all 1:3.0.7-1build1 <none>
2022-05-31 15:42:17 status unpacked libaudit-common:all 1:3.0.7-1build1
2022-05-31 15:42:17 status half-configured libaudit-common:all 1:3.0.7-1build1
2022-05-31 15:42:17 status installed libaudit-common:all 1:3.0.7-1build1
2022-05-31 15:42:17 configure libsemanage-common:all 3.3-1build2 <none>
2022-05-31 15:42:17 status unpacked libsemanage-common:all 3.3-1build2
2022-05-31 15:42:17 status half-configured libsemanage-common:all 3.3-1build2
2022-05-31 15:42:17 status installed libsemanage-common:all 3.3-1build2
2022-05-31 15:42:17 configure gcc-12-base:amd64 12-20220319-1ubuntu1 <none>
2022-05-31 15:42:17 status unpacked gcc-12-base:amd64 12-20220319-1ubuntu1
2022-05-31 15:42:17 status half-configured gcc-12-base:amd64 12-20220319-1ubuntu1
2022-05-31 15:42:17 status installed gcc-12-base:amd64 12-20220319-1ubuntu1
2022-05-31 15:42:17 configure ncurses-base:all 6.3-2 <none>
2022-05-31 15:42:17 status unpacked ncurses-base:all 6.3-2
2022-05-31 15:42:17 status half-configured ncurses-base:all 6.3-2
2022-05-31 15:42:17 status installed ncurses-base:all 6.3-2
2022-05-31 15:42:17 configure sensible-utils:all 0.0.17 <none>
2022-05-31 15:42:17 status unpacked sensible-utils:all 0.0.17
2022-05-31 15:42:17 status half-configured sensible-utils:all 0.0.17
2022-05-31 15:42:17 status installed sensible-utils:all 0.0.17
2022-05-31 15:42:17 configure libcrypt1:amd64 1:4.4.27-1 <none>
2022-05-31 15:42:17 status unpacked libcrypt1:amd64 1:4.4.27-1
2022-05-31 15:42:17 status half-configured libcrypt1:amd64 1:4.4.27-1
2022-05-31 15:42:17 status installed libcrypt1:amd64 1:4.4.27-1
2022-05-31 15:42:17 configure libgcc-s1:amd64 12-20220319-1ubuntu1 <none>
2022-05-31 15:42:17 status unpacked libgcc-s1:amd64 12-20220319-1ubuntu1
2022-05-31 15:42:17 status half-configured libgcc-s1:amd64 12-20220319-1ubuntu1
2022-05-31 15:42:17 status installed libgcc-s1:amd64 12-20220319-1ubuntu1
2022-05-31 15:42:17 configure libc6:amd64 2.35-0ubuntu3 <none>
2022-05-31 15:42:17 status unpacked libc6:amd64 2.35-0ubuntu3
2022-05-31 15:42:17 status half-configured libc6:amd64 2.35-0ubuntu3
2022-05-31 15:42:17 status installed libc6:amd64 2.35-0ubuntu3
2022-05-31 15:42:17 configure libudev1:amd64 249.11-0ubuntu3 <none>
2022-05-31 15:42:17 status unpacked libudev1:amd64 249.11-0ubuntu3
2022-05-31 15:42:17 status half-configured libudev1:amd64 249.11-0ubuntu3
2022-05-31 15:42:17 status installed libudev1:amd64 249.11-0ubuntu3
2022-05-31 15:42:17 configure libattr1:amd64 1:2.5.1-1build1 <none>
2022-05-31 15:42:17 status unpacked libattr1:amd64 1:2.5.1-1build1
2022-05-31 15:42:17 status half-configured libattr1:amd64 1:2.5.1-1build1
2022-05-31 15:42:17 status installed libattr1:amd64 1:2.5.1-1build1
2022-05-31 15:42:17 configure sysvinit-utils:amd64 3.01-1ubuntu1 <none>
2022-05-31 15:42:17 status unpacked sysvinit-utils:amd64 3.01-1ubuntu1
2022-05-31 15:42:17 status half-configured sysvinit-utils:amd64 3.01-1ubuntu1
2022-05-31 15:42:17 status installed sysvinit-utils:amd64 3.01-1ubuntu1
2022-05-31 15:42:17 configure debianutils:amd64 5.5-1ubuntu2 <none>
2022-05-31 15:42:17 status unpacked debianutils:amd64 5.5-1ubuntu2
2022-05-31 15:42:17 status half-configured debianutils:amd64 5.5-1ubuntu2
2022-05-31 15:42:17 status installed debianutils:amd64 5.5-1ubuntu2
2022-05-31 15:42:17 configure mawk:amd64 1.3.4.20200120-3 <none>
2022-05-31 15:42:17 status unpacked mawk:amd64 1.3.4.20200120-3
2022-05-31 15:42:17 status half-configured mawk:amd64 1.3.4.20200120-3
2022-05-31 15:42:17 status installed mawk:amd64 1.3.4.20200120-3
2022-05-31 15:42:17 configure libdebconfclient0:amd64 0.261ubuntu1 <none>
2022-05-31 15:42:17 status unpacked libdebconfclient0:amd64 0.261ubuntu1
2022-05-31 15:42:17 status half-configured libdebconfclient0:amd64 0.261ubuntu1
2022-05-31 15:42:17 status installed libdebconfclient0:amd64 0.261ubuntu1
2022-05-31 15:42:17 configure base-files:amd64 12ubuntu4 <none>
2022-05-31 15:42:17 status unpacked base-files:amd64 12ubuntu4
2022-05-31 15:42:17 status half-configured base-files:amd64 12ubuntu4
2022-05-31 15:42:18 status installed base-files:amd64 12ubuntu4
2022-05-31 15:42:18 configure libbz2-1.0:amd64 1.0.8-5build1 <none>
2022-05-31 15:42:18 status unpacked libbz2-1.0:amd64 1.0.8-5build1
2022-05-31 15:42:18 status half-configured libbz2-1.0:amd64 1.0.8-5build1
2022-05-31 15:42:18 status installed libbz2-1.0:amd64 1.0.8-5build1
2022-05-31 15:42:18 configure base-passwd:amd64 3.5.52build1 <none>
2022-05-31 15:42:18 status unpacked base-passwd:amd64 3.5.52build1
2022-05-31 15:42:18 status half-configured base-passwd:amd64 3.5.52build1
2022-05-31 15:42:18 status installed base-passwd:amd64 3.5.52build1
2022-05-31 15:42:18 configure libdb5.3:amd64 5.3.28+dfsg1-0.8ubuntu3 <none>
2022-05-31 15:42:18 status unpacked libdb5.3:amd64 5.3.28+dfsg1-0.8ubuntu3
2022-05-31 15:42:18 status half-configured libdb5.3:amd64 5.3.28+dfsg1-0.8ubuntu3
2022-05-31 15:42:18 status installed libdb5.3:amd64 5.3.28+dfsg1-0.8ubuntu3
2022-05-31 15:42:18 configure libblkid1:amd64 2.37.2-4ubuntu3 <none>
2022-05-31 15:42:18 status unpacked libblkid1:amd64 2.37.2-4ubuntu3
2022-05-31 15:42:18 status half-configured libblkid1:amd64 2.37.2-4ubuntu3
2022-05-31 15:42:18 status installed libblkid1:amd64 2.37.2-4ubuntu3
2022-05-31 15:42:18 configure libtinfo6:amd64 6.3-2 <none>
2022-05-31 15:42:18 status unpacked libtinfo6:amd64 6.3-2
2022-05-31 15:42:18 status half-configured libtinfo6:amd64 6.3-2
2022-05-31 15:42:18 status installed libtinfo6:amd64 6.3-2
2022-05-31 15:42:18 configure bash:amd64 5.1-6ubuntu1 <none>
2022-05-31 15:42:18 status unpacked bash:amd64 5.1-6ubuntu1
2022-05-31 15:42:18 status half-configured bash:amd64 5.1-6ubuntu1
2022-05-31 15:42:18 status installed bash:amd64 5.1-6ubuntu1
2022-05-31 15:42:18 configure libzstd1:amd64 1.4.8+dfsg-3build1 <none>
2022-05-31 15:42:18 status unpacked libzstd1:amd64 1.4.8+dfsg-3build1
2022-05-31 15:42:18 status half-configured libzstd1:amd64 1.4.8+dfsg-3build1
2022-05-31 15:42:18 status installed libzstd1:amd64 1.4.8+dfsg-3build1
2022-05-31 15:42:18 configure libkeyutils1:amd64 1.6.1-2ubuntu3 <none>
2022-05-31 15:42:18 status unpacked libkeyutils1:amd64 1.6.1-2ubuntu3
2022-05-31 15:42:18 status half-configured libkeyutils1:amd64 1.6.1-2ubuntu3
2022-05-31 15:42:18 status installed libkeyutils1:amd64 1.6.1-2ubuntu3
2022-05-31 15:42:18 configure liblzma5:amd64 5.2.5-2ubuntu1 <none>
2022-05-31 15:42:18 status unpacked liblzma5:amd64 5.2.5-2ubuntu1
2022-05-31 15:42:18 status half-configured liblzma5:amd64 5.2.5-2ubuntu1
2022-05-31 15:42:18 status installed liblzma5:amd64 5.2.5-2ubuntu1
2022-05-31 15:42:18 configure libgpg-error0:amd64 1.43-3 <none>
2022-05-31 15:42:18 status unpacked libgpg-error0:amd64 1.43-3
2022-05-31 15:42:18 status half-configured libgpg-error0:amd64 1.43-3
2022-05-31 15:42:18 status installed libgpg-error0:amd64 1.43-3
2022-05-31 15:42:18 configure liblz4-1:amd64 1.9.3-2build2 <none>
2022-05-31 15:42:18 status unpacked liblz4-1:amd64 1.9.3-2build2
2022-05-31 15:42:18 status half-configured liblz4-1:amd64 1.9.3-2build2
2022-05-31 15:42:18 status installed liblz4-1:amd64 1.9.3-2build2
2022-05-31 15:42:18 configure libc-bin:amd64 2.35-0ubuntu3 <none>
2022-05-31 15:42:18 status unpacked libc-bin:amd64 2.35-0ubuntu3
2022-05-31 15:42:18 status half-configured libc-bin:amd64 2.35-0ubuntu3
2022-05-31 15:42:18 status installed libc-bin:amd64 2.35-0ubuntu3
2022-05-31 15:42:18 configure ncurses-bin:amd64 6.3-2 <none>
2022-05-31 15:42:18 status unpacked ncurses-bin:amd64 6.3-2
2022-05-31 15:42:18 status half-configured ncurses-bin:amd64 6.3-2
2022-05-31 15:42:18 status installed ncurses-bin:amd64 6.3-2
2022-05-31 15:42:18 configure libacl1:amd64 2.3.1-1 <none>
2022-05-31 15:42:18 status triggers-pending libc-bin:amd64 2.35-0ubuntu3
2022-05-31 15:42:18 status unpacked libacl1:amd64 2.3.1-1
2022-05-31 15:42:18 status half-configured libacl1:amd64 2.3.1-1
2022-05-31 15:42:18 status installed libacl1:amd64 2.3.1-1
2022-05-31 15:42:18 configure libsmartcols1:amd64 2.37.2-4ubuntu3 <none>
2022-05-31 15:42:18 status unpacked libsmartcols1:amd64 2.37.2-4ubuntu3
2022-05-31 15:42:18 status half-configured libsmartcols1:amd64 2.37.2-4ubuntu3
2022-05-31 15:42:18 status installed libsmartcols1:amd64 2.37.2-4ubuntu3
2022-05-31 15:42:18 configure libgcrypt20:amd64 1.9.4-3ubuntu3 <none>
2022-05-31 15:42:18 status unpacked libgcrypt20:amd64 1.9.4-3ubuntu3
2022-05-31 15:42:18 status half-configured libgcrypt20:amd64 1.9.4-3ubuntu3
2022-05-31 15:42:18 status installed libgcrypt20:amd64 1.9.4-3ubuntu3
2022-05-31 15:42:18 configure zlib1g:amd64 1:1.2.11.dfsg-2ubuntu9 <none>
2022-05-31 15:42:18 status unpacked zlib1g:amd64 1:1.2.11.dfsg-2ubuntu9
2022-05-31 15:42:18 status half-configured zlib1g:amd64 1:1.2.11.dfsg-2ubuntu9
2022-05-31 15:42:18 status installed zlib1g:amd64 1:1.2.11.dfsg-2ubuntu9
2022-05-31 15:42:18 configure libcom-err2:amd64 1.46.5-2ubuntu1 <none>
2022-05-31 15:42:18 status unpacked libcom-err2:amd64 1.46.5-2ubuntu1
2022-05-31 15:42:18 status half-configured libcom-err2:amd64 1.46.5-2ubuntu1
2022-05-31 15:42:18 status installed libcom-err2:amd64 1.46.5-2ubuntu1
2022-05-31 15:42:18 configure diffutils:amd64 1:3.8-0ubuntu2 <none>
2022-05-31 15:42:18 status unpacked diffutils:amd64 1:3.8-0ubuntu2
2022-05-31 15:42:18 status half-configured diffutils:amd64 1:3.8-0ubuntu2
2022-05-31 15:42:18 status installed diffutils:amd64 1:3.8-0ubuntu2
2022-05-31 15:42:18 configure libcap2:amd64 1:2.44-1build3 <none>
2022-05-31 15:42:18 status unpacked libcap2:amd64 1:2.44-1build3
2022-05-31 15:42:18 status half-configured libcap2:amd64 1:2.44-1build3
2022-05-31 15:42:18 status installed libcap2:amd64 1:2.44-1build3
2022-05-31 15:42:18 configure libkrb5support0:amd64 1.19.2-2 <none>
2022-05-31 15:42:18 status unpacked libkrb5support0:amd64 1.19.2-2
2022-05-31 15:42:18 status half-configured libkrb5support0:amd64 1.19.2-2
2022-05-31 15:42:18 status installed libkrb5support0:amd64 1.19.2-2
2022-05-31 15:42:18 configure hostname:amd64 3.23ubuntu2 <none>
2022-05-31 15:42:18 status unpacked hostname:amd64 3.23ubuntu2
2022-05-31 15:42:18 status half-configured hostname:amd64 3.23ubuntu2
2022-05-31 15:42:18 status installed hostname:amd64 3.23ubuntu2
2022-05-31 15:42:18 configure libpcre3:amd64 2:8.39-13build5 <none>
2022-05-31 15:42:18 status unpacked libpcre3:amd64 2:8.39-13build5
2022-05-31 15:42:18 status half-configured libpcre3:amd64 2:8.39-13build5
2022-05-31 15:42:18 status installed libpcre3:amd64 2:8.39-13build5
2022-05-31 15:42:18 configure libcap-ng0:amd64 0.7.9-2.2build3 <none>
2022-05-31 15:42:18 status unpacked libcap-ng0:amd64 0.7.9-2.2build3
2022-05-31 15:42:18 status half-configured libcap-ng0:amd64 0.7.9-2.2build3
2022-05-31 15:42:18 status installed libcap-ng0:amd64 0.7.9-2.2build3
2022-05-31 15:42:18 configure libext2fs2:amd64 1.46.5-2ubuntu1 <none>
2022-05-31 15:42:18 status unpacked libext2fs2:amd64 1.46.5-2ubuntu1
2022-05-31 15:42:18 status half-configured libext2fs2:amd64 1.46.5-2ubuntu1
2022-05-31 15:42:18 status installed libext2fs2:amd64 1.46.5-2ubuntu1
2022-05-31 15:42:18 configure libgmp10:amd64 2:6.2.1+dfsg-3ubuntu1 <none>
2022-05-31 15:42:18 status unpacked libgmp10:amd64 2:6.2.1+dfsg-3ubuntu1
2022-05-31 15:42:18 status half-configured libgmp10:amd64 2:6.2.1+dfsg-3ubuntu1
2022-05-31 15:42:18 status installed libgmp10:amd64 2:6.2.1+dfsg-3ubuntu1
2022-05-31 15:42:18 configure libncurses6:amd64 6.3-2 <none>
2022-05-31 15:42:18 status unpacked libncurses6:amd64 6.3-2
2022-05-31 15:42:18 status half-configured libncurses6:amd64 6.3-2
2022-05-31 15:42:18 status installed libncurses6:amd64 6.3-2
2022-05-31 15:42:18 configure libaudit1:amd64 1:3.0.7-1build1 <none>
2022-05-31 15:42:18 status unpacked libaudit1:amd64 1:3.0.7-1build1
2022-05-31 15:42:18 status half-configured libaudit1:amd64 1:3.0.7-1build1
2022-05-31 15:42:18 status installed libaudit1:amd64 1:3.0.7-1build1
2022-05-31 15:42:18 configure libuuid1:amd64 2.37.2-4ubuntu3 <none>
2022-05-31 15:42:18 status unpacked libuuid1:amd64 2.37.2-4ubuntu3
2022-05-31 15:42:18 status half-configured libuuid1:amd64 2.37.2-4ubuntu3
2022-05-31 15:42:18 status installed libuuid1:amd64 2.37.2-4ubuntu3
2022-05-31 15:42:18 configure libss2:amd64 1.46.5-2ubuntu1 <none>
2022-05-31 15:42:18 status unpacked libss2:amd64 1.46.5-2ubuntu1
2022-05-31 15:42:18 status half-configured libss2:amd64 1.46.5-2ubuntu1
2022-05-31 15:42:18 status installed libss2:amd64 1.46.5-2ubuntu1
2022-05-31 15:42:18 configure libsepol2:amd64 3.3-1build1 <none>
2022-05-31 15:42:18 status unpacked libsepol2:amd64 3.3-1build1
2022-05-31 15:42:18 status half-configured libsepol2:amd64 3.3-1build1
2022-05-31 15:42:18 status installed libsepol2:amd64 3.3-1build1
2022-05-31 15:42:18 configure libpcre2-8-0:amd64 10.39-3build1 <none>
2022-05-31 15:42:18 status unpacked libpcre2-8-0:amd64 10.39-3build1
2022-05-31 15:42:18 status half-configured libpcre2-8-0:amd64 10.39-3build1
2022-05-31 15:42:18 status installed libpcre2-8-0:amd64 10.39-3build1
2022-05-31 15:42:18 configure libncursesw6:amd64 6.3-2 <none>
2022-05-31 15:42:18 status unpacked libncursesw6:amd64 6.3-2
2022-05-31 15:42:18 status half-configured libncursesw6:amd64 6.3-2
2022-05-31 15:42:18 status installed libncursesw6:amd64 6.3-2
2022-05-31 15:42:18 configure libk5crypto3:amd64 1.19.2-2 <none>
2022-05-31 15:42:18 status unpacked libk5crypto3:amd64 1.19.2-2
2022-05-31 15:42:18 status half-configured libk5crypto3:amd64 1.19.2-2
2022-05-31 15:42:18 status installed libk5crypto3:amd64 1.19.2-2
2022-05-31 15:42:18 configure logsave:amd64 1.46.5-2ubuntu1 <none>
2022-05-31 15:42:18 status unpacked logsave:amd64 1.46.5-2ubuntu1
2022-05-31 15:42:18 status half-configured logsave:amd64 1.46.5-2ubuntu1
2022-05-31 15:42:18 status installed logsave:amd64 1.46.5-2ubuntu1
2022-05-31 15:42:18 configure e2fsprogs:amd64 1.46.5-2ubuntu1 <none>
2022-05-31 15:42:18 status unpacked e2fsprogs:amd64 1.46.5-2ubuntu1
2022-05-31 15:42:18 status half-configured e2fsprogs:amd64 1.46.5-2ubuntu1
2022-05-31 15:42:18 status installed e2fsprogs:amd64 1.46.5-2ubuntu1
2022-05-31 15:42:18 configure libsystemd0:amd64 249.11-0ubuntu3 <none>
2022-05-31 15:42:18 status unpacked libsystemd0:amd64 249.11-0ubuntu3
2022-05-31 15:42:18 status half-configured libsystemd0:amd64 249.11-0ubuntu3
2022-05-31 15:42:18 status installed libsystemd0:amd64 249.11-0ubuntu3
2022-05-31 15:42:18 configure libselinux1:amd64 3.3-1build2 <none>
2022-05-31 15:42:18 status unpacked libselinux1:amd64 3.3-1build2
2022-05-31 15:42:18 status half-configured libselinux1:amd64 3.3-1build2
2022-05-31 15:42:18 status installed libselinux1:amd64 3.3-1build2
2022-05-31 15:42:18 configure sed:amd64 4.8-1ubuntu2 <none>
2022-05-31 15:42:18 status unpacked sed:amd64 4.8-1ubuntu2
2022-05-31 15:42:18 status half-configured sed:amd64 4.8-1ubuntu2
2022-05-31 15:42:18 status installed sed:amd64 4.8-1ubuntu2
2022-05-31 15:42:18 configure findutils:amd64 4.8.0-1ubuntu3 <none>
2022-05-31 15:42:18 status unpacked findutils:amd64 4.8.0-1ubuntu3
2022-05-31 15:42:18 status half-configured findutils:amd64 4.8.0-1ubuntu3
2022-05-31 15:42:18 status installed findutils:amd64 4.8.0-1ubuntu3
2022-05-31 15:42:18 configure libmount1:amd64 2.37.2-4ubuntu3 <none>
2022-05-31 15:42:18 status unpacked libmount1:amd64 2.37.2-4ubuntu3
2022-05-31 15:42:18 status half-configured libmount1:amd64 2.37.2-4ubuntu3
2022-05-31 15:42:18 status installed libmount1:amd64 2.37.2-4ubuntu3
2022-05-31 15:42:18 configure libsemanage2:amd64 3.3-1build2 <none>
2022-05-31 15:42:18 status unpacked libsemanage2:amd64 3.3-1build2
2022-05-31 15:42:18 status half-configured libsemanage2:amd64 3.3-1build2
2022-05-31 15:42:18 status installed libsemanage2:amd64 3.3-1build2
2022-05-31 15:42:18 configure libprocps8:amd64 2:3.3.17-6ubuntu2 <none>
2022-05-31 15:42:18 status unpacked libprocps8:amd64 2:3.3.17-6ubuntu2
2022-05-31 15:42:18 status half-configured libprocps8:amd64 2:3.3.17-6ubuntu2
2022-05-31 15:42:18 status installed libprocps8:amd64 2:3.3.17-6ubuntu2
2022-05-31 15:42:18 configure bsdutils:amd64 1:2.37.2-4ubuntu3 <none>
2022-05-31 15:42:18 status unpacked bsdutils:amd64 1:2.37.2-4ubuntu3
2022-05-31 15:42:18 status half-configured bsdutils:amd64 1:2.37.2-4ubuntu3
2022-05-31 15:42:18 status installed bsdutils:amd64 1:2.37.2-4ubuntu3
2022-05-31 15:42:18 configure tar:amd64 1.34+dfsg-1build3 <none>
2022-05-31 15:42:18 status unpacked tar:amd64 1.34+dfsg-1build3
2022-05-31 15:42:18 status half-configured tar:amd64 1.34+dfsg-1build3
2022-05-31 15:42:18 status installed tar:amd64 1.34+dfsg-1build3
2022-05-31 15:42:18 configure coreutils:amd64 8.32-4.1ubuntu1 <none>
2022-05-31 15:42:18 status unpacked coreutils:amd64 8.32-4.1ubuntu1
2022-05-31 15:42:18 status half-configured coreutils:amd64 8.32-4.1ubuntu1
2022-05-31 15:42:18 status installed coreutils:amd64 8.32-4.1ubuntu1
2022-05-31 15:42:18 configure dpkg:amd64 1.21.1ubuntu2 <none>
2022-05-31 15:42:18 status unpacked dpkg:amd64 1.21.1ubuntu2
2022-05-31 15:42:18 status half-configured dpkg:amd64 1.21.1ubuntu2
2022-05-31 15:42:18 status installed dpkg:amd64 1.21.1ubuntu2
2022-05-31 15:42:18 configure mount:amd64 2.37.2-4ubuntu3 <none>
2022-05-31 15:42:18 status unpacked mount:amd64 2.37.2-4ubuntu3
2022-05-31 15:42:18 status half-configured mount:amd64 2.37.2-4ubuntu3
2022-05-31 15:42:18 status installed mount:amd64 2.37.2-4ubuntu3
2022-05-31 15:42:18 configure grep:amd64 3.7-1build1 <none>
2022-05-31 15:42:18 status unpacked grep:amd64 3.7-1build1
2022-05-31 15:42:18 status half-configured grep:amd64 3.7-1build1
2022-05-31 15:42:18 status installed grep:amd64 3.7-1build1
2022-05-31 15:42:18 configure perl-base:amd64 5.34.0-3ubuntu1 <none>
2022-05-31 15:42:18 status unpacked perl-base:amd64 5.34.0-3ubuntu1
2022-05-31 15:42:18 status half-configured perl-base:amd64 5.34.0-3ubuntu1
2022-05-31 15:42:18 status installed perl-base:amd64 5.34.0-3ubuntu1
2022-05-31 15:42:18 configure init-system-helpers:all 1.62 <none>
2022-05-31 15:42:18 status unpacked init-system-helpers:all 1.62
2022-05-31 15:42:18 status half-configured init-system-helpers:all 1.62
2022-05-31 15:42:18 status installed init-system-helpers:all 1.62
2022-05-31 15:42:18 configure gzip:amd64 1.10-4ubuntu4 <none>
2022-05-31 15:42:18 status unpacked gzip:amd64 1.10-4ubuntu4
2022-05-31 15:42:18 status half-configured gzip:amd64 1.10-4ubuntu4
2022-05-31 15:42:18 status installed gzip:amd64 1.10-4ubuntu4
2022-05-31 15:42:18 configure usrmerge:all 25ubuntu2 <none>
2022-05-31 15:42:18 status unpacked usrmerge:all 25ubuntu2
2022-05-31 15:42:18 status half-configured usrmerge:all 25ubuntu2
2022-05-31 15:42:18 status installed usrmerge:all 25ubuntu2
2022-05-31 15:42:18 configure procps:amd64 2:3.3.17-6ubuntu2 <none>
2022-05-31 15:42:18 status unpacked procps:amd64 2:3.3.17-6ubuntu2
2022-05-31 15:42:18 status half-configured procps:amd64 2:3.3.17-6ubuntu2
2022-05-31 15:42:19 status installed procps:amd64 2:3.3.17-6ubuntu2
2022-05-31 15:42:19 configure debconf:all 1.5.79ubuntu1 <none>
2022-05-31 15:42:19 status unpacked debconf:all 1.5.79ubuntu1
2022-05-31 15:42:19 status half-configured debconf:all 1.5.79ubuntu1
2022-05-31 15:42:19 status installed debconf:all 1.5.79ubuntu1
2022-05-31 15:42:19 configure libpam0g:amd64 1.4.0-11ubuntu2 <none>
2022-05-31 15:42:19 status unpacked libpam0g:amd64 1.4.0-11ubuntu2
2022-05-31 15:42:19 status half-configured libpam0g:amd64 1.4.0-11ubuntu2
2022-05-31 15:42:19 status installed libpam0g:amd64 1.4.0-11ubuntu2
2022-05-31 15:42:19 configure util-linux:amd64 2.37.2-4ubuntu3 <none>
2022-05-31 15:42:19 status unpacked util-linux:amd64 2.37.2-4ubuntu3
2022-05-31 15:42:19 status half-configured util-linux:amd64 2.37.2-4ubuntu3
2022-05-31 15:42:19 status installed util-linux:amd64 2.37.2-4ubuntu3
2022-05-31 15:42:19 configure dash:amd64 0.5.11+git20210903+057cd650a4ed-3build1 <none>
2022-05-31 15:42:19 status unpacked dash:amd64 0.5.11+git20210903+057cd650a4ed-3build1
2022-05-31 15:42:19 status half-configured dash:amd64 0.5.11+git20210903+057cd650a4ed-3build1
2022-05-31 15:42:19 status installed dash:amd64 0.5.11+git20210903+057cd650a4ed-3build1
2022-05-31 15:42:19 configure libpam-modules-bin:amd64 1.4.0-11ubuntu2 <none>
2022-05-31 15:42:19 status unpacked libpam-modules-bin:amd64 1.4.0-11ubuntu2
2022-05-31 15:42:19 status half-configured libpam-modules-bin:amd64 1.4.0-11ubuntu2
2022-05-31 15:42:19 status installed libpam-modules-bin:amd64 1.4.0-11ubuntu2
2022-05-31 15:42:19 configure libssl3:amd64 3.0.2-0ubuntu1 <none>
2022-05-31 15:42:19 status unpacked libssl3:amd64 3.0.2-0ubuntu1
2022-05-31 15:42:19 status half-configured libssl3:amd64 3.0.2-0ubuntu1
2022-05-31 15:42:19 status installed libssl3:amd64 3.0.2-0ubuntu1
2022-05-31 15:42:19 configure libkrb5-3:amd64 1.19.2-2 <none>
2022-05-31 15:42:19 status unpacked libkrb5-3:amd64 1.19.2-2
2022-05-31 15:42:19 status half-configured libkrb5-3:amd64 1.19.2-2
2022-05-31 15:42:19 status installed libkrb5-3:amd64 1.19.2-2
2022-05-31 15:42:19 configure libgssapi-krb5-2:amd64 1.19.2-2 <none>
2022-05-31 15:42:19 status unpacked libgssapi-krb5-2:amd64 1.19.2-2
2022-05-31 15:42:19 status half-configured libgssapi-krb5-2:amd64 1.19.2-2
2022-05-31 15:42:19 status installed libgssapi-krb5-2:amd64 1.19.2-2
2022-05-31 15:42:19 configure libtirpc3:amd64 1.3.2-2build1 <none>
2022-05-31 15:42:19 status unpacked libtirpc3:amd64 1.3.2-2build1
2022-05-31 15:42:19 status half-configured libtirpc3:amd64 1.3.2-2build1
2022-05-31 15:42:19 status installed libtirpc3:amd64 1.3.2-2build1
2022-05-31 15:42:19 configure libnsl2:amd64 1.3.0-2build2 <none>
2022-05-31 15:42:19 status unpacked libnsl2:amd64 1.3.0-2build2
2022-05-31 15:42:19 status half-configured libnsl2:amd64 1.3.0-2build2
2022-05-31 15:42:19 status installed libnsl2:amd64 1.3.0-2build2
2022-05-31 15:42:19 configure libpam-modules:amd64 1.4.0-11ubuntu2 <none>
2022-05-31 15:42:19 status unpacked libpam-modules:amd64 1.4.0-11ubuntu2
2022-05-31 15:42:19 status half-configured libpam-modules:amd64 1.4.0-11ubuntu2
2022-05-31 15:42:19 status installed libpam-modules:amd64 1.4.0-11ubuntu2
2022-05-31 15:42:19 configure passwd:amd64 1:4.8.1-2ubuntu2 <none>
2022-05-31 15:42:19 status unpacked passwd:amd64 1:4.8.1-2ubuntu2
2022-05-31 15:42:19 status half-configured passwd:amd64 1:4.8.1-2ubuntu2
2022-05-31 15:42:19 status installed passwd:amd64 1:4.8.1-2ubuntu2
2022-05-31 15:42:19 configure libpam-runtime:all 1.4.0-11ubuntu2 <none>
2022-05-31 15:42:19 status unpacked libpam-runtime:all 1.4.0-11ubuntu2
2022-05-31 15:42:19 status half-configured libpam-runtime:all 1.4.0-11ubuntu2
2022-05-31 15:42:19 status installed libpam-runtime:all 1.4.0-11ubuntu2
2022-05-31 15:42:19 configure login:amd64 1:4.8.1-2ubuntu2 <none>
2022-05-31 15:42:19 status unpacked login:amd64 1:4.8.1-2ubuntu2
2022-05-31 15:42:19 status half-configured login:amd64 1:4.8.1-2ubuntu2
2022-05-31 15:42:19 status installed login:amd64 1:4.8.1-2ubuntu2
2022-05-31 15:42:19 trigproc libc-bin:amd64 2.35-0ubuntu3 <none>
2022-05-31 15:42:19 status half-configured libc-bin:amd64 2.35-0ubuntu3
2022-05-31 15:42:19 status installed libc-bin:amd64 2.35-0ubuntu3
2022-05-31 15:42:19 startup archives unpack
2022-05-31 15:42:19 install adduser:all <none> 3.118ubuntu5
2022-05-31 15:42:19 status half-installed adduser:all 3.118ubuntu5
2022-05-31 15:42:19 status unpacked adduser:all 3.118ubuntu5
2022-05-31 15:42:19 install apt:amd64 <none> 2.4.5
2022-05-31 15:42:19 status triggers-pending libc-bin:amd64 2.35-0ubuntu3
2022-05-31 15:42:19 status half-installed apt:amd64 2.4.5
2022-05-31 15:42:19 status unpacked apt:amd64 2.4.5
2022-05-31 15:42:19 install gpgv:amd64 <none> 2.2.27-3ubuntu2
2022-05-31 15:42:19 status half-installed gpgv:amd64 2.2.27-3ubuntu2
2022-05-31 15:42:19 status unpacked gpgv:amd64 2.2.27-3ubuntu2
2022-05-31 15:42:19 install libapt-pkg6.0:amd64 <none> 2.4.5
2022-05-31 15:42:19 status half-installed libapt-pkg6.0:amd64 2.4.5
2022-05-31 15:42:20 status unpacked libapt-pkg6.0:amd64 2.4.5
2022-05-31 15:42:20 install libffi8:amd64 <none> 3.4.2-4
2022-05-31 15:42:20 status half-installed libffi8:amd64 3.4.2-4
2022-05-31 15:42:20 status unpacked libffi8:amd64 3.4.2-4
2022-05-31 15:42:20 install libgnutls30:amd64 <none> 3.7.3-4ubuntu1
2022-05-31 15:42:20 status half-installed libgnutls30:amd64 3.7.3-4ubuntu1
2022-05-31 15:42:20 status unpacked libgnutls30:amd64 3.7.3-4ubuntu1
2022-05-31 15:42:20 install libhogweed6:amd64 <none> 3.7.3-1build2
2022-05-31 15:42:20 status half-installed libhogweed6:amd64 3.7.3-1build2
2022-05-31 15:42:20 status unpacked libhogweed6:amd64 3.7.3-1build2
2022-05-31 15:42:20 install libidn2-0:amd64 <none> 2.3.2-2build1
2022-05-31 15:42:20 status half-installed libidn2-0:amd64 2.3.2-2build1
2022-05-31 15:42:20 status unpacked libidn2-0:amd64 2.3.2-2build1
2022-05-31 15:42:20 install libnettle8:amd64 <none> 3.7.3-1build2
2022-05-31 15:42:20 status half-installed libnettle8:amd64 3.7.3-1build2
2022-05-31 15:42:20 status unpacked libnettle8:amd64 3.7.3-1build2
2022-05-31 15:42:20 install libp11-kit0:amd64 <none> 0.24.0-6build1
2022-05-31 15:42:20 status half-installed libp11-kit0:amd64 0.24.0-6build1
2022-05-31 15:42:20 status unpacked libp11-kit0:amd64 0.24.0-6build1
2022-05-31 15:42:20 install libseccomp2:amd64 <none> 2.5.3-2ubuntu2
2022-05-31 15:42:20 status half-installed libseccomp2:amd64 2.5.3-2ubuntu2
2022-05-31 15:42:20 status unpacked libseccomp2:amd64 2.5.3-2ubuntu2
2022-05-31 15:42:20 install libstdc++6:amd64 <none> 12-20220319-1ubuntu1
2022-05-31 15:42:20 status half-installed libstdc++6:amd64 12-20220319-1ubuntu1
2022-05-31 15:42:20 status unpacked libstdc++6:amd64 12-20220319-1ubuntu1
2022-05-31 15:42:20 install libtasn1-6:amd64 <none> 4.18.0-4build1
2022-05-31 15:42:20 status half-installed libtasn1-6:amd64 4.18.0-4build1
2022-05-31 15:42:20 status unpacked libtasn1-6:amd64 4.18.0-4build1
2022-05-31 15:42:20 install libunistring2:amd64 <none> 1.0-1
2022-05-31 15:42:20 status half-installed libunistring2:amd64 1.0-1
2022-05-31 15:42:20 status unpacked libunistring2:amd64 1.0-1
2022-05-31 15:42:20 install libxxhash0:amd64 <none> 0.8.1-1
2022-05-31 15:42:20 status half-installed libxxhash0:amd64 0.8.1-1
2022-05-31 15:42:20 status unpacked libxxhash0:amd64 0.8.1-1
2022-05-31 15:42:20 install ubuntu-keyring:all <none> 2021.03.26
2022-05-31 15:42:20 status half-installed ubuntu-keyring:all 2021.03.26
2022-05-31 15:42:20 status unpacked ubuntu-keyring:all 2021.03.26
2022-05-31 15:42:20 trigproc libc-bin:amd64 2.35-0ubuntu3 <none>
2022-05-31 15:42:20 status half-configured libc-bin:amd64 2.35-0ubuntu3
2022-05-31 15:42:20 status installed libc-bin:amd64 2.35-0ubuntu3
2022-05-31 15:42:20 startup packages configure
2022-05-31 15:42:20 configure adduser:all 3.118ubuntu5 <none>
2022-05-31 15:42:20 status unpacked adduser:all 3.118ubuntu5
2022-05-31 15:42:20 status half-configured adduser:all 3.118ubuntu5
2022-05-31 15:42:20 status installed adduser:all 3.118ubuntu5
2022-05-31 15:42:20 configure libunistring2:amd64 1.0-1 <none>
2022-05-31 15:42:20 status triggers-pending libc-bin:amd64 2.35-0ubuntu3
2022-05-31 15:42:20 status unpacked libunistring2:amd64 1.0-1
2022-05-31 15:42:20 status half-configured libunistring2:amd64 1.0-1
2022-05-31 15:42:20 status installed libunistring2:amd64 1.0-1
2022-05-31 15:42:20 configure libidn2-0:amd64 2.3.2-2build1 <none>
2022-05-31 15:42:20 status unpacked libidn2-0:amd64 2.3.2-2build1
2022-05-31 15:42:20 status half-configured libidn2-0:amd64 2.3.2-2build1
2022-05-31 15:42:20 status installed libidn2-0:amd64 2.3.2-2build1
2022-05-31 15:42:20 configure ubuntu-keyring:all 2021.03.26 <none>
2022-05-31 15:42:20 status unpacked ubuntu-keyring:all 2021.03.26
2022-05-31 15:42:20 status half-configured ubuntu-keyring:all 2021.03.26
2022-05-31 15:42:20 status installed ubuntu-keyring:all 2021.03.26
2022-05-31 15:42:20 configure libseccomp2:amd64 2.5.3-2ubuntu2 <none>
2022-05-31 15:42:20 status unpacked libseccomp2:amd64 2.5.3-2ubuntu2
2022-05-31 15:42:20 status half-configured libseccomp2:amd64 2.5.3-2ubuntu2
2022-05-31 15:42:20 status installed libseccomp2:amd64 2.5.3-2ubuntu2
2022-05-31 15:42:20 configure libnettle8:amd64 3.7.3-1build2 <none>
2022-05-31 15:42:20 status unpacked libnettle8:amd64 3.7.3-1build2
2022-05-31 15:42:20 status half-configured libnettle8:amd64 3.7.3-1build2
2022-05-31 15:42:20 status installed libnettle8:amd64 3.7.3-1build2
2022-05-31 15:42:20 configure libffi8:amd64 3.4.2-4 <none>
2022-05-31 15:42:20 status unpacked libffi8:amd64 3.4.2-4
2022-05-31 15:42:20 status half-configured libffi8:amd64 3.4.2-4
2022-05-31 15:42:20 status installed libffi8:amd64 3.4.2-4
2022-05-31 15:42:20 configure gpgv:amd64 2.2.27-3ubuntu2 <none>
2022-05-31 15:42:20 status unpacked gpgv:amd64 2.2.27-3ubuntu2
2022-05-31 15:42:20 status half-configured gpgv:amd64 2.2.27-3ubuntu2
2022-05-31 15:42:20 status installed gpgv:amd64 2.2.27-3ubuntu2
2022-05-31 15:42:20 configure libxxhash0:amd64 0.8.1-1 <none>
2022-05-31 15:42:20 status unpacked libxxhash0:amd64 0.8.1-1
2022-05-31 15:42:20 status half-configured libxxhash0:amd64 0.8.1-1
2022-05-31 15:42:20 status installed libxxhash0:amd64 0.8.1-1
2022-05-31 15:42:20 configure libtasn1-6:amd64 4.18.0-4build1 <none>
2022-05-31 15:42:20 status unpacked libtasn1-6:amd64 4.18.0-4build1
2022-05-31 15:42:20 status half-configured libtasn1-6:amd64 4.18.0-4build1
2022-05-31 15:42:20 status installed libtasn1-6:amd64 4.18.0-4build1
2022-05-31 15:42:20 configure libstdc++6:amd64 12-20220319-1ubuntu1 <none>
2022-05-31 15:42:20 status unpacked libstdc++6:amd64 12-20220319-1ubuntu1
2022-05-31 15:42:20 status half-configured libstdc++6:amd64 12-20220319-1ubuntu1
2022-05-31 15:42:20 status installed libstdc++6:amd64 12-20220319-1ubuntu1
2022-05-31 15:42:20 configure libhogweed6:amd64 3.7.3-1build2 <none>
2022-05-31 15:42:20 status unpacked libhogweed6:amd64 3.7.3-1build2
2022-05-31 15:42:20 status half-configured libhogweed6:amd64 3.7.3-1build2
2022-05-31 15:42:20 status installed libhogweed6:amd64 3.7.3-1build2
2022-05-31 15:42:20 configure libapt-pkg6.0:amd64 2.4.5 <none>
2022-05-31 15:42:20 status unpacked libapt-pkg6.0:amd64 2.4.5
2022-05-31 15:42:20 status half-configured libapt-pkg6.0:amd64 2.4.5
2022-05-31 15:42:20 status installed libapt-pkg6.0:amd64 2.4.5
2022-05-31 15:42:20 configure libp11-kit0:amd64 0.24.0-6build1 <none>
2022-05-31 15:42:20 status unpacked libp11-kit0:amd64 0.24.0-6build1
2022-05-31 15:42:20 status half-configured libp11-kit0:amd64 0.24.0-6build1
2022-05-31 15:42:20 status installed libp11-kit0:amd64 0.24.0-6build1
2022-05-31 15:42:20 configure libgnutls30:amd64 3.7.3-4ubuntu1 <none>
2022-05-31 15:42:20 status unpacked libgnutls30:amd64 3.7.3-4ubuntu1
2022-05-31 15:42:20 status half-configured libgnutls30:amd64 3.7.3-4ubuntu1
2022-05-31 15:42:20 status installed libgnutls30:amd64 3.7.3-4ubuntu1
2022-05-31 15:42:20 configure apt:amd64 2.4.5 <none>
2022-05-31 15:42:20 status unpacked apt:amd64 2.4.5
2022-05-31 15:42:20 status half-configured apt:amd64 2.4.5
2022-05-31 15:42:21 status installed apt:amd64 2.4.5
2022-05-31 15:42:21 trigproc libc-bin:amd64 2.35-0ubuntu3 <none>
2022-05-31 15:42:21 status half-configured libc-bin:amd64 2.35-0ubuntu3
2022-05-31 15:42:21 status installed libc-bin:amd64 2.35-0ubuntu3
2022-05-31 15:42:23 startup archives unpack
2022-05-31 15:42:23 upgrade adduser:all 3.118ubuntu5 3.118ubuntu5
2022-05-31 15:42:23 status half-configured adduser:all 3.118ubuntu5
2022-05-31 15:42:23 status unpacked adduser:all 3.118ubuntu5
2022-05-31 15:42:23 status half-installed adduser:all 3.118ubuntu5
2022-05-31 15:42:23 status unpacked adduser:all 3.118ubuntu5
2022-05-31 15:42:23 startup packages configure
2022-05-31 15:42:23 configure adduser:all 3.118ubuntu5 <none>
2022-05-31 15:42:23 status unpacked adduser:all 3.118ubuntu5
2022-05-31 15:42:23 status half-configured adduser:all 3.118ubuntu5
2022-05-31 15:42:23 status installed adduser:all 3.118ubuntu5
2022-05-31 15:42:23 startup packages configure
2022-05-31 15:42:25 startup archives unpack
2022-05-31 15:42:25 upgrade apt:amd64 2.4.5 2.4.5
2022-05-31 15:42:25 status triggers-pending libc-bin:amd64 2.35-0ubuntu3
2022-05-31 15:42:25 status half-configured apt:amd64 2.4.5
2022-05-31 15:42:25 status unpacked apt:amd64 2.4.5
2022-05-31 15:42:25 status half-installed apt:amd64 2.4.5
2022-05-31 15:42:25 status unpacked apt:amd64 2.4.5
2022-05-31 15:42:25 startup packages configure
2022-05-31 15:42:25 configure apt:amd64 2.4.5 <none>
2022-05-31 15:42:25 status unpacked apt:amd64 2.4.5
2022-05-31 15:42:25 status half-configured apt:amd64 2.4.5
2022-05-31 15:42:25 status installed apt:amd64 2.4.5
2022-05-31 15:42:26 startup packages configure
2022-05-31 15:42:26 trigproc libc-bin:amd64 2.35-0ubuntu3 <none>
2022-05-31 15:42:26 status half-configured libc-bin:amd64 2.35-0ubuntu3
2022-05-31 15:42:26 status installed libc-bin:amd64 2.35-0ubuntu3
2022-05-31 15:42:27 startup archives unpack
2022-05-31 15:42:27 upgrade base-files:amd64 12ubuntu4 12ubuntu4
2022-05-31 15:42:27 status half-configured base-files:amd64 12ubuntu4
2022-05-31 15:42:27 status unpacked base-files:amd64 12ubuntu4
2022-05-31 15:42:27 status half-installed base-files:amd64 12ubuntu4
2022-05-31 15:42:27 status unpacked base-files:amd64 12ubuntu4
2022-05-31 15:42:27 startup packages configure
2022-05-31 15:42:27 configure base-files:amd64 12ubuntu4 <none>
2022-05-31 15:42:27 status unpacked base-files:amd64 12ubuntu4
2022-05-31 15:42:27 status half-configured base-files:amd64 12ubuntu4
2022-05-31 15:42:28 status installed base-files:amd64 12ubuntu4
2022-05-31 15:42:28 startup packages configure
2022-05-31 15:42:29 startup archives unpack
2022-05-31 15:42:29 upgrade base-passwd:amd64 3.5.52build1 3.5.52build1
2022-05-31 15:42:29 status half-configured base-passwd:amd64 3.5.52build1
2022-05-31 15:42:29 status unpacked base-passwd:amd64 3.5.52build1
2022-05-31 15:42:29 status half-installed base-passwd:amd64 3.5.52build1
2022-05-31 15:42:29 status unpacked base-passwd:amd64 3.5.52build1
2022-05-31 15:42:30 startup packages configure
2022-05-31 15:42:30 configure base-passwd:amd64 3.5.52build1 <none>
2022-05-31 15:42:30 status unpacked base-passwd:amd64 3.5.52build1
2022-05-31 15:42:30 status half-configured base-passwd:amd64 3.5.52build1
2022-05-31 15:42:30 status installed base-passwd:amd64 3.5.52build1
2022-05-31 15:42:30 startup packages configure
2022-05-31 15:42:31 startup archives unpack
2022-05-31 15:42:31 upgrade bash:amd64 5.1-6ubuntu1 5.1-6ubuntu1
2022-05-31 15:42:31 status half-configured bash:amd64 5.1-6ubuntu1
2022-05-31 15:42:31 status unpacked bash:amd64 5.1-6ubuntu1
2022-05-31 15:42:31 status half-installed bash:amd64 5.1-6ubuntu1
2022-05-31 15:42:31 status unpacked bash:amd64 5.1-6ubuntu1
2022-05-31 15:42:31 startup packages configure
2022-05-31 15:42:31 configure bash:amd64 5.1-6ubuntu1 <none>
2022-05-31 15:42:31 status unpacked bash:amd64 5.1-6ubuntu1
2022-05-31 15:42:31 status half-configured bash:amd64 5.1-6ubuntu1
2022-05-31 15:42:31 status installed bash:amd64 5.1-6ubuntu1
2022-05-31 15:42:32 startup packages configure
2022-05-31 15:42:33 startup archives unpack
2022-05-31 15:42:33 upgrade bsdutils:amd64 1:2.37.2-4ubuntu3 1:2.37.2-4ubuntu3
2022-05-31 15:42:33 status half-configured bsdutils:amd64 1:2.37.2-4ubuntu3
2022-05-31 15:42:33 status unpacked bsdutils:amd64 1:2.37.2-4ubuntu3
2022-05-31 15:42:33 status half-installed bsdutils:amd64 1:2.37.2-4ubuntu3
2022-05-31 15:42:33 status unpacked bsdutils:amd64 1:2.37.2-4ubuntu3
2022-05-31 15:42:33 startup packages configure
2022-05-31 15:42:33 configure bsdutils:amd64 1:2.37.2-4ubuntu3 <none>
2022-05-31 15:42:33 status unpacked bsdutils:amd64 1:2.37.2-4ubuntu3
2022-05-31 15:42:33 status half-configured bsdutils:amd64 1:2.37.2-4ubuntu3
2022-05-31 15:42:33 status installed bsdutils:amd64 1:2.37.2-4ubuntu3
2022-05-31 15:42:33 startup packages configure
2022-05-31 15:42:35 startup archives unpack
2022-05-31 15:42:35 upgrade coreutils:amd64 8.32-4.1ubuntu1 8.32-4.1ubuntu1
2022-05-31 15:42:35 status half-configured coreutils:amd64 8.32-4.1ubuntu1
2022-05-31 15:42:35 status unpacked coreutils:amd64 8.32-4.1ubuntu1
2022-05-31 15:42:35 status half-installed coreutils:amd64 8.32-4.1ubuntu1
2022-05-31 15:42:35 status unpacked coreutils:amd64 8.32-4.1ubuntu1
2022-05-31 15:42:35 startup packages configure
2022-05-31 15:42:35 configure coreutils:amd64 8.32-4.1ubuntu1 <none>
2022-05-31 15:42:35 status unpacked coreutils:amd64 8.32-4.1ubuntu1
2022-05-31 15:42:35 status half-configured coreutils:amd64 8.32-4.1ubuntu1
2022-05-31 15:42:35 status installed coreutils:amd64 8.32-4.1ubuntu1
2022-05-31 15:42:36 startup packages configure
2022-05-31 15:42:37 startup archives unpack
2022-05-31 15:42:37 upgrade dash:amd64 0.5.11+git20210903+057cd650a4ed-3build1 0.5.11+git20210903+057cd650a4ed-3build1
2022-05-31 15:42:37 status half-configured dash:amd64 0.5.11+git20210903+057cd650a4ed-3build1
2022-05-31 15:42:37 status unpacked dash:amd64 0.5.11+git20210903+057cd650a4ed-3build1
2022-05-31 15:42:37 status half-installed dash:amd64 0.5.11+git20210903+057cd650a4ed-3build1
2022-05-31 15:42:37 status unpacked dash:amd64 0.5.11+git20210903+057cd650a4ed-3build1
2022-05-31 15:42:37 startup packages configure
2022-05-31 15:42:37 configure dash:amd64 0.5.11+git20210903+057cd650a4ed-3build1 <none>
2022-05-31 15:42:37 status unpacked dash:amd64 0.5.11+git20210903+057cd650a4ed-3build1
2022-05-31 15:42:37 status half-configured dash:amd64 0.5.11+git20210903+057cd650a4ed-3build1
2022-05-31 15:42:37 status installed dash:amd64 0.5.11+git20210903+057cd650a4ed-3build1
2022-05-31 15:42:37 startup packages configure
2022-05-31 15:42:39 startup archives unpack
2022-05-31 15:42:39 upgrade debconf:all 1.5.79ubuntu1 1.5.79ubuntu1
2022-05-31 15:42:39 status half-configured debconf:all 1.5.79ubuntu1
2022-05-31 15:42:39 status unpacked debconf:all 1.5.79ubuntu1
2022-05-31 15:42:39 status half-installed debconf:all 1.5.79ubuntu1
2022-05-31 15:42:39 status unpacked debconf:all 1.5.79ubuntu1
2022-05-31 15:42:39 startup packages configure
2022-05-31 15:42:39 configure debconf:all 1.5.79ubuntu1 <none>
2022-05-31 15:42:39 status unpacked debconf:all 1.5.79ubuntu1
2022-05-31 15:42:39 status half-configured debconf:all 1.5.79ubuntu1
2022-05-31 15:42:39 status installed debconf:all 1.5.79ubuntu1
2022-05-31 15:42:39 startup packages configure
2022-05-31 15:42:41 startup archives unpack
2022-05-31 15:42:41 upgrade debianutils:amd64 5.5-1ubuntu2 5.5-1ubuntu2
2022-05-31 15:42:41 status half-configured debianutils:amd64 5.5-1ubuntu2
2022-05-31 15:42:41 status unpacked debianutils:amd64 5.5-1ubuntu2
2022-05-31 15:42:41 status half-installed debianutils:amd64 5.5-1ubuntu2
2022-05-31 15:42:41 status unpacked debianutils:amd64 5.5-1ubuntu2
2022-05-31 15:42:41 startup packages configure
2022-05-31 15:42:41 configure debianutils:amd64 5.5-1ubuntu2 <none>
2022-05-31 15:42:41 status unpacked debianutils:amd64 5.5-1ubuntu2
2022-05-31 15:42:41 status half-configured debianutils:amd64 5.5-1ubuntu2
2022-05-31 15:42:41 status installed debianutils:amd64 5.5-1ubuntu2
2022-05-31 15:42:41 startup packages configure
2022-05-31 15:42:43 startup archives unpack
2022-05-31 15:42:43 upgrade diffutils:amd64 1:3.8-0ubuntu2 1:3.8-0ubuntu2
2022-05-31 15:42:43 status half-configured diffutils:amd64 1:3.8-0ubuntu2
2022-05-31 15:42:43 status unpacked diffutils:amd64 1:3.8-0ubuntu2
2022-05-31 15:42:43 status half-installed diffutils:amd64 1:3.8-0ubuntu2
2022-05-31 15:42:43 status unpacked diffutils:amd64 1:3.8-0ubuntu2
2022-05-31 15:42:43 startup packages configure
2022-05-31 15:42:43 configure diffutils:amd64 1:3.8-0ubuntu2 <none>
2022-05-31 15:42:43 status unpacked diffutils:amd64 1:3.8-0ubuntu2
2022-05-31 15:42:43 status half-configured diffutils:amd64 1:3.8-0ubuntu2
2022-05-31 15:42:43 status installed diffutils:amd64 1:3.8-0ubuntu2
2022-05-31 15:42:43 startup packages configure
2022-05-31 15:42:44 startup archives unpack
2022-05-31 15:42:44 upgrade dpkg:amd64 1.21.1ubuntu2 1.21.1ubuntu2
2022-05-31 15:42:44 status half-configured dpkg:amd64 1.21.1ubuntu2
2022-05-31 15:42:44 status unpacked dpkg:amd64 1.21.1ubuntu2
2022-05-31 15:42:44 status half-installed dpkg:amd64 1.21.1ubuntu2
2022-05-31 15:42:44 status unpacked dpkg:amd64 1.21.1ubuntu2
2022-05-31 15:42:45 startup packages configure
2022-05-31 15:42:45 configure dpkg:amd64 1.21.1ubuntu2 <none>
2022-05-31 15:42:45 status unpacked dpkg:amd64 1.21.1ubuntu2
2022-05-31 15:42:45 status half-configured dpkg:amd64 1.21.1ubuntu2
2022-05-31 15:42:45 status installed dpkg:amd64 1.21.1ubuntu2
2022-05-31 15:42:45 startup packages configure
2022-05-31 15:42:46 startup archives unpack
2022-05-31 15:42:46 upgrade e2fsprogs:amd64 1.46.5-2ubuntu1 1.46.5-2ubuntu1
2022-05-31 15:42:46 status half-configured e2fsprogs:amd64 1.46.5-2ubuntu1
2022-05-31 15:42:46 status unpacked e2fsprogs:amd64 1.46.5-2ubuntu1
2022-05-31 15:42:46 status half-installed e2fsprogs:amd64 1.46.5-2ubuntu1
2022-05-31 15:42:46 status unpacked e2fsprogs:amd64 1.46.5-2ubuntu1
2022-05-31 15:42:46 startup packages configure
2022-05-31 15:42:46 configure e2fsprogs:amd64 1.46.5-2ubuntu1 <none>
2022-05-31 15:42:46 status unpacked e2fsprogs:amd64 1.46.5-2ubuntu1
2022-05-31 15:42:46 status half-configured e2fsprogs:amd64 1.46.5-2ubuntu1
2022-05-31 15:42:47 status installed e2fsprogs:amd64 1.46.5-2ubuntu1
2022-05-31 15:42:48 startup archives unpack
2022-05-31 15:42:48 upgrade findutils:amd64 4.8.0-1ubuntu3 4.8.0-1ubuntu3
2022-05-31 15:42:48 status half-configured findutils:amd64 4.8.0-1ubuntu3
2022-05-31 15:42:48 status unpacked findutils:amd64 4.8.0-1ubuntu3
2022-05-31 15:42:48 status half-installed findutils:amd64 4.8.0-1ubuntu3
2022-05-31 15:42:48 status unpacked findutils:amd64 4.8.0-1ubuntu3
2022-05-31 15:42:48 startup packages configure
2022-05-31 15:42:48 configure findutils:amd64 4.8.0-1ubuntu3 <none>
2022-05-31 15:42:48 status unpacked findutils:amd64 4.8.0-1ubuntu3
2022-05-31 15:42:48 status half-configured findutils:amd64 4.8.0-1ubuntu3
2022-05-31 15:42:48 status installed findutils:amd64 4.8.0-1ubuntu3
2022-05-31 15:42:48 startup packages configure
2022-05-31 15:42:50 startup archives unpack
2022-05-31 15:42:50 upgrade gcc-12-base:amd64 12-20220319-1ubuntu1 12-20220319-1ubuntu1
2022-05-31 15:42:50 status half-configured gcc-12-base:amd64 12-20220319-1ubuntu1
2022-05-31 15:42:50 status unpacked gcc-12-base:amd64 12-20220319-1ubuntu1
2022-05-31 15:42:50 status half-installed gcc-12-base:amd64 12-20220319-1ubuntu1
2022-05-31 15:42:50 status unpacked gcc-12-base:amd64 12-20220319-1ubuntu1
2022-05-31 15:42:50 startup packages configure
2022-05-31 15:42:50 configure gcc-12-base:amd64 12-20220319-1ubuntu1 <none>
2022-05-31 15:42:50 status unpacked gcc-12-base:amd64 12-20220319-1ubuntu1
2022-05-31 15:42:50 status half-configured gcc-12-base:amd64 12-20220319-1ubuntu1
2022-05-31 15:42:50 status installed gcc-12-base:amd64 12-20220319-1ubuntu1
2022-05-31 15:42:50 startup packages configure
2022-05-31 15:42:52 startup archives unpack
2022-05-31 15:42:52 upgrade gpgv:amd64 2.2.27-3ubuntu2 2.2.27-3ubuntu2
2022-05-31 15:42:52 status half-configured gpgv:amd64 2.2.27-3ubuntu2
2022-05-31 15:42:52 status unpacked gpgv:amd64 2.2.27-3ubuntu2
2022-05-31 15:42:52 status half-installed gpgv:amd64 2.2.27-3ubuntu2
2022-05-31 15:42:52 status unpacked gpgv:amd64 2.2.27-3ubuntu2
2022-05-31 15:42:52 startup packages configure
2022-05-31 15:42:52 configure gpgv:amd64 2.2.27-3ubuntu2 <none>
2022-05-31 15:42:52 status unpacked gpgv:amd64 2.2.27-3ubuntu2
2022-05-31 15:42:52 status half-configured gpgv:amd64 2.2.27-3ubuntu2
2022-05-31 15:42:52 status installed gpgv:amd64 2.2.27-3ubuntu2
2022-05-31 15:42:52 startup packages configure
2022-05-31 15:42:54 startup archives unpack
2022-05-31 15:42:54 upgrade grep:amd64 3.7-1build1 3.7-1build1
2022-05-31 15:42:54 status half-configured grep:amd64 3.7-1build1
2022-05-31 15:42:54 status unpacked grep:amd64 3.7-1build1
2022-05-31 15:42:54 status half-installed grep:amd64 3.7-1build1
2022-05-31 15:42:54 status unpacked grep:amd64 3.7-1build1
2022-05-31 15:42:54 startup packages configure
2022-05-31 15:42:54 configure grep:amd64 3.7-1build1 <none>
2022-05-31 15:42:54 status unpacked grep:amd64 3.7-1build1
2022-05-31 15:42:54 status half-configured grep:amd64 3.7-1build1
2022-05-31 15:42:54 status installed grep:amd64 3.7-1build1
2022-05-31 15:42:54 startup packages configure
2022-05-31 15:42:55 startup archives unpack
2022-05-31 15:42:56 upgrade gzip:amd64 1.10-4ubuntu4 1.10-4ubuntu4
2022-05-31 15:42:56 status half-configured gzip:amd64 1.10-4ubuntu4
2022-05-31 15:42:56 status unpacked gzip:amd64 1.10-4ubuntu4
2022-05-31 15:42:56 status half-installed gzip:amd64 1.10-4ubuntu4
2022-05-31 15:42:56 status unpacked gzip:amd64 1.10-4ubuntu4
2022-05-31 15:42:56 startup packages configure
2022-05-31 15:42:56 configure gzip:amd64 1.10-4ubuntu4 <none>
2022-05-31 15:42:56 status unpacked gzip:amd64 1.10-4ubuntu4
2022-05-31 15:42:56 status half-configured gzip:amd64 1.10-4ubuntu4
2022-05-31 15:42:56 status installed gzip:amd64 1.10-4ubuntu4
2022-05-31 15:42:56 startup packages configure
2022-05-31 15:42:57 startup archives unpack
2022-05-31 15:42:57 upgrade hostname:amd64 3.23ubuntu2 3.23ubuntu2
2022-05-31 15:42:57 status half-configured hostname:amd64 3.23ubuntu2
2022-05-31 15:42:57 status unpacked hostname:amd64 3.23ubuntu2
2022-05-31 15:42:57 status half-installed hostname:amd64 3.23ubuntu2
2022-05-31 15:42:57 status unpacked hostname:amd64 3.23ubuntu2
2022-05-31 15:42:57 startup packages configure
2022-05-31 15:42:57 configure hostname:amd64 3.23ubuntu2 <none>
2022-05-31 15:42:57 status unpacked hostname:amd64 3.23ubuntu2
2022-05-31 15:42:57 status half-configured hostname:amd64 3.23ubuntu2
2022-05-31 15:42:57 status installed hostname:amd64 3.23ubuntu2
2022-05-31 15:42:58 startup packages configure
2022-05-31 15:42:59 startup archives unpack
2022-05-31 15:42:59 upgrade init-system-helpers:all 1.62 1.62
2022-05-31 15:42:59 status half-configured init-system-helpers:all 1.62
2022-05-31 15:42:59 status unpacked init-system-helpers:all 1.62
2022-05-31 15:42:59 status half-installed init-system-helpers:all 1.62
2022-05-31 15:42:59 status unpacked init-system-helpers:all 1.62
2022-05-31 15:42:59 startup packages configure
2022-05-31 15:42:59 configure init-system-helpers:all 1.62 <none>
2022-05-31 15:42:59 status unpacked init-system-helpers:all 1.62
2022-05-31 15:42:59 status half-configured init-system-helpers:all 1.62
2022-05-31 15:42:59 status installed init-system-helpers:all 1.62
2022-05-31 15:42:59 startup packages configure
2022-05-31 15:43:01 startup archives unpack
2022-05-31 15:43:01 upgrade libacl1:amd64 2.3.1-1 2.3.1-1
2022-05-31 15:43:01 status triggers-pending libc-bin:amd64 2.35-0ubuntu3
2022-05-31 15:43:01 status half-configured libacl1:amd64 2.3.1-1
2022-05-31 15:43:01 status unpacked libacl1:amd64 2.3.1-1
2022-05-31 15:43:01 status half-installed libacl1:amd64 2.3.1-1
2022-05-31 15:43:01 status unpacked libacl1:amd64 2.3.1-1
2022-05-31 15:43:01 startup packages configure
2022-05-31 15:43:01 configure libacl1:amd64 2.3.1-1 <none>
2022-05-31 15:43:01 status unpacked libacl1:amd64 2.3.1-1
2022-05-31 15:43:01 status half-configured libacl1:amd64 2.3.1-1
2022-05-31 15:43:01 status installed libacl1:amd64 2.3.1-1
2022-05-31 15:43:01 startup packages configure
2022-05-31 15:43:01 trigproc libc-bin:amd64 2.35-0ubuntu3 <none>
2022-05-31 15:43:01 status half-configured libc-bin:amd64 2.35-0ubuntu3
2022-05-31 15:43:01 status installed libc-bin:amd64 2.35-0ubuntu3
2022-05-31 15:43:03 startup archives unpack
2022-05-31 15:43:03 upgrade libapt-pkg6.0:amd64 2.4.5 2.4.5
2022-05-31 15:43:03 status triggers-pending libc-bin:amd64 2.35-0ubuntu3
2022-05-31 15:43:03 status half-configured libapt-pkg6.0:amd64 2.4.5
2022-05-31 15:43:03 status unpacked libapt-pkg6.0:amd64 2.4.5
2022-05-31 15:43:03 status half-installed libapt-pkg6.0:amd64 2.4.5
2022-05-31 15:43:03 status unpacked libapt-pkg6.0:amd64 2.4.5
2022-05-31 15:43:03 startup packages configure
2022-05-31 15:43:03 configure libapt-pkg6.0:amd64 2.4.5 <none>
2022-05-31 15:43:03 status unpacked libapt-pkg6.0:amd64 2.4.5
2022-05-31 15:43:03 status half-configured libapt-pkg6.0:amd64 2.4.5
2022-05-31 15:43:03 status installed libapt-pkg6.0:amd64 2.4.5
2022-05-31 15:43:03 startup packages configure
2022-05-31 15:43:03 trigproc libc-bin:amd64 2.35-0ubuntu3 <none>
2022-05-31 15:43:03 status half-configured libc-bin:amd64 2.35-0ubuntu3
2022-05-31 15:43:03 status installed libc-bin:amd64 2.35-0ubuntu3
2022-05-31 15:43:05 startup archives unpack
2022-05-31 15:43:05 upgrade libattr1:amd64 1:2.5.1-1build1 1:2.5.1-1build1
2022-05-31 15:43:05 status triggers-pending libc-bin:amd64 2.35-0ubuntu3
2022-05-31 15:43:05 status half-configured libattr1:amd64 1:2.5.1-1build1
2022-05-31 15:43:05 status unpacked libattr1:amd64 1:2.5.1-1build1
2022-05-31 15:43:05 status half-installed libattr1:amd64 1:2.5.1-1build1
2022-05-31 15:43:05 status unpacked libattr1:amd64 1:2.5.1-1build1
2022-05-31 15:43:05 startup packages configure
2022-05-31 15:43:05 configure libattr1:amd64 1:2.5.1-1build1 <none>
2022-05-31 15:43:05 status unpacked libattr1:amd64 1:2.5.1-1build1
2022-05-31 15:43:05 status half-configured libattr1:amd64 1:2.5.1-1build1
2022-05-31 15:43:05 status installed libattr1:amd64 1:2.5.1-1build1
2022-05-31 15:43:05 startup packages configure
2022-05-31 15:43:05 trigproc libc-bin:amd64 2.35-0ubuntu3 <none>
2022-05-31 15:43:05 status half-configured libc-bin:amd64 2.35-0ubuntu3
2022-05-31 15:43:05 status installed libc-bin:amd64 2.35-0ubuntu3
2022-05-31 15:43:06 startup archives unpack
2022-05-31 15:43:06 upgrade libaudit-common:all 1:3.0.7-1build1 1:3.0.7-1build1
2022-05-31 15:43:06 status half-configured libaudit-common:all 1:3.0.7-1build1
2022-05-31 15:43:06 status unpacked libaudit-common:all 1:3.0.7-1build1
2022-05-31 15:43:06 status half-installed libaudit-common:all 1:3.0.7-1build1
2022-05-31 15:43:06 status unpacked libaudit-common:all 1:3.0.7-1build1
2022-05-31 15:43:06 startup packages configure
2022-05-31 15:43:06 configure libaudit-common:all 1:3.0.7-1build1 <none>
2022-05-31 15:43:06 status unpacked libaudit-common:all 1:3.0.7-1build1
2022-05-31 15:43:06 status half-configured libaudit-common:all 1:3.0.7-1build1
2022-05-31 15:43:06 status installed libaudit-common:all 1:3.0.7-1build1
2022-05-31 15:43:07 startup packages configure
2022-05-31 15:43:08 startup archives unpack
2022-05-31 15:43:08 upgrade libaudit1:amd64 1:3.0.7-1build1 1:3.0.7-1build1
2022-05-31 15:43:08 status triggers-pending libc-bin:amd64 2.35-0ubuntu3
2022-05-31 15:43:08 status half-configured libaudit1:amd64 1:3.0.7-1build1
2022-05-31 15:43:08 status unpacked libaudit1:amd64 1:3.0.7-1build1
2022-05-31 15:43:08 status half-installed libaudit1:amd64 1:3.0.7-1build1
2022-05-31 15:43:08 status unpacked libaudit1:amd64 1:3.0.7-1build1
2022-05-31 15:43:08 startup packages configure
2022-05-31 15:43:08 configure libaudit1:amd64 1:3.0.7-1build1 <none>
2022-05-31 15:43:08 status unpacked libaudit1:amd64 1:3.0.7-1build1
2022-05-31 15:43:08 status half-configured libaudit1:amd64 1:3.0.7-1build1
2022-05-31 15:43:08 status installed libaudit1:amd64 1:3.0.7-1build1
2022-05-31 15:43:08 startup packages configure
2022-05-31 15:43:08 trigproc libc-bin:amd64 2.35-0ubuntu3 <none>
2022-05-31 15:43:08 status half-configured libc-bin:amd64 2.35-0ubuntu3
2022-05-31 15:43:08 status installed libc-bin:amd64 2.35-0ubuntu3
2022-05-31 15:43:10 startup archives unpack
2022-05-31 15:43:10 upgrade libblkid1:amd64 2.37.2-4ubuntu3 2.37.2-4ubuntu3
2022-05-31 15:43:10 status triggers-pending libc-bin:amd64 2.35-0ubuntu3
2022-05-31 15:43:10 status half-configured libblkid1:amd64 2.37.2-4ubuntu3
2022-05-31 15:43:10 status unpacked libblkid1:amd64 2.37.2-4ubuntu3
2022-05-31 15:43:10 status half-installed libblkid1:amd64 2.37.2-4ubuntu3
2022-05-31 15:43:10 status unpacked libblkid1:amd64 2.37.2-4ubuntu3
2022-05-31 15:43:10 startup packages configure
2022-05-31 15:43:10 configure libblkid1:amd64 2.37.2-4ubuntu3 <none>
2022-05-31 15:43:10 status unpacked libblkid1:amd64 2.37.2-4ubuntu3
2022-05-31 15:43:10 status half-configured libblkid1:amd64 2.37.2-4ubuntu3
2022-05-31 15:43:10 status installed libblkid1:amd64 2.37.2-4ubuntu3
2022-05-31 15:43:10 startup packages configure
2022-05-31 15:43:10 trigproc libc-bin:amd64 2.35-0ubuntu3 <none>
2022-05-31 15:43:10 status half-configured libc-bin:amd64 2.35-0ubuntu3
2022-05-31 15:43:10 status installed libc-bin:amd64 2.35-0ubuntu3
2022-05-31 15:43:12 startup archives unpack
2022-05-31 15:43:12 upgrade libbz2-1.0:amd64 1.0.8-5build1 1.0.8-5build1
2022-05-31 15:43:12 status triggers-pending libc-bin:amd64 2.35-0ubuntu3
2022-05-31 15:43:12 status half-configured libbz2-1.0:amd64 1.0.8-5build1
2022-05-31 15:43:12 status unpacked libbz2-1.0:amd64 1.0.8-5build1
2022-05-31 15:43:12 status half-installed libbz2-1.0:amd64 1.0.8-5build1
2022-05-31 15:43:12 status unpacked libbz2-1.0:amd64 1.0.8-5build1
2022-05-31 15:43:12 startup packages configure
2022-05-31 15:43:12 configure libbz2-1.0:amd64 1.0.8-5build1 <none>
2022-05-31 15:43:12 status unpacked libbz2-1.0:amd64 1.0.8-5build1
2022-05-31 15:43:12 status half-configured libbz2-1.0:amd64 1.0.8-5build1
2022-05-31 15:43:12 status installed libbz2-1.0:amd64 1.0.8-5build1
2022-05-31 15:43:12 startup packages configure
2022-05-31 15:43:12 trigproc libc-bin:amd64 2.35-0ubuntu3 <none>
2022-05-31 15:43:12 status half-configured libc-bin:amd64 2.35-0ubuntu3
2022-05-31 15:43:12 status installed libc-bin:amd64 2.35-0ubuntu3
2022-05-31 15:43:14 startup archives unpack
2022-05-31 15:43:14 upgrade libc-bin:amd64 2.35-0ubuntu3 2.35-0ubuntu3
2022-05-31 15:43:14 status half-configured libc-bin:amd64 2.35-0ubuntu3
2022-05-31 15:43:14 status unpacked libc-bin:amd64 2.35-0ubuntu3
2022-05-31 15:43:14 status half-installed libc-bin:amd64 2.35-0ubuntu3
2022-05-31 15:43:14 status unpacked libc-bin:amd64 2.35-0ubuntu3
2022-05-31 15:43:14 startup packages configure
2022-05-31 15:43:14 configure libc-bin:amd64 2.35-0ubuntu3 <none>
2022-05-31 15:43:14 status unpacked libc-bin:amd64 2.35-0ubuntu3
2022-05-31 15:43:14 status half-configured libc-bin:amd64 2.35-0ubuntu3
2022-05-31 15:43:14 status installed libc-bin:amd64 2.35-0ubuntu3
2022-05-31 15:43:14 startup packages configure
2022-05-31 15:43:15 startup archives unpack
2022-05-31 15:43:15 upgrade libc6:amd64 2.35-0ubuntu3 2.35-0ubuntu3
2022-05-31 15:43:15 status triggers-pending libc-bin:amd64 2.35-0ubuntu3
2022-05-31 15:43:15 status half-configured libc6:amd64 2.35-0ubuntu3
2022-05-31 15:43:15 status unpacked libc6:amd64 2.35-0ubuntu3
2022-05-31 15:43:15 status half-installed libc6:amd64 2.35-0ubuntu3
2022-05-31 15:43:16 status unpacked libc6:amd64 2.35-0ubuntu3
2022-05-31 15:43:16 startup packages configure
2022-05-31 15:43:16 configure libc6:amd64 2.35-0ubuntu3 <none>
2022-05-31 15:43:16 status unpacked libc6:amd64 2.35-0ubuntu3
2022-05-31 15:43:16 status half-configured libc6:amd64 2.35-0ubuntu3
2022-05-31 15:43:17 status installed libc6:amd64 2.35-0ubuntu3
2022-05-31 15:43:17 startup packages configure
2022-05-31 15:43:17 trigproc libc-bin:amd64 2.35-0ubuntu3 <none>
2022-05-31 15:43:17 status half-configured libc-bin:amd64 2.35-0ubuntu3
2022-05-31 15:43:17 status installed libc-bin:amd64 2.35-0ubuntu3
2022-05-31 15:43:18 startup archives unpack
2022-05-31 15:43:18 upgrade libcap-ng0:amd64 0.7.9-2.2build3 0.7.9-2.2build3
2022-05-31 15:43:18 status triggers-pending libc-bin:amd64 2.35-0ubuntu3
2022-05-31 15:43:18 status half-configured libcap-ng0:amd64 0.7.9-2.2build3
2022-05-31 15:43:18 status unpacked libcap-ng0:amd64 0.7.9-2.2build3
2022-05-31 15:43:18 status half-installed libcap-ng0:amd64 0.7.9-2.2build3
2022-05-31 15:43:18 status unpacked libcap-ng0:amd64 0.7.9-2.2build3
2022-05-31 15:43:19 startup packages configure
2022-05-31 15:43:19 configure libcap-ng0:amd64 0.7.9-2.2build3 <none>
2022-05-31 15:43:19 status unpacked libcap-ng0:amd64 0.7.9-2.2build3
2022-05-31 15:43:19 status half-configured libcap-ng0:amd64 0.7.9-2.2build3
2022-05-31 15:43:19 status installed libcap-ng0:amd64 0.7.9-2.2build3
2022-05-31 15:43:19 startup packages configure
2022-05-31 15:43:19 trigproc libc-bin:amd64 2.35-0ubuntu3 <none>
2022-05-31 15:43:19 status half-configured libc-bin:amd64 2.35-0ubuntu3
2022-05-31 15:43:19 status installed libc-bin:amd64 2.35-0ubuntu3
2022-05-31 15:43:20 startup archives unpack
2022-05-31 15:43:20 upgrade libcap2:amd64 1:2.44-1build3 1:2.44-1build3
2022-05-31 15:43:20 status triggers-pending libc-bin:amd64 2.35-0ubuntu3
2022-05-31 15:43:20 status half-configured libcap2:amd64 1:2.44-1build3
2022-05-31 15:43:20 status unpacked libcap2:amd64 1:2.44-1build3
2022-05-31 15:43:20 status half-installed libcap2:amd64 1:2.44-1build3
2022-05-31 15:43:20 status unpacked libcap2:amd64 1:2.44-1build3
2022-05-31 15:43:20 startup packages configure
2022-05-31 15:43:20 configure libcap2:amd64 1:2.44-1build3 <none>
2022-05-31 15:43:20 status unpacked libcap2:amd64 1:2.44-1build3
2022-05-31 15:43:20 status half-configured libcap2:amd64 1:2.44-1build3
2022-05-31 15:43:20 status installed libcap2:amd64 1:2.44-1build3
2022-05-31 15:43:21 startup packages configure
2022-05-31 15:43:21 trigproc libc-bin:amd64 2.35-0ubuntu3 <none>
2022-05-31 15:43:21 status half-configured libc-bin:amd64 2.35-0ubuntu3
2022-05-31 15:43:21 status installed libc-bin:amd64 2.35-0ubuntu3
2022-05-31 15:43:22 startup archives unpack
2022-05-31 15:43:22 upgrade libcom-err2:amd64 1.46.5-2ubuntu1 1.46.5-2ubuntu1
2022-05-31 15:43:22 status triggers-pending libc-bin:amd64 2.35-0ubuntu3
2022-05-31 15:43:22 status half-configured libcom-err2:amd64 1.46.5-2ubuntu1
2022-05-31 15:43:22 status unpacked libcom-err2:amd64 1.46.5-2ubuntu1
2022-05-31 15:43:22 status half-installed libcom-err2:amd64 1.46.5-2ubuntu1
2022-05-31 15:43:22 status unpacked libcom-err2:amd64 1.46.5-2ubuntu1
2022-05-31 15:43:22 startup packages configure
2022-05-31 15:43:22 configure libcom-err2:amd64 1.46.5-2ubuntu1 <none>
2022-05-31 15:43:22 status unpacked libcom-err2:amd64 1.46.5-2ubuntu1
2022-05-31 15:43:22 status half-configured libcom-err2:amd64 1.46.5-2ubuntu1
2022-05-31 15:43:22 status installed libcom-err2:amd64 1.46.5-2ubuntu1
2022-05-31 15:43:23 startup packages configure
2022-05-31 15:43:23 trigproc libc-bin:amd64 2.35-0ubuntu3 <none>
2022-05-31 15:43:23 status half-configured libc-bin:amd64 2.35-0ubuntu3
2022-05-31 15:43:23 status installed libc-bin:amd64 2.35-0ubuntu3
2022-05-31 15:43:24 startup archives unpack
2022-05-31 15:43:24 upgrade libcrypt1:amd64 1:4.4.27-1 1:4.4.27-1
2022-05-31 15:43:24 status triggers-pending libc-bin:amd64 2.35-0ubuntu3
2022-05-31 15:43:24 status half-configured libcrypt1:amd64 1:4.4.27-1
2022-05-31 15:43:24 status unpacked libcrypt1:amd64 1:4.4.27-1
2022-05-31 15:43:24 status half-installed libcrypt1:amd64 1:4.4.27-1
2022-05-31 15:43:24 status unpacked libcrypt1:amd64 1:4.4.27-1
2022-05-31 15:43:24 startup packages configure
2022-05-31 15:43:24 configure libcrypt1:amd64 1:4.4.27-1 <none>
2022-05-31 15:43:24 status unpacked libcrypt1:amd64 1:4.4.27-1
2022-05-31 15:43:24 status half-configured libcrypt1:amd64 1:4.4.27-1
2022-05-31 15:43:24 status installed libcrypt1:amd64 1:4.4.27-1
2022-05-31 15:43:24 startup packages configure
2022-05-31 15:43:24 trigproc libc-bin:amd64 2.35-0ubuntu3 <none>
2022-05-31 15:43:24 status half-configured libc-bin:amd64 2.35-0ubuntu3
2022-05-31 15:43:24 status installed libc-bin:amd64 2.35-0ubuntu3
2022-05-31 15:43:26 startup archives unpack
2022-05-31 15:43:26 upgrade libdb5.3:amd64 5.3.28+dfsg1-0.8ubuntu3 5.3.28+dfsg1-0.8ubuntu3
2022-05-31 15:43:26 status triggers-pending libc-bin:amd64 2.35-0ubuntu3
2022-05-31 15:43:26 status half-configured libdb5.3:amd64 5.3.28+dfsg1-0.8ubuntu3
2022-05-31 15:43:26 status unpacked libdb5.3:amd64 5.3.28+dfsg1-0.8ubuntu3
2022-05-31 15:43:26 status half-installed libdb5.3:amd64 5.3.28+dfsg1-0.8ubuntu3
2022-05-31 15:43:26 status unpacked libdb5.3:amd64 5.3.28+dfsg1-0.8ubuntu3
2022-05-31 15:43:26 startup packages configure
2022-05-31 15:43:26 configure libdb5.3:amd64 5.3.28+dfsg1-0.8ubuntu3 <none>
2022-05-31 15:43:26 status unpacked libdb5.3:amd64 5.3.28+dfsg1-0.8ubuntu3
2022-05-31 15:43:26 status half-configured libdb5.3:amd64 5.3.28+dfsg1-0.8ubuntu3
2022-05-31 15:43:26 status installed libdb5.3:amd64 5.3.28+dfsg1-0.8ubuntu3
2022-05-31 15:43:26 startup packages configure
2022-05-31 15:43:26 trigproc libc-bin:amd64 2.35-0ubuntu3 <none>
2022-05-31 15:43:26 status half-configured libc-bin:amd64 2.35-0ubuntu3
2022-05-31 15:43:26 status installed libc-bin:amd64 2.35-0ubuntu3
2022-05-31 15:43:28 startup archives unpack
2022-05-31 15:43:28 upgrade libdebconfclient0:amd64 0.261ubuntu1 0.261ubuntu1
2022-05-31 15:43:28 status triggers-pending libc-bin:amd64 2.35-0ubuntu3
2022-05-31 15:43:28 status half-configured libdebconfclient0:amd64 0.261ubuntu1
2022-05-31 15:43:28 status unpacked libdebconfclient0:amd64 0.261ubuntu1
2022-05-31 15:43:28 status half-installed libdebconfclient0:amd64 0.261ubuntu1
2022-05-31 15:43:28 status unpacked libdebconfclient0:amd64 0.261ubuntu1
2022-05-31 15:43:28 startup packages configure
2022-05-31 15:43:28 configure libdebconfclient0:amd64 0.261ubuntu1 <none>
2022-05-31 15:43:28 status unpacked libdebconfclient0:amd64 0.261ubuntu1
2022-05-31 15:43:28 status half-configured libdebconfclient0:amd64 0.261ubuntu1
2022-05-31 15:43:28 status installed libdebconfclient0:amd64 0.261ubuntu1
2022-05-31 15:43:28 startup packages configure
2022-05-31 15:43:28 trigproc libc-bin:amd64 2.35-0ubuntu3 <none>
2022-05-31 15:43:28 status half-configured libc-bin:amd64 2.35-0ubuntu3
2022-05-31 15:43:28 status installed libc-bin:amd64 2.35-0ubuntu3
2022-05-31 15:43:29 startup archives unpack
2022-05-31 15:43:29 upgrade libext2fs2:amd64 1.46.5-2ubuntu1 1.46.5-2ubuntu1
2022-05-31 15:43:29 status triggers-pending libc-bin:amd64 2.35-0ubuntu3
2022-05-31 15:43:29 status half-configured libext2fs2:amd64 1.46.5-2ubuntu1
2022-05-31 15:43:29 status unpacked libext2fs2:amd64 1.46.5-2ubuntu1
2022-05-31 15:43:29 status half-installed libext2fs2:amd64 1.46.5-2ubuntu1
2022-05-31 15:43:29 status unpacked libext2fs2:amd64 1.46.5-2ubuntu1
2022-05-31 15:43:30 startup packages configure
2022-05-31 15:43:30 configure libext2fs2:amd64 1.46.5-2ubuntu1 <none>
2022-05-31 15:43:30 status unpacked libext2fs2:amd64 1.46.5-2ubuntu1
2022-05-31 15:43:30 status half-configured libext2fs2:amd64 1.46.5-2ubuntu1
2022-05-31 15:43:30 status installed libext2fs2:amd64 1.46.5-2ubuntu1
2022-05-31 15:43:30 trigproc libc-bin:amd64 2.35-0ubuntu3 <none>
2022-05-31 15:43:30 status half-configured libc-bin:amd64 2.35-0ubuntu3
2022-05-31 15:43:30 status installed libc-bin:amd64 2.35-0ubuntu3
2022-05-31 15:43:31 startup archives unpack
2022-05-31 15:43:31 upgrade libffi8:amd64 3.4.2-4 3.4.2-4
2022-05-31 15:43:31 status triggers-pending libc-bin:amd64 2.35-0ubuntu3
2022-05-31 15:43:31 status half-configured libffi8:amd64 3.4.2-4
2022-05-31 15:43:31 status unpacked libffi8:amd64 3.4.2-4
2022-05-31 15:43:31 status half-installed libffi8:amd64 3.4.2-4
2022-05-31 15:43:31 status unpacked libffi8:amd64 3.4.2-4
2022-05-31 15:43:31 startup packages configure
2022-05-31 15:43:31 configure libffi8:amd64 3.4.2-4 <none>
2022-05-31 15:43:31 status unpacked libffi8:amd64 3.4.2-4
2022-05-31 15:43:31 status half-configured libffi8:amd64 3.4.2-4
2022-05-31 15:43:31 status installed libffi8:amd64 3.4.2-4
2022-05-31 15:43:31 startup packages configure
2022-05-31 15:43:31 trigproc libc-bin:amd64 2.35-0ubuntu3 <none>
2022-05-31 15:43:31 status half-configured libc-bin:amd64 2.35-0ubuntu3
2022-05-31 15:43:31 status installed libc-bin:amd64 2.35-0ubuntu3
2022-05-31 15:43:33 startup archives unpack
2022-05-31 15:43:33 upgrade libgcc-s1:amd64 12-20220319-1ubuntu1 12-20220319-1ubuntu1
2022-05-31 15:43:33 status triggers-pending libc-bin:amd64 2.35-0ubuntu3
2022-05-31 15:43:33 status half-configured libgcc-s1:amd64 12-20220319-1ubuntu1
2022-05-31 15:43:33 status unpacked libgcc-s1:amd64 12-20220319-1ubuntu1
2022-05-31 15:43:33 status half-installed libgcc-s1:amd64 12-20220319-1ubuntu1
2022-05-31 15:43:33 status unpacked libgcc-s1:amd64 12-20220319-1ubuntu1
2022-05-31 15:43:33 startup packages configure
2022-05-31 15:43:33 configure libgcc-s1:amd64 12-20220319-1ubuntu1 <none>
2022-05-31 15:43:33 status unpacked libgcc-s1:amd64 12-20220319-1ubuntu1
2022-05-31 15:43:33 status half-configured libgcc-s1:amd64 12-20220319-1ubuntu1
2022-05-31 15:43:33 status installed libgcc-s1:amd64 12-20220319-1ubuntu1
2022-05-31 15:43:33 startup packages configure
2022-05-31 15:43:33 trigproc libc-bin:amd64 2.35-0ubuntu3 <none>
2022-05-31 15:43:33 status half-configured libc-bin:amd64 2.35-0ubuntu3
2022-05-31 15:43:33 status installed libc-bin:amd64 2.35-0ubuntu3
2022-05-31 15:43:35 startup archives unpack
2022-05-31 15:43:35 upgrade libgcrypt20:amd64 1.9.4-3ubuntu3 1.9.4-3ubuntu3
2022-05-31 15:43:35 status triggers-pending libc-bin:amd64 2.35-0ubuntu3
2022-05-31 15:43:35 status half-configured libgcrypt20:amd64 1.9.4-3ubuntu3
2022-05-31 15:43:35 status unpacked libgcrypt20:amd64 1.9.4-3ubuntu3
2022-05-31 15:43:35 status half-installed libgcrypt20:amd64 1.9.4-3ubuntu3
2022-05-31 15:43:35 status unpacked libgcrypt20:amd64 1.9.4-3ubuntu3
2022-05-31 15:43:35 startup packages configure
2022-05-31 15:43:35 configure libgcrypt20:amd64 1.9.4-3ubuntu3 <none>
2022-05-31 15:43:35 status unpacked libgcrypt20:amd64 1.9.4-3ubuntu3
2022-05-31 15:43:35 status half-configured libgcrypt20:amd64 1.9.4-3ubuntu3
2022-05-31 15:43:35 status installed libgcrypt20:amd64 1.9.4-3ubuntu3
2022-05-31 15:43:35 startup packages configure
2022-05-31 15:43:35 trigproc libc-bin:amd64 2.35-0ubuntu3 <none>
2022-05-31 15:43:35 status half-configured libc-bin:amd64 2.35-0ubuntu3
2022-05-31 15:43:35 status installed libc-bin:amd64 2.35-0ubuntu3
2022-05-31 15:43:37 startup archives unpack
2022-05-31 15:43:37 upgrade libgmp10:amd64 2:6.2.1+dfsg-3ubuntu1 2:6.2.1+dfsg-3ubuntu1
2022-05-31 15:43:37 status triggers-pending libc-bin:amd64 2.35-0ubuntu3
2022-05-31 15:43:37 status half-configured libgmp10:amd64 2:6.2.1+dfsg-3ubuntu1
2022-05-31 15:43:37 status unpacked libgmp10:amd64 2:6.2.1+dfsg-3ubuntu1
2022-05-31 15:43:37 status half-installed libgmp10:amd64 2:6.2.1+dfsg-3ubuntu1
2022-05-31 15:43:37 status unpacked libgmp10:amd64 2:6.2.1+dfsg-3ubuntu1
2022-05-31 15:43:37 startup packages configure
2022-05-31 15:43:37 configure libgmp10:amd64 2:6.2.1+dfsg-3ubuntu1 <none>
2022-05-31 15:43:37 status unpacked libgmp10:amd64 2:6.2.1+dfsg-3ubuntu1
2022-05-31 15:43:37 status half-configured libgmp10:amd64 2:6.2.1+dfsg-3ubuntu1
2022-05-31 15:43:37 status installed libgmp10:amd64 2:6.2.1+dfsg-3ubuntu1
2022-05-31 15:43:37 startup packages configure
2022-05-31 15:43:37 trigproc libc-bin:amd64 2.35-0ubuntu3 <none>
2022-05-31 15:43:37 status half-configured libc-bin:amd64 2.35-0ubuntu3
2022-05-31 15:43:37 status installed libc-bin:amd64 2.35-0ubuntu3
2022-05-31 15:43:39 startup archives unpack
2022-05-31 15:43:39 upgrade libgnutls30:amd64 3.7.3-4ubuntu1 3.7.3-4ubuntu1
2022-05-31 15:43:39 status triggers-pending libc-bin:amd64 2.35-0ubuntu3
2022-05-31 15:43:39 status half-configured libgnutls30:amd64 3.7.3-4ubuntu1
2022-05-31 15:43:39 status unpacked libgnutls30:amd64 3.7.3-4ubuntu1
2022-05-31 15:43:39 status half-installed libgnutls30:amd64 3.7.3-4ubuntu1
2022-05-31 15:43:39 status unpacked libgnutls30:amd64 3.7.3-4ubuntu1
2022-05-31 15:43:39 startup packages configure
2022-05-31 15:43:39 configure libgnutls30:amd64 3.7.3-4ubuntu1 <none>
2022-05-31 15:43:39 status unpacked libgnutls30:amd64 3.7.3-4ubuntu1
2022-05-31 15:43:39 status half-configured libgnutls30:amd64 3.7.3-4ubuntu1
2022-05-31 15:43:39 status installed libgnutls30:amd64 3.7.3-4ubuntu1
2022-05-31 15:43:39 startup packages configure
2022-05-31 15:43:39 trigproc libc-bin:amd64 2.35-0ubuntu3 <none>
2022-05-31 15:43:39 status half-configured libc-bin:amd64 2.35-0ubuntu3
2022-05-31 15:43:39 status installed libc-bin:amd64 2.35-0ubuntu3
2022-05-31 15:43:41 startup archives unpack
2022-05-31 15:43:41 upgrade libgpg-error0:amd64 1.43-3 1.43-3
2022-05-31 15:43:41 status triggers-pending libc-bin:amd64 2.35-0ubuntu3
2022-05-31 15:43:41 status half-configured libgpg-error0:amd64 1.43-3
2022-05-31 15:43:41 status unpacked libgpg-error0:amd64 1.43-3
2022-05-31 15:43:41 status half-installed libgpg-error0:amd64 1.43-3
2022-05-31 15:43:41 status unpacked libgpg-error0:amd64 1.43-3
2022-05-31 15:43:41 startup packages configure
2022-05-31 15:43:41 configure libgpg-error0:amd64 1.43-3 <none>
2022-05-31 15:43:41 status unpacked libgpg-error0:amd64 1.43-3
2022-05-31 15:43:41 status half-configured libgpg-error0:amd64 1.43-3
2022-05-31 15:43:41 status installed libgpg-error0:amd64 1.43-3
2022-05-31 15:43:41 startup packages configure
2022-05-31 15:43:41 trigproc libc-bin:amd64 2.35-0ubuntu3 <none>
2022-05-31 15:43:41 status half-configured libc-bin:amd64 2.35-0ubuntu3
2022-05-31 15:43:41 status installed libc-bin:amd64 2.35-0ubuntu3
2022-05-31 15:43:43 startup archives unpack
2022-05-31 15:43:43 upgrade libgssapi-krb5-2:amd64 1.19.2-2 1.19.2-2
2022-05-31 15:43:43 status triggers-pending libc-bin:amd64 2.35-0ubuntu3
2022-05-31 15:43:43 status half-configured libgssapi-krb5-2:amd64 1.19.2-2
2022-05-31 15:43:43 status unpacked libgssapi-krb5-2:amd64 1.19.2-2
2022-05-31 15:43:43 status half-installed libgssapi-krb5-2:amd64 1.19.2-2
2022-05-31 15:43:43 status unpacked libgssapi-krb5-2:amd64 1.19.2-2
2022-05-31 15:43:43 startup packages configure
2022-05-31 15:43:43 configure libgssapi-krb5-2:amd64 1.19.2-2 <none>
2022-05-31 15:43:43 status unpacked libgssapi-krb5-2:amd64 1.19.2-2
2022-05-31 15:43:43 status half-configured libgssapi-krb5-2:amd64 1.19.2-2
2022-05-31 15:43:43 status installed libgssapi-krb5-2:amd64 1.19.2-2
2022-05-31 15:43:43 startup packages configure
2022-05-31 15:43:43 trigproc libc-bin:amd64 2.35-0ubuntu3 <none>
2022-05-31 15:43:43 status half-configured libc-bin:amd64 2.35-0ubuntu3
2022-05-31 15:43:43 status installed libc-bin:amd64 2.35-0ubuntu3
2022-05-31 15:43:44 startup archives unpack
2022-05-31 15:43:44 upgrade libhogweed6:amd64 3.7.3-1build2 3.7.3-1build2
2022-05-31 15:43:44 status triggers-pending libc-bin:amd64 2.35-0ubuntu3
2022-05-31 15:43:44 status half-configured libhogweed6:amd64 3.7.3-1build2
2022-05-31 15:43:44 status unpacked libhogweed6:amd64 3.7.3-1build2
2022-05-31 15:43:44 status half-installed libhogweed6:amd64 3.7.3-1build2
2022-05-31 15:43:44 status unpacked libhogweed6:amd64 3.7.3-1build2
2022-05-31 15:43:45 startup packages configure
2022-05-31 15:43:45 configure libhogweed6:amd64 3.7.3-1build2 <none>
2022-05-31 15:43:45 status unpacked libhogweed6:amd64 3.7.3-1build2
2022-05-31 15:43:45 status half-configured libhogweed6:amd64 3.7.3-1build2
2022-05-31 15:43:45 status installed libhogweed6:amd64 3.7.3-1build2
2022-05-31 15:43:45 startup packages configure
2022-05-31 15:43:45 trigproc libc-bin:amd64 2.35-0ubuntu3 <none>
2022-05-31 15:43:45 status half-configured libc-bin:amd64 2.35-0ubuntu3
2022-05-31 15:43:45 status installed libc-bin:amd64 2.35-0ubuntu3
2022-05-31 15:43:46 startup archives unpack
2022-05-31 15:43:46 upgrade libidn2-0:amd64 2.3.2-2build1 2.3.2-2build1
2022-05-31 15:43:46 status triggers-pending libc-bin:amd64 2.35-0ubuntu3
2022-05-31 15:43:46 status half-configured libidn2-0:amd64 2.3.2-2build1
2022-05-31 15:43:46 status unpacked libidn2-0:amd64 2.3.2-2build1
2022-05-31 15:43:46 status half-installed libidn2-0:amd64 2.3.2-2build1
2022-05-31 15:43:46 status unpacked libidn2-0:amd64 2.3.2-2build1
2022-05-31 15:43:46 startup packages configure
2022-05-31 15:43:46 configure libidn2-0:amd64 2.3.2-2build1 <none>
2022-05-31 15:43:46 status unpacked libidn2-0:amd64 2.3.2-2build1
2022-05-31 15:43:46 status half-configured libidn2-0:amd64 2.3.2-2build1
2022-05-31 15:43:46 status installed libidn2-0:amd64 2.3.2-2build1
2022-05-31 15:43:47 startup packages configure
2022-05-31 15:43:47 trigproc libc-bin:amd64 2.35-0ubuntu3 <none>
2022-05-31 15:43:47 status half-configured libc-bin:amd64 2.35-0ubuntu3
2022-05-31 15:43:47 status installed libc-bin:amd64 2.35-0ubuntu3
2022-05-31 15:43:48 startup archives unpack
2022-05-31 15:43:48 upgrade libk5crypto3:amd64 1.19.2-2 1.19.2-2
2022-05-31 15:43:48 status triggers-pending libc-bin:amd64 2.35-0ubuntu3
2022-05-31 15:43:48 status half-configured libk5crypto3:amd64 1.19.2-2
2022-05-31 15:43:48 status unpacked libk5crypto3:amd64 1.19.2-2
2022-05-31 15:43:48 status half-installed libk5crypto3:amd64 1.19.2-2
2022-05-31 15:43:48 status unpacked libk5crypto3:amd64 1.19.2-2
2022-05-31 15:43:48 startup packages configure
2022-05-31 15:43:48 configure libk5crypto3:amd64 1.19.2-2 <none>
2022-05-31 15:43:48 status unpacked libk5crypto3:amd64 1.19.2-2
2022-05-31 15:43:48 status half-configured libk5crypto3:amd64 1.19.2-2
2022-05-31 15:43:48 status installed libk5crypto3:amd64 1.19.2-2
2022-05-31 15:43:49 startup packages configure
2022-05-31 15:43:49 trigproc libc-bin:amd64 2.35-0ubuntu3 <none>
2022-05-31 15:43:49 status half-configured libc-bin:amd64 2.35-0ubuntu3
2022-05-31 15:43:49 status installed libc-bin:amd64 2.35-0ubuntu3
2022-05-31 15:43:50 startup archives unpack
2022-05-31 15:43:50 upgrade libkeyutils1:amd64 1.6.1-2ubuntu3 1.6.1-2ubuntu3
2022-05-31 15:43:50 status triggers-pending libc-bin:amd64 2.35-0ubuntu3
2022-05-31 15:43:50 status half-configured libkeyutils1:amd64 1.6.1-2ubuntu3
2022-05-31 15:43:50 status unpacked libkeyutils1:amd64 1.6.1-2ubuntu3
2022-05-31 15:43:50 status half-installed libkeyutils1:amd64 1.6.1-2ubuntu3
2022-05-31 15:43:50 status unpacked libkeyutils1:amd64 1.6.1-2ubuntu3
2022-05-31 15:43:50 startup packages configure
2022-05-31 15:43:50 configure libkeyutils1:amd64 1.6.1-2ubuntu3 <none>
2022-05-31 15:43:50 status unpacked libkeyutils1:amd64 1.6.1-2ubuntu3
2022-05-31 15:43:50 status half-configured libkeyutils1:amd64 1.6.1-2ubuntu3
2022-05-31 15:43:50 status installed libkeyutils1:amd64 1.6.1-2ubuntu3
2022-05-31 15:43:50 startup packages configure
2022-05-31 15:43:50 trigproc libc-bin:amd64 2.35-0ubuntu3 <none>
2022-05-31 15:43:50 status half-configured libc-bin:amd64 2.35-0ubuntu3
2022-05-31 15:43:50 status installed libc-bin:amd64 2.35-0ubuntu3
2022-05-31 15:43:52 startup archives unpack
2022-05-31 15:43:52 upgrade libkrb5-3:amd64 1.19.2-2 1.19.2-2
2022-05-31 15:43:52 status triggers-pending libc-bin:amd64 2.35-0ubuntu3
2022-05-31 15:43:52 status half-configured libkrb5-3:amd64 1.19.2-2
2022-05-31 15:43:52 status unpacked libkrb5-3:amd64 1.19.2-2
2022-05-31 15:43:52 status half-installed libkrb5-3:amd64 1.19.2-2
2022-05-31 15:43:52 status unpacked libkrb5-3:amd64 1.19.2-2
2022-05-31 15:43:52 startup packages configure
2022-05-31 15:43:52 configure libkrb5-3:amd64 1.19.2-2 <none>
2022-05-31 15:43:52 status unpacked libkrb5-3:amd64 1.19.2-2
2022-05-31 15:43:52 status half-configured libkrb5-3:amd64 1.19.2-2
2022-05-31 15:43:52 status installed libkrb5-3:amd64 1.19.2-2
2022-05-31 15:43:52 startup packages configure
2022-05-31 15:43:52 trigproc libc-bin:amd64 2.35-0ubuntu3 <none>
2022-05-31 15:43:52 status half-configured libc-bin:amd64 2.35-0ubuntu3
2022-05-31 15:43:52 status installed libc-bin:amd64 2.35-0ubuntu3
2022-05-31 15:43:54 startup archives unpack
2022-05-31 15:43:54 upgrade libkrb5support0:amd64 1.19.2-2 1.19.2-2
2022-05-31 15:43:54 status triggers-pending libc-bin:amd64 2.35-0ubuntu3
2022-05-31 15:43:54 status half-configured libkrb5support0:amd64 1.19.2-2
2022-05-31 15:43:54 status unpacked libkrb5support0:amd64 1.19.2-2
2022-05-31 15:43:54 status half-installed libkrb5support0:amd64 1.19.2-2
2022-05-31 15:43:54 status unpacked libkrb5support0:amd64 1.19.2-2
2022-05-31 15:43:54 startup packages configure
2022-05-31 15:43:54 configure libkrb5support0:amd64 1.19.2-2 <none>
2022-05-31 15:43:54 status unpacked libkrb5support0:amd64 1.19.2-2
2022-05-31 15:43:54 status half-configured libkrb5support0:amd64 1.19.2-2
2022-05-31 15:43:54 status installed libkrb5support0:amd64 1.19.2-2
2022-05-31 15:43:54 startup packages configure
2022-05-31 15:43:54 trigproc libc-bin:amd64 2.35-0ubuntu3 <none>
2022-05-31 15:43:54 status half-configured libc-bin:amd64 2.35-0ubuntu3
2022-05-31 15:43:54 status installed libc-bin:amd64 2.35-0ubuntu3
2022-05-31 15:43:56 startup archives unpack
2022-05-31 15:43:56 upgrade liblz4-1:amd64 1.9.3-2build2 1.9.3-2build2
2022-05-31 15:43:56 status triggers-pending libc-bin:amd64 2.35-0ubuntu3
2022-05-31 15:43:56 status half-configured liblz4-1:amd64 1.9.3-2build2
2022-05-31 15:43:56 status unpacked liblz4-1:amd64 1.9.3-2build2
2022-05-31 15:43:56 status half-installed liblz4-1:amd64 1.9.3-2build2
2022-05-31 15:43:56 status unpacked liblz4-1:amd64 1.9.3-2build2
2022-05-31 15:43:56 startup packages configure
2022-05-31 15:43:56 configure liblz4-1:amd64 1.9.3-2build2 <none>
2022-05-31 15:43:56 status unpacked liblz4-1:amd64 1.9.3-2build2
2022-05-31 15:43:56 status half-configured liblz4-1:amd64 1.9.3-2build2
2022-05-31 15:43:56 status installed liblz4-1:amd64 1.9.3-2build2
2022-05-31 15:43:56 startup packages configure
2022-05-31 15:43:56 trigproc libc-bin:amd64 2.35-0ubuntu3 <none>
2022-05-31 15:43:56 status half-configured libc-bin:amd64 2.35-0ubuntu3
2022-05-31 15:43:56 status installed libc-bin:amd64 2.35-0ubuntu3
2022-05-31 15:43:58 startup archives unpack
2022-05-31 15:43:58 upgrade liblzma5:amd64 5.2.5-2ubuntu1 5.2.5-2ubuntu1
2022-05-31 15:43:58 status triggers-pending libc-bin:amd64 2.35-0ubuntu3
2022-05-31 15:43:58 status half-configured liblzma5:amd64 5.2.5-2ubuntu1
2022-05-31 15:43:58 status unpacked liblzma5:amd64 5.2.5-2ubuntu1
2022-05-31 15:43:58 status half-installed liblzma5:amd64 5.2.5-2ubuntu1
2022-05-31 15:43:58 status unpacked liblzma5:amd64 5.2.5-2ubuntu1
2022-05-31 15:43:58 startup packages configure
2022-05-31 15:43:58 configure liblzma5:amd64 5.2.5-2ubuntu1 <none>
2022-05-31 15:43:58 status unpacked liblzma5:amd64 5.2.5-2ubuntu1
2022-05-31 15:43:58 status half-configured liblzma5:amd64 5.2.5-2ubuntu1
2022-05-31 15:43:58 status installed liblzma5:amd64 5.2.5-2ubuntu1
2022-05-31 15:43:58 startup packages configure
2022-05-31 15:43:58 trigproc libc-bin:amd64 2.35-0ubuntu3 <none>
2022-05-31 15:43:58 status half-configured libc-bin:amd64 2.35-0ubuntu3
2022-05-31 15:43:58 status installed libc-bin:amd64 2.35-0ubuntu3
2022-05-31 15:44:00 startup archives unpack
2022-05-31 15:44:00 upgrade libmount1:amd64 2.37.2-4ubuntu3 2.37.2-4ubuntu3
2022-05-31 15:44:00 status triggers-pending libc-bin:amd64 2.35-0ubuntu3
2022-05-31 15:44:00 status half-configured libmount1:amd64 2.37.2-4ubuntu3
2022-05-31 15:44:00 status unpacked libmount1:amd64 2.37.2-4ubuntu3
2022-05-31 15:44:00 status half-installed libmount1:amd64 2.37.2-4ubuntu3
2022-05-31 15:44:00 status unpacked libmount1:amd64 2.37.2-4ubuntu3
2022-05-31 15:44:00 startup packages configure
2022-05-31 15:44:00 configure libmount1:amd64 2.37.2-4ubuntu3 <none>
2022-05-31 15:44:00 status unpacked libmount1:amd64 2.37.2-4ubuntu3
2022-05-31 15:44:00 status half-configured libmount1:amd64 2.37.2-4ubuntu3
2022-05-31 15:44:00 status installed libmount1:amd64 2.37.2-4ubuntu3
2022-05-31 15:44:00 startup packages configure
2022-05-31 15:44:00 trigproc libc-bin:amd64 2.35-0ubuntu3 <none>
2022-05-31 15:44:00 status half-configured libc-bin:amd64 2.35-0ubuntu3
2022-05-31 15:44:00 status installed libc-bin:amd64 2.35-0ubuntu3
2022-05-31 15:44:01 startup archives unpack
2022-05-31 15:44:01 upgrade libncurses6:amd64 6.3-2 6.3-2
2022-05-31 15:44:01 status triggers-pending libc-bin:amd64 2.35-0ubuntu3
2022-05-31 15:44:01 status half-configured libncurses6:amd64 6.3-2
2022-05-31 15:44:01 status unpacked libncurses6:amd64 6.3-2
2022-05-31 15:44:01 status half-installed libncurses6:amd64 6.3-2
2022-05-31 15:44:02 status unpacked libncurses6:amd64 6.3-2
2022-05-31 15:44:02 startup packages configure
2022-05-31 15:44:02 configure libncurses6:amd64 6.3-2 <none>
2022-05-31 15:44:02 status unpacked libncurses6:amd64 6.3-2
2022-05-31 15:44:02 status half-configured libncurses6:amd64 6.3-2
2022-05-31 15:44:02 status installed libncurses6:amd64 6.3-2
2022-05-31 15:44:02 trigproc libc-bin:amd64 2.35-0ubuntu3 <none>
2022-05-31 15:44:02 status half-configured libc-bin:amd64 2.35-0ubuntu3
2022-05-31 15:44:02 status installed libc-bin:amd64 2.35-0ubuntu3
2022-05-31 15:44:03 startup archives unpack
2022-05-31 15:44:03 upgrade libncursesw6:amd64 6.3-2 6.3-2
2022-05-31 15:44:03 status triggers-pending libc-bin:amd64 2.35-0ubuntu3
2022-05-31 15:44:03 status half-configured libncursesw6:amd64 6.3-2
2022-05-31 15:44:03 status unpacked libncursesw6:amd64 6.3-2
2022-05-31 15:44:03 status half-installed libncursesw6:amd64 6.3-2
2022-05-31 15:44:03 status unpacked libncursesw6:amd64 6.3-2
2022-05-31 15:44:04 startup packages configure
2022-05-31 15:44:04 configure libncursesw6:amd64 6.3-2 <none>
2022-05-31 15:44:04 status unpacked libncursesw6:amd64 6.3-2
2022-05-31 15:44:04 status half-configured libncursesw6:amd64 6.3-2
2022-05-31 15:44:04 status installed libncursesw6:amd64 6.3-2
2022-05-31 15:44:04 trigproc libc-bin:amd64 2.35-0ubuntu3 <none>
2022-05-31 15:44:04 status half-configured libc-bin:amd64 2.35-0ubuntu3
2022-05-31 15:44:04 status installed libc-bin:amd64 2.35-0ubuntu3
2022-05-31 15:44:05 startup archives unpack
2022-05-31 15:44:05 upgrade libnettle8:amd64 3.7.3-1build2 3.7.3-1build2
2022-05-31 15:44:05 status triggers-pending libc-bin:amd64 2.35-0ubuntu3
2022-05-31 15:44:05 status half-configured libnettle8:amd64 3.7.3-1build2
2022-05-31 15:44:05 status unpacked libnettle8:amd64 3.7.3-1build2
2022-05-31 15:44:05 status half-installed libnettle8:amd64 3.7.3-1build2
2022-05-31 15:44:05 status unpacked libnettle8:amd64 3.7.3-1build2
2022-05-31 15:44:05 startup packages configure
2022-05-31 15:44:05 configure libnettle8:amd64 3.7.3-1build2 <none>
2022-05-31 15:44:05 status unpacked libnettle8:amd64 3.7.3-1build2
2022-05-31 15:44:05 status half-configured libnettle8:amd64 3.7.3-1build2
2022-05-31 15:44:05 status installed libnettle8:amd64 3.7.3-1build2
2022-05-31 15:44:05 startup packages configure
2022-05-31 15:44:05 trigproc libc-bin:amd64 2.35-0ubuntu3 <none>
2022-05-31 15:44:05 status half-configured libc-bin:amd64 2.35-0ubuntu3
2022-05-31 15:44:05 status installed libc-bin:amd64 2.35-0ubuntu3
2022-05-31 15:44:07 startup archives unpack
2022-05-31 15:44:07 upgrade libnsl2:amd64 1.3.0-2build2 1.3.0-2build2
2022-05-31 15:44:07 status triggers-pending libc-bin:amd64 2.35-0ubuntu3
2022-05-31 15:44:07 status half-configured libnsl2:amd64 1.3.0-2build2
2022-05-31 15:44:07 status unpacked libnsl2:amd64 1.3.0-2build2
2022-05-31 15:44:07 status half-installed libnsl2:amd64 1.3.0-2build2
2022-05-31 15:44:07 status unpacked libnsl2:amd64 1.3.0-2build2
2022-05-31 15:44:07 startup packages configure
2022-05-31 15:44:07 configure libnsl2:amd64 1.3.0-2build2 <none>
2022-05-31 15:44:07 status unpacked libnsl2:amd64 1.3.0-2build2
2022-05-31 15:44:07 status half-configured libnsl2:amd64 1.3.0-2build2
2022-05-31 15:44:07 status installed libnsl2:amd64 1.3.0-2build2
2022-05-31 15:44:07 startup packages configure
2022-05-31 15:44:07 trigproc libc-bin:amd64 2.35-0ubuntu3 <none>
2022-05-31 15:44:07 status half-configured libc-bin:amd64 2.35-0ubuntu3
2022-05-31 15:44:07 status installed libc-bin:amd64 2.35-0ubuntu3
2022-05-31 15:44:09 startup archives unpack
2022-05-31 15:44:09 upgrade libp11-kit0:amd64 0.24.0-6build1 0.24.0-6build1
2022-05-31 15:44:09 status triggers-pending libc-bin:amd64 2.35-0ubuntu3
2022-05-31 15:44:09 status half-configured libp11-kit0:amd64 0.24.0-6build1
2022-05-31 15:44:09 status unpacked libp11-kit0:amd64 0.24.0-6build1
2022-05-31 15:44:09 status half-installed libp11-kit0:amd64 0.24.0-6build1
2022-05-31 15:44:09 status unpacked libp11-kit0:amd64 0.24.0-6build1
2022-05-31 15:44:09 startup packages configure
2022-05-31 15:44:09 configure libp11-kit0:amd64 0.24.0-6build1 <none>
2022-05-31 15:44:09 status unpacked libp11-kit0:amd64 0.24.0-6build1
2022-05-31 15:44:09 status half-configured libp11-kit0:amd64 0.24.0-6build1
2022-05-31 15:44:09 status installed libp11-kit0:amd64 0.24.0-6build1
2022-05-31 15:44:09 startup packages configure
2022-05-31 15:44:09 trigproc libc-bin:amd64 2.35-0ubuntu3 <none>
2022-05-31 15:44:09 status half-configured libc-bin:amd64 2.35-0ubuntu3
2022-05-31 15:44:09 status installed libc-bin:amd64 2.35-0ubuntu3
2022-05-31 15:44:11 startup archives unpack
2022-05-31 15:44:11 upgrade libpam-modules:amd64 1.4.0-11ubuntu2 1.4.0-11ubuntu2
2022-05-31 15:44:11 status half-configured libpam-modules:amd64 1.4.0-11ubuntu2
2022-05-31 15:44:11 status unpacked libpam-modules:amd64 1.4.0-11ubuntu2
2022-05-31 15:44:11 status half-installed libpam-modules:amd64 1.4.0-11ubuntu2
2022-05-31 15:44:11 status unpacked libpam-modules:amd64 1.4.0-11ubuntu2
2022-05-31 15:44:11 startup packages configure
2022-05-31 15:44:11 configure libpam-modules:amd64 1.4.0-11ubuntu2 <none>
2022-05-31 15:44:11 status unpacked libpam-modules:amd64 1.4.0-11ubuntu2
2022-05-31 15:44:11 status half-configured libpam-modules:amd64 1.4.0-11ubuntu2
2022-05-31 15:44:11 status installed libpam-modules:amd64 1.4.0-11ubuntu2
2022-05-31 15:44:11 startup packages configure
2022-05-31 15:44:13 startup archives unpack
2022-05-31 15:44:13 upgrade libpam-modules-bin:amd64 1.4.0-11ubuntu2 1.4.0-11ubuntu2
2022-05-31 15:44:13 status half-configured libpam-modules-bin:amd64 1.4.0-11ubuntu2
2022-05-31 15:44:13 status unpacked libpam-modules-bin:amd64 1.4.0-11ubuntu2
2022-05-31 15:44:13 status half-installed libpam-modules-bin:amd64 1.4.0-11ubuntu2
2022-05-31 15:44:13 status unpacked libpam-modules-bin:amd64 1.4.0-11ubuntu2
2022-05-31 15:44:13 startup packages configure
2022-05-31 15:44:13 configure libpam-modules-bin:amd64 1.4.0-11ubuntu2 <none>
2022-05-31 15:44:13 status unpacked libpam-modules-bin:amd64 1.4.0-11ubuntu2
2022-05-31 15:44:13 status half-configured libpam-modules-bin:amd64 1.4.0-11ubuntu2
2022-05-31 15:44:13 status installed libpam-modules-bin:amd64 1.4.0-11ubuntu2
2022-05-31 15:44:13 startup packages configure
2022-05-31 15:44:15 startup archives unpack
2022-05-31 15:44:15 upgrade libpam-runtime:all 1.4.0-11ubuntu2 1.4.0-11ubuntu2
2022-05-31 15:44:15 status half-configured libpam-runtime:all 1.4.0-11ubuntu2
2022-05-31 15:44:15 status unpacked libpam-runtime:all 1.4.0-11ubuntu2
2022-05-31 15:44:15 status half-installed libpam-runtime:all 1.4.0-11ubuntu2
2022-05-31 15:44:15 status unpacked libpam-runtime:all 1.4.0-11ubuntu2
2022-05-31 15:44:15 startup packages configure
2022-05-31 15:44:15 configure libpam-runtime:all 1.4.0-11ubuntu2 <none>
2022-05-31 15:44:15 status unpacked libpam-runtime:all 1.4.0-11ubuntu2
2022-05-31 15:44:15 status half-configured libpam-runtime:all 1.4.0-11ubuntu2
2022-05-31 15:44:15 status installed libpam-runtime:all 1.4.0-11ubuntu2
2022-05-31 15:44:15 startup packages configure
2022-05-31 15:44:17 startup archives unpack
2022-05-31 15:44:17 upgrade libpam0g:amd64 1.4.0-11ubuntu2 1.4.0-11ubuntu2
2022-05-31 15:44:17 status triggers-pending libc-bin:amd64 2.35-0ubuntu3
2022-05-31 15:44:17 status half-configured libpam0g:amd64 1.4.0-11ubuntu2
2022-05-31 15:44:17 status unpacked libpam0g:amd64 1.4.0-11ubuntu2
2022-05-31 15:44:17 status half-installed libpam0g:amd64 1.4.0-11ubuntu2
2022-05-31 15:44:17 status unpacked libpam0g:amd64 1.4.0-11ubuntu2
2022-05-31 15:44:17 startup packages configure
2022-05-31 15:44:17 configure libpam0g:amd64 1.4.0-11ubuntu2 <none>
2022-05-31 15:44:17 status unpacked libpam0g:amd64 1.4.0-11ubuntu2
2022-05-31 15:44:17 status half-configured libpam0g:amd64 1.4.0-11ubuntu2
2022-05-31 15:44:17 status installed libpam0g:amd64 1.4.0-11ubuntu2
2022-05-31 15:44:17 startup packages configure
2022-05-31 15:44:17 trigproc libc-bin:amd64 2.35-0ubuntu3 <none>
2022-05-31 15:44:17 status half-configured libc-bin:amd64 2.35-0ubuntu3
2022-05-31 15:44:17 status installed libc-bin:amd64 2.35-0ubuntu3
2022-05-31 15:44:19 startup archives unpack
2022-05-31 15:44:19 upgrade libpcre2-8-0:amd64 10.39-3build1 10.39-3build1
2022-05-31 15:44:19 status triggers-pending libc-bin:amd64 2.35-0ubuntu3
2022-05-31 15:44:19 status half-configured libpcre2-8-0:amd64 10.39-3build1
2022-05-31 15:44:19 status unpacked libpcre2-8-0:amd64 10.39-3build1
2022-05-31 15:44:19 status half-installed libpcre2-8-0:amd64 10.39-3build1
2022-05-31 15:44:19 status unpacked libpcre2-8-0:amd64 10.39-3build1
2022-05-31 15:44:19 startup packages configure
2022-05-31 15:44:19 configure libpcre2-8-0:amd64 10.39-3build1 <none>
2022-05-31 15:44:19 status unpacked libpcre2-8-0:amd64 10.39-3build1
2022-05-31 15:44:19 status half-configured libpcre2-8-0:amd64 10.39-3build1
2022-05-31 15:44:19 status installed libpcre2-8-0:amd64 10.39-3build1
2022-05-31 15:44:19 startup packages configure
2022-05-31 15:44:19 trigproc libc-bin:amd64 2.35-0ubuntu3 <none>
2022-05-31 15:44:19 status half-configured libc-bin:amd64 2.35-0ubuntu3
2022-05-31 15:44:19 status installed libc-bin:amd64 2.35-0ubuntu3
2022-05-31 15:44:20 startup archives unpack
2022-05-31 15:44:20 upgrade libpcre3:amd64 2:8.39-13build5 2:8.39-13build5
2022-05-31 15:44:20 status triggers-pending libc-bin:amd64 2.35-0ubuntu3
2022-05-31 15:44:20 status half-configured libpcre3:amd64 2:8.39-13build5
2022-05-31 15:44:20 status unpacked libpcre3:amd64 2:8.39-13build5
2022-05-31 15:44:20 status half-installed libpcre3:amd64 2:8.39-13build5
2022-05-31 15:44:20 status unpacked libpcre3:amd64 2:8.39-13build5
2022-05-31 15:44:21 startup packages configure
2022-05-31 15:44:21 configure libpcre3:amd64 2:8.39-13build5 <none>
2022-05-31 15:44:21 status unpacked libpcre3:amd64 2:8.39-13build5
2022-05-31 15:44:21 status half-configured libpcre3:amd64 2:8.39-13build5
2022-05-31 15:44:21 status installed libpcre3:amd64 2:8.39-13build5
2022-05-31 15:44:21 startup packages configure
2022-05-31 15:44:21 trigproc libc-bin:amd64 2.35-0ubuntu3 <none>
2022-05-31 15:44:21 status half-configured libc-bin:amd64 2.35-0ubuntu3
2022-05-31 15:44:21 status installed libc-bin:amd64 2.35-0ubuntu3
2022-05-31 15:44:22 startup archives unpack
2022-05-31 15:44:22 upgrade libprocps8:amd64 2:3.3.17-6ubuntu2 2:3.3.17-6ubuntu2
2022-05-31 15:44:22 status triggers-pending libc-bin:amd64 2.35-0ubuntu3
2022-05-31 15:44:22 status half-configured libprocps8:amd64 2:3.3.17-6ubuntu2
2022-05-31 15:44:22 status unpacked libprocps8:amd64 2:3.3.17-6ubuntu2
2022-05-31 15:44:22 status half-installed libprocps8:amd64 2:3.3.17-6ubuntu2
2022-05-31 15:44:22 status unpacked libprocps8:amd64 2:3.3.17-6ubuntu2
2022-05-31 15:44:23 startup packages configure
2022-05-31 15:44:23 configure libprocps8:amd64 2:3.3.17-6ubuntu2 <none>
2022-05-31 15:44:23 status unpacked libprocps8:amd64 2:3.3.17-6ubuntu2
2022-05-31 15:44:23 status half-configured libprocps8:amd64 2:3.3.17-6ubuntu2
2022-05-31 15:44:23 status installed libprocps8:amd64 2:3.3.17-6ubuntu2
2022-05-31 15:44:23 trigproc libc-bin:amd64 2.35-0ubuntu3 <none>
2022-05-31 15:44:23 status half-configured libc-bin:amd64 2.35-0ubuntu3
2022-05-31 15:44:23 status installed libc-bin:amd64 2.35-0ubuntu3
2022-05-31 15:44:24 startup archives unpack
2022-05-31 15:44:24 upgrade libseccomp2:amd64 2.5.3-2ubuntu2 2.5.3-2ubuntu2
2022-05-31 15:44:24 status triggers-pending libc-bin:amd64 2.35-0ubuntu3
2022-05-31 15:44:24 status half-configured libseccomp2:amd64 2.5.3-2ubuntu2
2022-05-31 15:44:24 status unpacked libseccomp2:amd64 2.5.3-2ubuntu2
2022-05-31 15:44:24 status half-installed libseccomp2:amd64 2.5.3-2ubuntu2
2022-05-31 15:44:24 status unpacked libseccomp2:amd64 2.5.3-2ubuntu2
2022-05-31 15:44:24 startup packages configure
2022-05-31 15:44:24 configure libseccomp2:amd64 2.5.3-2ubuntu2 <none>
2022-05-31 15:44:24 status unpacked libseccomp2:amd64 2.5.3-2ubuntu2
2022-05-31 15:44:24 status half-configured libseccomp2:amd64 2.5.3-2ubuntu2
2022-05-31 15:44:24 status installed libseccomp2:amd64 2.5.3-2ubuntu2
2022-05-31 15:44:24 startup packages configure
2022-05-31 15:44:24 trigproc libc-bin:amd64 2.35-0ubuntu3 <none>
2022-05-31 15:44:24 status half-configured libc-bin:amd64 2.35-0ubuntu3
2022-05-31 15:44:24 status installed libc-bin:amd64 2.35-0ubuntu3
2022-05-31 15:44:26 startup archives unpack
2022-05-31 15:44:26 upgrade libselinux1:amd64 3.3-1build2 3.3-1build2
2022-05-31 15:44:26 status triggers-pending libc-bin:amd64 2.35-0ubuntu3
2022-05-31 15:44:26 status half-configured libselinux1:amd64 3.3-1build2
2022-05-31 15:44:26 status unpacked libselinux1:amd64 3.3-1build2
2022-05-31 15:44:26 status half-installed libselinux1:amd64 3.3-1build2
2022-05-31 15:44:26 status unpacked libselinux1:amd64 3.3-1build2
2022-05-31 15:44:26 startup packages configure
2022-05-31 15:44:26 configure libselinux1:amd64 3.3-1build2 <none>
2022-05-31 15:44:26 status unpacked libselinux1:amd64 3.3-1build2
2022-05-31 15:44:26 status half-configured libselinux1:amd64 3.3-1build2
2022-05-31 15:44:26 status installed libselinux1:amd64 3.3-1build2
2022-05-31 15:44:26 startup packages configure
2022-05-31 15:44:26 trigproc libc-bin:amd64 2.35-0ubuntu3 <none>
2022-05-31 15:44:26 status half-configured libc-bin:amd64 2.35-0ubuntu3
2022-05-31 15:44:26 status installed libc-bin:amd64 2.35-0ubuntu3
2022-05-31 15:44:28 startup archives unpack
2022-05-31 15:44:28 upgrade libsemanage-common:all 3.3-1build2 3.3-1build2
2022-05-31 15:44:28 status half-configured libsemanage-common:all 3.3-1build2
2022-05-31 15:44:28 status unpacked libsemanage-common:all 3.3-1build2
2022-05-31 15:44:28 status half-installed libsemanage-common:all 3.3-1build2
2022-05-31 15:44:28 status unpacked libsemanage-common:all 3.3-1build2
2022-05-31 15:44:28 startup packages configure
2022-05-31 15:44:28 configure libsemanage-common:all 3.3-1build2 <none>
2022-05-31 15:44:28 status unpacked libsemanage-common:all 3.3-1build2
2022-05-31 15:44:28 status half-configured libsemanage-common:all 3.3-1build2
2022-05-31 15:44:28 status installed libsemanage-common:all 3.3-1build2
2022-05-31 15:44:28 startup packages configure
2022-05-31 15:44:30 startup archives unpack
2022-05-31 15:44:30 upgrade libsemanage2:amd64 3.3-1build2 3.3-1build2
2022-05-31 15:44:30 status triggers-pending libc-bin:amd64 2.35-0ubuntu3
2022-05-31 15:44:30 status half-configured libsemanage2:amd64 3.3-1build2
2022-05-31 15:44:30 status unpacked libsemanage2:amd64 3.3-1build2
2022-05-31 15:44:30 status half-installed libsemanage2:amd64 3.3-1build2
2022-05-31 15:44:30 status unpacked libsemanage2:amd64 3.3-1build2
2022-05-31 15:44:30 startup packages configure
2022-05-31 15:44:30 configure libsemanage2:amd64 3.3-1build2 <none>
2022-05-31 15:44:30 status unpacked libsemanage2:amd64 3.3-1build2
2022-05-31 15:44:30 status half-configured libsemanage2:amd64 3.3-1build2
2022-05-31 15:44:30 status installed libsemanage2:amd64 3.3-1build2
2022-05-31 15:44:30 startup packages configure
2022-05-31 15:44:30 trigproc libc-bin:amd64 2.35-0ubuntu3 <none>
2022-05-31 15:44:30 status half-configured libc-bin:amd64 2.35-0ubuntu3
2022-05-31 15:44:30 status installed libc-bin:amd64 2.35-0ubuntu3
2022-05-31 15:44:32 startup archives unpack
2022-05-31 15:44:32 upgrade libsepol2:amd64 3.3-1build1 3.3-1build1
2022-05-31 15:44:32 status triggers-pending libc-bin:amd64 2.35-0ubuntu3
2022-05-31 15:44:32 status half-configured libsepol2:amd64 3.3-1build1
2022-05-31 15:44:32 status unpacked libsepol2:amd64 3.3-1build1
2022-05-31 15:44:32 status half-installed libsepol2:amd64 3.3-1build1
2022-05-31 15:44:32 status unpacked libsepol2:amd64 3.3-1build1
2022-05-31 15:44:32 startup packages configure
2022-05-31 15:44:32 configure libsepol2:amd64 3.3-1build1 <none>
2022-05-31 15:44:32 status unpacked libsepol2:amd64 3.3-1build1
2022-05-31 15:44:32 status half-configured libsepol2:amd64 3.3-1build1
2022-05-31 15:44:32 status installed libsepol2:amd64 3.3-1build1
2022-05-31 15:44:32 startup packages configure
2022-05-31 15:44:32 trigproc libc-bin:amd64 2.35-0ubuntu3 <none>
2022-05-31 15:44:32 status half-configured libc-bin:amd64 2.35-0ubuntu3
2022-05-31 15:44:32 status installed libc-bin:amd64 2.35-0ubuntu3
2022-05-31 15:44:34 startup archives unpack
2022-05-31 15:44:34 upgrade libsmartcols1:amd64 2.37.2-4ubuntu3 2.37.2-4ubuntu3
2022-05-31 15:44:34 status triggers-pending libc-bin:amd64 2.35-0ubuntu3
2022-05-31 15:44:34 status half-configured libsmartcols1:amd64 2.37.2-4ubuntu3
2022-05-31 15:44:34 status unpacked libsmartcols1:amd64 2.37.2-4ubuntu3
2022-05-31 15:44:34 status half-installed libsmartcols1:amd64 2.37.2-4ubuntu3
2022-05-31 15:44:34 status unpacked libsmartcols1:amd64 2.37.2-4ubuntu3
2022-05-31 15:44:34 startup packages configure
2022-05-31 15:44:34 configure libsmartcols1:amd64 2.37.2-4ubuntu3 <none>
2022-05-31 15:44:34 status unpacked libsmartcols1:amd64 2.37.2-4ubuntu3
2022-05-31 15:44:34 status half-configured libsmartcols1:amd64 2.37.2-4ubuntu3
2022-05-31 15:44:34 status installed libsmartcols1:amd64 2.37.2-4ubuntu3
2022-05-31 15:44:34 startup packages configure
2022-05-31 15:44:34 trigproc libc-bin:amd64 2.35-0ubuntu3 <none>
2022-05-31 15:44:34 status half-configured libc-bin:amd64 2.35-0ubuntu3
2022-05-31 15:44:34 status installed libc-bin:amd64 2.35-0ubuntu3
2022-05-31 15:44:36 startup archives unpack
2022-05-31 15:44:36 upgrade libss2:amd64 1.46.5-2ubuntu1 1.46.5-2ubuntu1
2022-05-31 15:44:36 status triggers-pending libc-bin:amd64 2.35-0ubuntu3
2022-05-31 15:44:36 status half-configured libss2:amd64 1.46.5-2ubuntu1
2022-05-31 15:44:36 status unpacked libss2:amd64 1.46.5-2ubuntu1
2022-05-31 15:44:36 status half-installed libss2:amd64 1.46.5-2ubuntu1
2022-05-31 15:44:36 status unpacked libss2:amd64 1.46.5-2ubuntu1
2022-05-31 15:44:36 startup packages configure
2022-05-31 15:44:36 configure libss2:amd64 1.46.5-2ubuntu1 <none>
2022-05-31 15:44:36 status unpacked libss2:amd64 1.46.5-2ubuntu1
2022-05-31 15:44:36 status half-configured libss2:amd64 1.46.5-2ubuntu1
2022-05-31 15:44:36 status installed libss2:amd64 1.46.5-2ubuntu1
2022-05-31 15:44:36 trigproc libc-bin:amd64 2.35-0ubuntu3 <none>
2022-05-31 15:44:36 status half-configured libc-bin:amd64 2.35-0ubuntu3
2022-05-31 15:44:36 status installed libc-bin:amd64 2.35-0ubuntu3
2022-05-31 15:44:38 startup archives unpack
2022-05-31 15:44:38 upgrade libssl3:amd64 3.0.2-0ubuntu1 3.0.2-0ubuntu1
2022-05-31 15:44:38 status triggers-pending libc-bin:amd64 2.35-0ubuntu3
2022-05-31 15:44:38 status half-configured libssl3:amd64 3.0.2-0ubuntu1
2022-05-31 15:44:38 status unpacked libssl3:amd64 3.0.2-0ubuntu1
2022-05-31 15:44:38 status half-installed libssl3:amd64 3.0.2-0ubuntu1
2022-05-31 15:44:38 status unpacked libssl3:amd64 3.0.2-0ubuntu1
2022-05-31 15:44:39 startup packages configure
2022-05-31 15:44:39 configure libssl3:amd64 3.0.2-0ubuntu1 <none>
2022-05-31 15:44:39 status unpacked libssl3:amd64 3.0.2-0ubuntu1
2022-05-31 15:44:39 status half-configured libssl3:amd64 3.0.2-0ubuntu1
2022-05-31 15:44:39 status installed libssl3:amd64 3.0.2-0ubuntu1
2022-05-31 15:44:39 startup packages configure
2022-05-31 15:44:39 trigproc libc-bin:amd64 2.35-0ubuntu3 <none>
2022-05-31 15:44:39 status half-configured libc-bin:amd64 2.35-0ubuntu3
2022-05-31 15:44:39 status installed libc-bin:amd64 2.35-0ubuntu3
2022-05-31 15:44:41 startup archives unpack
2022-05-31 15:44:41 upgrade libstdc++6:amd64 12-20220319-1ubuntu1 12-20220319-1ubuntu1
2022-05-31 15:44:41 status triggers-pending libc-bin:amd64 2.35-0ubuntu3
2022-05-31 15:44:41 status half-configured libstdc++6:amd64 12-20220319-1ubuntu1
2022-05-31 15:44:41 status unpacked libstdc++6:amd64 12-20220319-1ubuntu1
2022-05-31 15:44:41 status half-installed libstdc++6:amd64 12-20220319-1ubuntu1
2022-05-31 15:44:41 status unpacked libstdc++6:amd64 12-20220319-1ubuntu1
2022-05-31 15:44:41 startup packages configure
2022-05-31 15:44:41 configure libstdc++6:amd64 12-20220319-1ubuntu1 <none>
2022-05-31 15:44:41 status unpacked libstdc++6:amd64 12-20220319-1ubuntu1
2022-05-31 15:44:41 status half-configured libstdc++6:amd64 12-20220319-1ubuntu1
2022-05-31 15:44:41 status installed libstdc++6:amd64 12-20220319-1ubuntu1
2022-05-31 15:44:41 startup packages configure
2022-05-31 15:44:41 trigproc libc-bin:amd64 2.35-0ubuntu3 <none>
2022-05-31 15:44:41 status half-configured libc-bin:amd64 2.35-0ubuntu3
2022-05-31 15:44:41 status installed libc-bin:amd64 2.35-0ubuntu3
2022-05-31 15:44:42 startup archives unpack
2022-05-31 15:44:42 upgrade libsystemd0:amd64 249.11-0ubuntu3 249.11-0ubuntu3
2022-05-31 15:44:42 status triggers-pending libc-bin:amd64 2.35-0ubuntu3
2022-05-31 15:44:42 status half-configured libsystemd0:amd64 249.11-0ubuntu3
2022-05-31 15:44:42 status unpacked libsystemd0:amd64 249.11-0ubuntu3
2022-05-31 15:44:42 status half-installed libsystemd0:amd64 249.11-0ubuntu3
2022-05-31 15:44:42 status unpacked libsystemd0:amd64 249.11-0ubuntu3
2022-05-31 15:44:43 startup packages configure
2022-05-31 15:44:43 configure libsystemd0:amd64 249.11-0ubuntu3 <none>
2022-05-31 15:44:43 status unpacked libsystemd0:amd64 249.11-0ubuntu3
2022-05-31 15:44:43 status half-configured libsystemd0:amd64 249.11-0ubuntu3
2022-05-31 15:44:43 status installed libsystemd0:amd64 249.11-0ubuntu3
2022-05-31 15:44:43 startup packages configure
2022-05-31 15:44:43 trigproc libc-bin:amd64 2.35-0ubuntu3 <none>
2022-05-31 15:44:43 status half-configured libc-bin:amd64 2.35-0ubuntu3
2022-05-31 15:44:43 status installed libc-bin:amd64 2.35-0ubuntu3
2022-05-31 15:44:44 startup archives unpack
2022-05-31 15:44:44 upgrade libtasn1-6:amd64 4.18.0-4build1 4.18.0-4build1
2022-05-31 15:44:44 status triggers-pending libc-bin:amd64 2.35-0ubuntu3
2022-05-31 15:44:44 status half-configured libtasn1-6:amd64 4.18.0-4build1
2022-05-31 15:44:44 status unpacked libtasn1-6:amd64 4.18.0-4build1
2022-05-31 15:44:44 status half-installed libtasn1-6:amd64 4.18.0-4build1
2022-05-31 15:44:44 status unpacked libtasn1-6:amd64 4.18.0-4build1
2022-05-31 15:44:44 startup packages configure
2022-05-31 15:44:44 configure libtasn1-6:amd64 4.18.0-4build1 <none>
2022-05-31 15:44:44 status unpacked libtasn1-6:amd64 4.18.0-4build1
2022-05-31 15:44:44 status half-configured libtasn1-6:amd64 4.18.0-4build1
2022-05-31 15:44:44 status installed libtasn1-6:amd64 4.18.0-4build1
2022-05-31 15:44:45 startup packages configure
2022-05-31 15:44:45 trigproc libc-bin:amd64 2.35-0ubuntu3 <none>
2022-05-31 15:44:45 status half-configured libc-bin:amd64 2.35-0ubuntu3
2022-05-31 15:44:45 status installed libc-bin:amd64 2.35-0ubuntu3
2022-05-31 15:44:46 startup archives unpack
2022-05-31 15:44:46 upgrade libtinfo6:amd64 6.3-2 6.3-2
2022-05-31 15:44:46 status triggers-pending libc-bin:amd64 2.35-0ubuntu3
2022-05-31 15:44:46 status half-configured libtinfo6:amd64 6.3-2
2022-05-31 15:44:46 status unpacked libtinfo6:amd64 6.3-2
2022-05-31 15:44:46 status half-installed libtinfo6:amd64 6.3-2
2022-05-31 15:44:46 status unpacked libtinfo6:amd64 6.3-2
2022-05-31 15:44:46 startup packages configure
2022-05-31 15:44:46 configure libtinfo6:amd64 6.3-2 <none>
2022-05-31 15:44:46 status unpacked libtinfo6:amd64 6.3-2
2022-05-31 15:44:46 status half-configured libtinfo6:amd64 6.3-2
2022-05-31 15:44:46 status installed libtinfo6:amd64 6.3-2
2022-05-31 15:44:47 startup packages configure
2022-05-31 15:44:47 trigproc libc-bin:amd64 2.35-0ubuntu3 <none>
2022-05-31 15:44:47 status half-configured libc-bin:amd64 2.35-0ubuntu3
2022-05-31 15:44:47 status installed libc-bin:amd64 2.35-0ubuntu3
2022-05-31 15:44:48 startup archives unpack
2022-05-31 15:44:48 upgrade libtirpc-common:all 1.3.2-2build1 1.3.2-2build1
2022-05-31 15:44:48 status half-configured libtirpc-common:all 1.3.2-2build1
2022-05-31 15:44:48 status unpacked libtirpc-common:all 1.3.2-2build1
2022-05-31 15:44:48 status half-installed libtirpc-common:all 1.3.2-2build1
2022-05-31 15:44:48 status unpacked libtirpc-common:all 1.3.2-2build1
2022-05-31 15:44:48 startup packages configure
2022-05-31 15:44:48 configure libtirpc-common:all 1.3.2-2build1 <none>
2022-05-31 15:44:48 status unpacked libtirpc-common:all 1.3.2-2build1
2022-05-31 15:44:48 status half-configured libtirpc-common:all 1.3.2-2build1
2022-05-31 15:44:48 status installed libtirpc-common:all 1.3.2-2build1
2022-05-31 15:44:49 startup packages configure
2022-05-31 15:44:50 startup archives unpack
2022-05-31 15:44:50 upgrade libtirpc3:amd64 1.3.2-2build1 1.3.2-2build1
2022-05-31 15:44:50 status triggers-pending libc-bin:amd64 2.35-0ubuntu3
2022-05-31 15:44:50 status half-configured libtirpc3:amd64 1.3.2-2build1
2022-05-31 15:44:50 status unpacked libtirpc3:amd64 1.3.2-2build1
2022-05-31 15:44:50 status half-installed libtirpc3:amd64 1.3.2-2build1
2022-05-31 15:44:50 status unpacked libtirpc3:amd64 1.3.2-2build1
2022-05-31 15:44:50 startup packages configure
2022-05-31 15:44:50 configure libtirpc3:amd64 1.3.2-2build1 <none>
2022-05-31 15:44:50 status unpacked libtirpc3:amd64 1.3.2-2build1
2022-05-31 15:44:50 status half-configured libtirpc3:amd64 1.3.2-2build1
2022-05-31 15:44:50 status installed libtirpc3:amd64 1.3.2-2build1
2022-05-31 15:44:51 startup packages configure
2022-05-31 15:44:51 trigproc libc-bin:amd64 2.35-0ubuntu3 <none>
2022-05-31 15:44:51 status half-configured libc-bin:amd64 2.35-0ubuntu3
2022-05-31 15:44:51 status installed libc-bin:amd64 2.35-0ubuntu3
2022-05-31 15:44:52 startup archives unpack
2022-05-31 15:44:52 upgrade libudev1:amd64 249.11-0ubuntu3 249.11-0ubuntu3
2022-05-31 15:44:52 status triggers-pending libc-bin:amd64 2.35-0ubuntu3
2022-05-31 15:44:52 status half-configured libudev1:amd64 249.11-0ubuntu3
2022-05-31 15:44:52 status unpacked libudev1:amd64 249.11-0ubuntu3
2022-05-31 15:44:52 status half-installed libudev1:amd64 249.11-0ubuntu3
2022-05-31 15:44:52 status unpacked libudev1:amd64 249.11-0ubuntu3
2022-05-31 15:44:52 startup packages configure
2022-05-31 15:44:52 configure libudev1:amd64 249.11-0ubuntu3 <none>
2022-05-31 15:44:52 status unpacked libudev1:amd64 249.11-0ubuntu3
2022-05-31 15:44:52 status half-configured libudev1:amd64 249.11-0ubuntu3
2022-05-31 15:44:52 status installed libudev1:amd64 249.11-0ubuntu3
2022-05-31 15:44:52 startup packages configure
2022-05-31 15:44:52 trigproc libc-bin:amd64 2.35-0ubuntu3 <none>
2022-05-31 15:44:52 status half-configured libc-bin:amd64 2.35-0ubuntu3
2022-05-31 15:44:53 status installed libc-bin:amd64 2.35-0ubuntu3
2022-05-31 15:44:54 startup archives unpack
2022-05-31 15:44:54 upgrade libunistring2:amd64 1.0-1 1.0-1
2022-05-31 15:44:54 status triggers-pending libc-bin:amd64 2.35-0ubuntu3
2022-05-31 15:44:54 status half-configured libunistring2:amd64 1.0-1
2022-05-31 15:44:54 status unpacked libunistring2:amd64 1.0-1
2022-05-31 15:44:54 status half-installed libunistring2:amd64 1.0-1
2022-05-31 15:44:54 status unpacked libunistring2:amd64 1.0-1
2022-05-31 15:44:54 startup packages configure
2022-05-31 15:44:54 configure libunistring2:amd64 1.0-1 <none>
2022-05-31 15:44:54 status unpacked libunistring2:amd64 1.0-1
2022-05-31 15:44:54 status half-configured libunistring2:amd64 1.0-1
2022-05-31 15:44:54 status installed libunistring2:amd64 1.0-1
2022-05-31 15:44:55 startup packages configure
2022-05-31 15:44:55 trigproc libc-bin:amd64 2.35-0ubuntu3 <none>
2022-05-31 15:44:55 status half-configured libc-bin:amd64 2.35-0ubuntu3
2022-05-31 15:44:55 status installed libc-bin:amd64 2.35-0ubuntu3
2022-05-31 15:44:56 startup archives unpack
2022-05-31 15:44:56 upgrade libuuid1:amd64 2.37.2-4ubuntu3 2.37.2-4ubuntu3
2022-05-31 15:44:56 status triggers-pending libc-bin:amd64 2.35-0ubuntu3
2022-05-31 15:44:56 status half-configured libuuid1:amd64 2.37.2-4ubuntu3
2022-05-31 15:44:56 status unpacked libuuid1:amd64 2.37.2-4ubuntu3
2022-05-31 15:44:56 status half-installed libuuid1:amd64 2.37.2-4ubuntu3
2022-05-31 15:44:56 status unpacked libuuid1:amd64 2.37.2-4ubuntu3
2022-05-31 15:44:56 startup packages configure
2022-05-31 15:44:56 configure libuuid1:amd64 2.37.2-4ubuntu3 <none>
2022-05-31 15:44:56 status unpacked libuuid1:amd64 2.37.2-4ubuntu3
2022-05-31 15:44:56 status half-configured libuuid1:amd64 2.37.2-4ubuntu3
2022-05-31 15:44:56 status installed libuuid1:amd64 2.37.2-4ubuntu3
2022-05-31 15:44:56 startup packages configure
2022-05-31 15:44:56 trigproc libc-bin:amd64 2.35-0ubuntu3 <none>
2022-05-31 15:44:56 status half-configured libc-bin:amd64 2.35-0ubuntu3
2022-05-31 15:44:56 status installed libc-bin:amd64 2.35-0ubuntu3
2022-05-31 15:44:58 startup archives unpack
2022-05-31 15:44:58 upgrade libxxhash0:amd64 0.8.1-1 0.8.1-1
2022-05-31 15:44:58 status triggers-pending libc-bin:amd64 2.35-0ubuntu3
2022-05-31 15:44:58 status half-configured libxxhash0:amd64 0.8.1-1
2022-05-31 15:44:58 status unpacked libxxhash0:amd64 0.8.1-1
2022-05-31 15:44:58 status half-installed libxxhash0:amd64 0.8.1-1
2022-05-31 15:44:58 status unpacked libxxhash0:amd64 0.8.1-1
2022-05-31 15:44:58 startup packages configure
2022-05-31 15:44:58 configure libxxhash0:amd64 0.8.1-1 <none>
2022-05-31 15:44:58 status unpacked libxxhash0:amd64 0.8.1-1
2022-05-31 15:44:58 status half-configured libxxhash0:amd64 0.8.1-1
2022-05-31 15:44:58 status installed libxxhash0:amd64 0.8.1-1
2022-05-31 15:44:58 startup packages configure
2022-05-31 15:44:58 trigproc libc-bin:amd64 2.35-0ubuntu3 <none>
2022-05-31 15:44:58 status half-configured libc-bin:amd64 2.35-0ubuntu3
2022-05-31 15:44:58 status installed libc-bin:amd64 2.35-0ubuntu3
2022-05-31 15:45:00 startup archives unpack
2022-05-31 15:45:00 upgrade libzstd1:amd64 1.4.8+dfsg-3build1 1.4.8+dfsg-3build1
2022-05-31 15:45:00 status triggers-pending libc-bin:amd64 2.35-0ubuntu3
2022-05-31 15:45:00 status half-configured libzstd1:amd64 1.4.8+dfsg-3build1
2022-05-31 15:45:00 status unpacked libzstd1:amd64 1.4.8+dfsg-3build1
2022-05-31 15:45:00 status half-installed libzstd1:amd64 1.4.8+dfsg-3build1
2022-05-31 15:45:00 status unpacked libzstd1:amd64 1.4.8+dfsg-3build1
2022-05-31 15:45:00 startup packages configure
2022-05-31 15:45:00 configure libzstd1:amd64 1.4.8+dfsg-3build1 <none>
2022-05-31 15:45:00 status unpacked libzstd1:amd64 1.4.8+dfsg-3build1
2022-05-31 15:45:00 status half-configured libzstd1:amd64 1.4.8+dfsg-3build1
2022-05-31 15:45:00 status installed libzstd1:amd64 1.4.8+dfsg-3build1
2022-05-31 15:45:01 startup packages configure
2022-05-31 15:45:01 trigproc libc-bin:amd64 2.35-0ubuntu3 <none>
2022-05-31 15:45:01 status half-configured libc-bin:amd64 2.35-0ubuntu3
2022-05-31 15:45:01 status installed libc-bin:amd64 2.35-0ubuntu3
2022-05-31 15:45:02 startup archives unpack
2022-05-31 15:45:02 upgrade login:amd64 1:4.8.1-2ubuntu2 1:4.8.1-2ubuntu2
2022-05-31 15:45:02 status half-configured login:amd64 1:4.8.1-2ubuntu2
2022-05-31 15:45:02 status unpacked login:amd64 1:4.8.1-2ubuntu2
2022-05-31 15:45:02 status half-installed login:amd64 1:4.8.1-2ubuntu2
2022-05-31 15:45:02 status unpacked login:amd64 1:4.8.1-2ubuntu2
2022-05-31 15:45:02 startup packages configure
2022-05-31 15:45:02 configure login:amd64 1:4.8.1-2ubuntu2 <none>
2022-05-31 15:45:02 status unpacked login:amd64 1:4.8.1-2ubuntu2
2022-05-31 15:45:02 status half-configured login:amd64 1:4.8.1-2ubuntu2
2022-05-31 15:45:02 status installed login:amd64 1:4.8.1-2ubuntu2
2022-05-31 15:45:03 startup packages configure
2022-05-31 15:45:04 startup archives unpack
2022-05-31 15:45:04 upgrade logsave:amd64 1.46.5-2ubuntu1 1.46.5-2ubuntu1
2022-05-31 15:45:04 status half-configured logsave:amd64 1.46.5-2ubuntu1
2022-05-31 15:45:04 status unpacked logsave:amd64 1.46.5-2ubuntu1
2022-05-31 15:45:04 status half-installed logsave:amd64 1.46.5-2ubuntu1
2022-05-31 15:45:04 status unpacked logsave:amd64 1.46.5-2ubuntu1
2022-05-31 15:45:04 startup packages configure
2022-05-31 15:45:04 configure logsave:amd64 1.46.5-2ubuntu1 <none>
2022-05-31 15:45:04 status unpacked logsave:amd64 1.46.5-2ubuntu1
2022-05-31 15:45:04 status half-configured logsave:amd64 1.46.5-2ubuntu1
2022-05-31 15:45:04 status installed logsave:amd64 1.46.5-2ubuntu1
2022-05-31 15:45:06 startup archives unpack
2022-05-31 15:45:06 upgrade lsb-base:all 11.1.0ubuntu4 11.1.0ubuntu4
2022-05-31 15:45:06 status half-configured lsb-base:all 11.1.0ubuntu4
2022-05-31 15:45:06 status unpacked lsb-base:all 11.1.0ubuntu4
2022-05-31 15:45:06 status half-installed lsb-base:all 11.1.0ubuntu4
2022-05-31 15:45:06 status unpacked lsb-base:all 11.1.0ubuntu4
2022-05-31 15:45:06 startup packages configure
2022-05-31 15:45:06 configure lsb-base:all 11.1.0ubuntu4 <none>
2022-05-31 15:45:06 status unpacked lsb-base:all 11.1.0ubuntu4
2022-05-31 15:45:06 status half-configured lsb-base:all 11.1.0ubuntu4
2022-05-31 15:45:06 status installed lsb-base:all 11.1.0ubuntu4
2022-05-31 15:45:06 startup packages configure
2022-05-31 15:45:08 startup archives unpack
2022-05-31 15:45:08 upgrade mawk:amd64 1.3.4.20200120-3 1.3.4.20200120-3
2022-05-31 15:45:08 status half-configured mawk:amd64 1.3.4.20200120-3
2022-05-31 15:45:08 status unpacked mawk:amd64 1.3.4.20200120-3
2022-05-31 15:45:08 status half-installed mawk:amd64 1.3.4.20200120-3
2022-05-31 15:45:08 status unpacked mawk:amd64 1.3.4.20200120-3
2022-05-31 15:45:08 startup packages configure
2022-05-31 15:45:08 configure mawk:amd64 1.3.4.20200120-3 <none>
2022-05-31 15:45:08 status unpacked mawk:amd64 1.3.4.20200120-3
2022-05-31 15:45:08 status half-configured mawk:amd64 1.3.4.20200120-3
2022-05-31 15:45:08 status installed mawk:amd64 1.3.4.20200120-3
2022-05-31 15:45:09 startup archives unpack
2022-05-31 15:45:09 upgrade mount:amd64 2.37.2-4ubuntu3 2.37.2-4ubuntu3
2022-05-31 15:45:09 status half-configured mount:amd64 2.37.2-4ubuntu3
2022-05-31 15:45:09 status unpacked mount:amd64 2.37.2-4ubuntu3
2022-05-31 15:45:09 status half-installed mount:amd64 2.37.2-4ubuntu3
2022-05-31 15:45:09 status unpacked mount:amd64 2.37.2-4ubuntu3
2022-05-31 15:45:10 startup packages configure
2022-05-31 15:45:10 configure mount:amd64 2.37.2-4ubuntu3 <none>
2022-05-31 15:45:10 status unpacked mount:amd64 2.37.2-4ubuntu3
2022-05-31 15:45:10 status half-configured mount:amd64 2.37.2-4ubuntu3
2022-05-31 15:45:10 status installed mount:amd64 2.37.2-4ubuntu3
2022-05-31 15:45:11 startup archives unpack
2022-05-31 15:45:11 upgrade ncurses-base:all 6.3-2 6.3-2
2022-05-31 15:45:11 status half-configured ncurses-base:all 6.3-2
2022-05-31 15:45:11 status unpacked ncurses-base:all 6.3-2
2022-05-31 15:45:11 status half-installed ncurses-base:all 6.3-2
2022-05-31 15:45:11 status unpacked ncurses-base:all 6.3-2
2022-05-31 15:45:11 startup packages configure
2022-05-31 15:45:11 configure ncurses-base:all 6.3-2 <none>
2022-05-31 15:45:11 status unpacked ncurses-base:all 6.3-2
2022-05-31 15:45:11 status half-configured ncurses-base:all 6.3-2
2022-05-31 15:45:11 status installed ncurses-base:all 6.3-2
2022-05-31 15:45:11 startup packages configure
2022-05-31 15:45:13 startup archives unpack
2022-05-31 15:45:13 upgrade ncurses-bin:amd64 6.3-2 6.3-2
2022-05-31 15:45:13 status half-configured ncurses-bin:amd64 6.3-2
2022-05-31 15:45:13 status unpacked ncurses-bin:amd64 6.3-2
2022-05-31 15:45:13 status half-installed ncurses-bin:amd64 6.3-2
2022-05-31 15:45:13 status unpacked ncurses-bin:amd64 6.3-2
2022-05-31 15:45:13 startup packages configure
2022-05-31 15:45:13 configure ncurses-bin:amd64 6.3-2 <none>
2022-05-31 15:45:13 status unpacked ncurses-bin:amd64 6.3-2
2022-05-31 15:45:13 status half-configured ncurses-bin:amd64 6.3-2
2022-05-31 15:45:13 status installed ncurses-bin:amd64 6.3-2
2022-05-31 15:45:13 startup packages configure
2022-05-31 15:45:15 startup archives unpack
2022-05-31 15:45:15 upgrade passwd:amd64 1:4.8.1-2ubuntu2 1:4.8.1-2ubuntu2
2022-05-31 15:45:15 status half-configured passwd:amd64 1:4.8.1-2ubuntu2
2022-05-31 15:45:15 status unpacked passwd:amd64 1:4.8.1-2ubuntu2
2022-05-31 15:45:15 status half-installed passwd:amd64 1:4.8.1-2ubuntu2
2022-05-31 15:45:15 status unpacked passwd:amd64 1:4.8.1-2ubuntu2
2022-05-31 15:45:15 startup packages configure
2022-05-31 15:45:15 configure passwd:amd64 1:4.8.1-2ubuntu2 <none>
2022-05-31 15:45:15 status unpacked passwd:amd64 1:4.8.1-2ubuntu2
2022-05-31 15:45:15 status half-configured passwd:amd64 1:4.8.1-2ubuntu2
2022-05-31 15:45:15 status installed passwd:amd64 1:4.8.1-2ubuntu2
2022-05-31 15:45:15 startup packages configure
2022-05-31 15:45:17 startup archives unpack
2022-05-31 15:45:17 upgrade perl-base:amd64 5.34.0-3ubuntu1 5.34.0-3ubuntu1
2022-05-31 15:45:17 status half-configured perl-base:amd64 5.34.0-3ubuntu1
2022-05-31 15:45:17 status unpacked perl-base:amd64 5.34.0-3ubuntu1
2022-05-31 15:45:17 status half-installed perl-base:amd64 5.34.0-3ubuntu1
2022-05-31 15:45:17 status unpacked perl-base:amd64 5.34.0-3ubuntu1
2022-05-31 15:45:17 startup packages configure
2022-05-31 15:45:17 configure perl-base:amd64 5.34.0-3ubuntu1 <none>
2022-05-31 15:45:17 status unpacked perl-base:amd64 5.34.0-3ubuntu1
2022-05-31 15:45:17 status half-configured perl-base:amd64 5.34.0-3ubuntu1
2022-05-31 15:45:17 status installed perl-base:amd64 5.34.0-3ubuntu1
2022-05-31 15:45:17 startup packages configure
2022-05-31 15:45:18 startup archives unpack
2022-05-31 15:45:19 upgrade procps:amd64 2:3.3.17-6ubuntu2 2:3.3.17-6ubuntu2
2022-05-31 15:45:19 status half-configured procps:amd64 2:3.3.17-6ubuntu2
2022-05-31 15:45:19 status unpacked procps:amd64 2:3.3.17-6ubuntu2
2022-05-31 15:45:19 status half-installed procps:amd64 2:3.3.17-6ubuntu2
2022-05-31 15:45:19 status unpacked procps:amd64 2:3.3.17-6ubuntu2
2022-05-31 15:45:19 startup packages configure
2022-05-31 15:45:19 configure procps:amd64 2:3.3.17-6ubuntu2 <none>
2022-05-31 15:45:19 status unpacked procps:amd64 2:3.3.17-6ubuntu2
2022-05-31 15:45:19 status half-configured procps:amd64 2:3.3.17-6ubuntu2
2022-05-31 15:45:19 status installed procps:amd64 2:3.3.17-6ubuntu2
2022-05-31 15:45:20 startup archives unpack
2022-05-31 15:45:20 upgrade sed:amd64 4.8-1ubuntu2 4.8-1ubuntu2
2022-05-31 15:45:20 status half-configured sed:amd64 4.8-1ubuntu2
2022-05-31 15:45:20 status unpacked sed:amd64 4.8-1ubuntu2
2022-05-31 15:45:20 status half-installed sed:amd64 4.8-1ubuntu2
2022-05-31 15:45:20 status unpacked sed:amd64 4.8-1ubuntu2
2022-05-31 15:45:20 startup packages configure
2022-05-31 15:45:20 configure sed:amd64 4.8-1ubuntu2 <none>
2022-05-31 15:45:20 status unpacked sed:amd64 4.8-1ubuntu2
2022-05-31 15:45:20 status half-configured sed:amd64 4.8-1ubuntu2
2022-05-31 15:45:20 status installed sed:amd64 4.8-1ubuntu2
2022-05-31 15:45:21 startup packages configure
2022-05-31 15:45:22 startup archives unpack
2022-05-31 15:45:22 upgrade sensible-utils:all 0.0.17 0.0.17
2022-05-31 15:45:22 status half-configured sensible-utils:all 0.0.17
2022-05-31 15:45:22 status unpacked sensible-utils:all 0.0.17
2022-05-31 15:45:22 status half-installed sensible-utils:all 0.0.17
2022-05-31 15:45:22 status unpacked sensible-utils:all 0.0.17
2022-05-31 15:45:23 startup packages configure
2022-05-31 15:45:23 configure sensible-utils:all 0.0.17 <none>
2022-05-31 15:45:23 status unpacked sensible-utils:all 0.0.17
2022-05-31 15:45:23 status half-configured sensible-utils:all 0.0.17
2022-05-31 15:45:23 status installed sensible-utils:all 0.0.17
2022-05-31 15:45:24 startup archives unpack
2022-05-31 15:45:24 upgrade sysvinit-utils:amd64 3.01-1ubuntu1 3.01-1ubuntu1
2022-05-31 15:45:24 status half-configured sysvinit-utils:amd64 3.01-1ubuntu1
2022-05-31 15:45:24 status unpacked sysvinit-utils:amd64 3.01-1ubuntu1
2022-05-31 15:45:24 status half-installed sysvinit-utils:amd64 3.01-1ubuntu1
2022-05-31 15:45:24 status unpacked sysvinit-utils:amd64 3.01-1ubuntu1
2022-05-31 15:45:24 startup packages configure
2022-05-31 15:45:24 configure sysvinit-utils:amd64 3.01-1ubuntu1 <none>
2022-05-31 15:45:24 status unpacked sysvinit-utils:amd64 3.01-1ubuntu1
2022-05-31 15:45:24 status half-configured sysvinit-utils:amd64 3.01-1ubuntu1
2022-05-31 15:45:24 status installed sysvinit-utils:amd64 3.01-1ubuntu1
2022-05-31 15:45:24 startup packages configure
2022-05-31 15:45:26 startup archives unpack
2022-05-31 15:45:26 upgrade tar:amd64 1.34+dfsg-1build3 1.34+dfsg-1build3
2022-05-31 15:45:26 status half-configured tar:amd64 1.34+dfsg-1build3
2022-05-31 15:45:26 status unpacked tar:amd64 1.34+dfsg-1build3
2022-05-31 15:45:26 status half-installed tar:amd64 1.34+dfsg-1build3
2022-05-31 15:45:26 status unpacked tar:amd64 1.34+dfsg-1build3
2022-05-31 15:45:26 startup packages configure
2022-05-31 15:45:26 configure tar:amd64 1.34+dfsg-1build3 <none>
2022-05-31 15:45:26 status unpacked tar:amd64 1.34+dfsg-1build3
2022-05-31 15:45:26 status half-configured tar:amd64 1.34+dfsg-1build3
2022-05-31 15:45:26 status installed tar:amd64 1.34+dfsg-1build3
2022-05-31 15:45:26 startup packages configure
2022-05-31 15:45:28 startup archives unpack
2022-05-31 15:45:28 upgrade ubuntu-keyring:all 2021.03.26 2021.03.26
2022-05-31 15:45:28 status half-configured ubuntu-keyring:all 2021.03.26
2022-05-31 15:45:28 status unpacked ubuntu-keyring:all 2021.03.26
2022-05-31 15:45:28 status half-installed ubuntu-keyring:all 2021.03.26
2022-05-31 15:45:28 status unpacked ubuntu-keyring:all 2021.03.26
2022-05-31 15:45:28 startup packages configure
2022-05-31 15:45:28 configure ubuntu-keyring:all 2021.03.26 <none>
2022-05-31 15:45:28 status unpacked ubuntu-keyring:all 2021.03.26
2022-05-31 15:45:28 status half-configured ubuntu-keyring:all 2021.03.26
2022-05-31 15:45:28 status installed ubuntu-keyring:all 2021.03.26
2022-05-31 15:45:28 startup packages configure
2022-05-31 15:45:30 startup archives unpack
2022-05-31 15:45:30 upgrade usrmerge:all 25ubuntu2 25ubuntu2
2022-05-31 15:45:30 status half-configured usrmerge:all 25ubuntu2
2022-05-31 15:45:30 status unpacked usrmerge:all 25ubuntu2
2022-05-31 15:45:30 status half-installed usrmerge:all 25ubuntu2
2022-05-31 15:45:30 status unpacked usrmerge:all 25ubuntu2
2022-05-31 15:45:30 startup packages configure
2022-05-31 15:45:30 configure usrmerge:all 25ubuntu2 <none>
2022-05-31 15:45:30 status unpacked usrmerge:all 25ubuntu2
2022-05-31 15:45:30 status half-configured usrmerge:all 25ubuntu2
2022-05-31 15:45:30 status installed usrmerge:all 25ubuntu2
2022-05-31 15:45:31 startup archives unpack
2022-05-31 15:45:31 upgrade util-linux:amd64 2.37.2-4ubuntu3 2.37.2-4ubuntu3
2022-05-31 15:45:31 status half-configured util-linux:amd64 2.37.2-4ubuntu3
2022-05-31 15:45:31 status unpacked util-linux:amd64 2.37.2-4ubuntu3
2022-05-31 15:45:31 status half-installed util-linux:amd64 2.37.2-4ubuntu3
2022-05-31 15:45:31 status unpacked util-linux:amd64 2.37.2-4ubuntu3
2022-05-31 15:45:31 startup packages configure
2022-05-31 15:45:31 configure util-linux:amd64 2.37.2-4ubuntu3 <none>
2022-05-31 15:45:31 status unpacked util-linux:amd64 2.37.2-4ubuntu3
2022-05-31 15:45:31 status half-configured util-linux:amd64 2.37.2-4ubuntu3
2022-05-31 15:45:32 status installed util-linux:amd64 2.37.2-4ubuntu3
2022-05-31 15:45:32 startup packages configure
2022-05-31 15:45:33 startup archives unpack
2022-05-31 15:45:33 upgrade zlib1g:amd64 1:1.2.11.dfsg-2ubuntu9 1:1.2.11.dfsg-2ubuntu9
2022-05-31 15:45:33 status triggers-pending libc-bin:amd64 2.35-0ubuntu3
2022-05-31 15:45:33 status half-configured zlib1g:amd64 1:1.2.11.dfsg-2ubuntu9
2022-05-31 15:45:33 status unpacked zlib1g:amd64 1:1.2.11.dfsg-2ubuntu9
2022-05-31 15:45:33 status half-installed zlib1g:amd64 1:1.2.11.dfsg-2ubuntu9
2022-05-31 15:45:33 status unpacked zlib1g:amd64 1:1.2.11.dfsg-2ubuntu9
2022-05-31 15:45:33 startup packages configure
2022-05-31 15:45:33 configure zlib1g:amd64 1:1.2.11.dfsg-2ubuntu9 <none>
2022-05-31 15:45:33 status unpacked zlib1g:amd64 1:1.2.11.dfsg-2ubuntu9
2022-05-31 15:45:33 status half-configured zlib1g:amd64 1:1.2.11.dfsg-2ubuntu9
2022-05-31 15:45:33 status installed zlib1g:amd64 1:1.2.11.dfsg-2ubuntu9
2022-05-31 15:45:33 startup packages configure
2022-05-31 15:45:33 trigproc libc-bin:amd64 2.35-0ubuntu3 <none>
2022-05-31 15:45:33 status half-configured libc-bin:amd64 2.35-0ubuntu3
2022-05-31 15:45:33 status installed libc-bin:amd64 2.35-0ubuntu3
2022-05-31 15:45:37 startup archives unpack
2022-05-31 15:45:37 upgrade base-files:amd64 12ubuntu4 12ubuntu4.1
2022-05-31 15:45:37 status half-configured base-files:amd64 12ubuntu4
2022-05-31 15:45:37 status unpacked base-files:amd64 12ubuntu4
2022-05-31 15:45:37 status half-installed base-files:amd64 12ubuntu4
2022-05-31 15:45:37 status unpacked base-files:amd64 12ubuntu4.1
2022-05-31 15:45:37 startup packages configure
2022-05-31 15:45:37 configure base-files:amd64 12ubuntu4.1 <none>
2022-05-31 15:45:37 status unpacked base-files:amd64 12ubuntu4.1
2022-05-31 15:45:37 status half-configured base-files:amd64 12ubuntu4.1
2022-05-31 15:45:37 status installed base-files:amd64 12ubuntu4.1
2022-05-31 15:45:37 startup archives unpack
2022-05-31 15:45:37 upgrade dpkg:amd64 1.21.1ubuntu2 1.21.1ubuntu2.1
2022-05-31 15:45:37 status half-configured dpkg:amd64 1.21.1ubuntu2
2022-05-31 15:45:37 status unpacked dpkg:amd64 1.21.1ubuntu2
2022-05-31 15:45:37 status half-installed dpkg:amd64 1.21.1ubuntu2
2022-05-31 15:45:37 status unpacked dpkg:amd64 1.21.1ubuntu2.1
2022-05-31 15:45:37 startup packages configure
2022-05-31 15:45:37 configure dpkg:amd64 1.21.1ubuntu2.1 <none>
2022-05-31 15:45:37 status unpacked dpkg:amd64 1.21.1ubuntu2.1
2022-05-31 15:45:37 status half-configured dpkg:amd64 1.21.1ubuntu2.1
2022-05-31 15:45:37 status installed dpkg:amd64 1.21.1ubuntu2.1
2022-05-31 15:45:37 startup archives unpack
2022-05-31 15:45:37 upgrade libsystemd0:amd64 249.11-0ubuntu3 249.11-0ubuntu3.1
2022-05-31 15:45:37 status triggers-pending libc-bin:amd64 2.35-0ubuntu3
2022-05-31 15:45:37 status half-configured libsystemd0:amd64 249.11-0ubuntu3
2022-05-31 15:45:37 status unpacked libsystemd0:amd64 249.11-0ubuntu3
2022-05-31 15:45:37 status half-installed libsystemd0:amd64 249.11-0ubuntu3
2022-05-31 15:45:38 status unpacked libsystemd0:amd64 249.11-0ubuntu3.1
2022-05-31 15:45:38 startup packages configure
2022-05-31 15:45:38 configure libsystemd0:amd64 249.11-0ubuntu3.1 <none>
2022-05-31 15:45:38 status unpacked libsystemd0:amd64 249.11-0ubuntu3.1
2022-05-31 15:45:38 status half-configured libsystemd0:amd64 249.11-0ubuntu3.1
2022-05-31 15:45:38 status installed libsystemd0:amd64 249.11-0ubuntu3.1
2022-05-31 15:45:38 startup archives unpack
2022-05-31 15:45:38 upgrade libpcre3:amd64 2:8.39-13build5 2:8.39-13ubuntu0.22.04.1
2022-05-31 15:45:38 status half-configured libpcre3:amd64 2:8.39-13build5
2022-05-31 15:45:38 status unpacked libpcre3:amd64 2:8.39-13build5
2022-05-31 15:45:38 status half-installed libpcre3:amd64 2:8.39-13build5
2022-05-31 15:45:38 status unpacked libpcre3:amd64 2:8.39-13ubuntu0.22.04.1
2022-05-31 15:45:38 startup packages configure
2022-05-31 15:45:38 configure libpcre3:amd64 2:8.39-13ubuntu0.22.04.1 <none>
2022-05-31 15:45:38 status unpacked libpcre3:amd64 2:8.39-13ubuntu0.22.04.1
2022-05-31 15:45:38 status half-configured libpcre3:amd64 2:8.39-13ubuntu0.22.04.1
2022-05-31 15:45:38 status installed libpcre3:amd64 2:8.39-13ubuntu0.22.04.1
2022-05-31 15:45:38 startup archives unpack
2022-05-31 15:45:38 upgrade libssl3:amd64 3.0.2-0ubuntu1 3.0.2-0ubuntu1.2
2022-05-31 15:45:38 status half-configured libssl3:amd64 3.0.2-0ubuntu1
2022-05-31 15:45:38 status unpacked libssl3:amd64 3.0.2-0ubuntu1
2022-05-31 15:45:38 status half-installed libssl3:amd64 3.0.2-0ubuntu1
2022-05-31 15:45:38 status unpacked libssl3:amd64 3.0.2-0ubuntu1.2
2022-05-31 15:45:38 startup packages configure
2022-05-31 15:45:38 configure libssl3:amd64 3.0.2-0ubuntu1.2 <none>
2022-05-31 15:45:38 status unpacked libssl3:amd64 3.0.2-0ubuntu1.2
2022-05-31 15:45:38 status half-configured libssl3:amd64 3.0.2-0ubuntu1.2
2022-05-31 15:45:38 status installed libssl3:amd64 3.0.2-0ubuntu1.2
2022-05-31 15:45:38 startup archives unpack
2022-05-31 15:45:38 upgrade libudev1:amd64 249.11-0ubuntu3 249.11-0ubuntu3.1
2022-05-31 15:45:38 status half-configured libudev1:amd64 249.11-0ubuntu3
2022-05-31 15:45:38 status unpacked libudev1:amd64 249.11-0ubuntu3
2022-05-31 15:45:38 status half-installed libudev1:amd64 249.11-0ubuntu3
2022-05-31 15:45:38 status unpacked libudev1:amd64 249.11-0ubuntu3.1
2022-05-31 15:45:38 startup packages configure
2022-05-31 15:45:38 configure libudev1:amd64 249.11-0ubuntu3.1 <none>
2022-05-31 15:45:38 status unpacked libudev1:amd64 249.11-0ubuntu3.1
2022-05-31 15:45:38 status half-configured libudev1:amd64 249.11-0ubuntu3.1
2022-05-31 15:45:38 status installed libudev1:amd64 249.11-0ubuntu3.1
2022-05-31 15:45:38 startup packages configure
2022-05-31 15:45:38 trigproc libc-bin:amd64 2.35-0ubuntu3 <none>
2022-05-31 15:45:38 status half-configured libc-bin:amd64 2.35-0ubuntu3
2022-05-31 15:45:38 status installed libc-bin:amd64 2.35-0ubuntu3
2022-08-09 18:02:59 startup archives unpack
2022-08-09 18:02:59 upgrade libc6:amd64 2.35-0ubuntu3 2.35-0ubuntu3.1
2022-08-09 18:02:59 status triggers-pending libc-bin:amd64 2.35-0ubuntu3
2022-08-09 18:03:00 status half-configured libc6:amd64 2.35-0ubuntu3
2022-08-09 18:03:00 status unpacked libc6:amd64 2.35-0ubuntu3
2022-08-09 18:03:00 status half-installed libc6:amd64 2.35-0ubuntu3
2022-08-09 18:03:00 status unpacked libc6:amd64 2.35-0ubuntu3.1
2022-08-09 18:03:01 startup packages configure
2022-08-09 18:03:01 configure libc6:amd64 2.35-0ubuntu3.1 <none>
2022-08-09 18:03:01 status unpacked libc6:amd64 2.35-0ubuntu3.1
2022-08-09 18:03:01 status half-configured libc6:amd64 2.35-0ubuntu3.1
2022-08-09 18:03:01 status installed libc6:amd64 2.35-0ubuntu3.1
2022-08-09 18:03:02 startup archives unpack
2022-08-09 18:03:02 upgrade libtirpc-common:all 1.3.2-2build1 1.3.2-2ubuntu0.1
2022-08-09 18:03:02 status half-configured libtirpc-common:all 1.3.2-2build1
2022-08-09 18:03:02 status unpacked libtirpc-common:all 1.3.2-2build1
2022-08-09 18:03:02 status half-installed libtirpc-common:all 1.3.2-2build1
2022-08-09 18:03:02 status unpacked libtirpc-common:all 1.3.2-2ubuntu0.1
2022-08-09 18:03:03 startup packages configure
2022-08-09 18:03:03 configure libtirpc-common:all 1.3.2-2ubuntu0.1 <none>
2022-08-09 18:03:03 status unpacked libtirpc-common:all 1.3.2-2ubuntu0.1
2022-08-09 18:03:03 status half-configured libtirpc-common:all 1.3.2-2ubuntu0.1
2022-08-09 18:03:03 status installed libtirpc-common:all 1.3.2-2ubuntu0.1
2022-08-09 18:03:04 startup archives unpack
2022-08-09 18:03:04 upgrade libtirpc3:amd64 1.3.2-2build1 1.3.2-2ubuntu0.1
2022-08-09 18:03:04 status half-configured libtirpc3:amd64 1.3.2-2build1
2022-08-09 18:03:04 status unpacked libtirpc3:amd64 1.3.2-2build1
2022-08-09 18:03:04 status half-installed libtirpc3:amd64 1.3.2-2build1
2022-08-09 18:03:05 status unpacked libtirpc3:amd64 1.3.2-2ubuntu0.1
2022-08-09 18:03:05 startup packages configure
2022-08-09 18:03:05 configure libtirpc3:amd64 1.3.2-2ubuntu0.1 <none>
2022-08-09 18:03:05 status unpacked libtirpc3:amd64 1.3.2-2ubuntu0.1
2022-08-09 18:03:05 status half-configured libtirpc3:amd64 1.3.2-2ubuntu0.1
2022-08-09 18:03:05 status installed libtirpc3:amd64 1.3.2-2ubuntu0.1
2022-08-09 18:03:06 startup archives unpack
2022-08-09 18:03:06 install libmd0:amd64 <none> 1.0.4-1build1
2022-08-09 18:03:06 status half-installed libmd0:amd64 1.0.4-1build1
2022-08-09 18:03:06 status unpacked libmd0:amd64 1.0.4-1build1
2022-08-09 18:03:07 install libbsd0:amd64 <none> 0.11.5-1
2022-08-09 18:03:07 status half-installed libbsd0:amd64 0.11.5-1
2022-08-09 18:03:07 status unpacked libbsd0:amd64 0.11.5-1
2022-08-09 18:03:08 install libexpat1:amd64 <none> 2.4.7-1
2022-08-09 18:03:08 status half-installed libexpat1:amd64 2.4.7-1
2022-08-09 18:03:08 status unpacked libexpat1:amd64 2.4.7-1
2022-08-09 18:03:09 install ucf:all <none> 3.0043
2022-08-09 18:03:09 status half-installed ucf:all 3.0043
2022-08-09 18:03:09 status unpacked ucf:all 3.0043
2022-08-09 18:03:10 install libpng16-16:amd64 <none> 1.6.37-3build5
2022-08-09 18:03:10 status half-installed libpng16-16:amd64 1.6.37-3build5
2022-08-09 18:03:10 status unpacked libpng16-16:amd64 1.6.37-3build5
2022-08-09 18:03:11 install libxau6:amd64 <none> 1:1.0.9-1build5
2022-08-09 18:03:11 status half-installed libxau6:amd64 1:1.0.9-1build5
2022-08-09 18:03:11 status unpacked libxau6:amd64 1:1.0.9-1build5
2022-08-09 18:03:12 install libxdmcp6:amd64 <none> 1:1.1.3-0ubuntu5
2022-08-09 18:03:12 status half-installed libxdmcp6:amd64 1:1.1.3-0ubuntu5
2022-08-09 18:03:12 status unpacked libxdmcp6:amd64 1:1.1.3-0ubuntu5
2022-08-09 18:03:13 install libxcb1:amd64 <none> 1.14-3ubuntu3
2022-08-09 18:03:13 status half-installed libxcb1:amd64 1.14-3ubuntu3
2022-08-09 18:03:13 status unpacked libxcb1:amd64 1.14-3ubuntu3
2022-08-09 18:03:13 install libx11-data:all <none> 2:1.7.5-1
2022-08-09 18:03:13 status half-installed libx11-data:all 2:1.7.5-1
2022-08-09 18:03:14 status unpacked libx11-data:all 2:1.7.5-1
2022-08-09 18:03:14 install libx11-6:amd64 <none> 2:1.7.5-1
2022-08-09 18:03:14 status half-installed libx11-6:amd64 2:1.7.5-1
2022-08-09 18:03:15 status unpacked libx11-6:amd64 2:1.7.5-1
2022-08-09 18:03:15 install manpages:all <none> 5.10-1ubuntu1
2022-08-09 18:03:15 status half-installed manpages:all 5.10-1ubuntu1
2022-08-09 18:03:16 status unpacked manpages:all 5.10-1ubuntu1
2022-08-09 18:03:16 install binutils-common:amd64 <none> 2.38-3ubuntu1
2022-08-09 18:03:16 status half-installed binutils-common:amd64 2.38-3ubuntu1
2022-08-09 18:03:16 status unpacked binutils-common:amd64 2.38-3ubuntu1
2022-08-09 18:03:17 install libbinutils:amd64 <none> 2.38-3ubuntu1
2022-08-09 18:03:17 status half-installed libbinutils:amd64 2.38-3ubuntu1
2022-08-09 18:03:17 status unpacked libbinutils:amd64 2.38-3ubuntu1
2022-08-09 18:03:18 install libctf-nobfd0:amd64 <none> 2.38-3ubuntu1
2022-08-09 18:03:18 status half-installed libctf-nobfd0:amd64 2.38-3ubuntu1
2022-08-09 18:03:19 status unpacked libctf-nobfd0:amd64 2.38-3ubuntu1
2022-08-09 18:03:19 install libctf0:amd64 <none> 2.38-3ubuntu1
2022-08-09 18:03:19 status half-installed libctf0:amd64 2.38-3ubuntu1
2022-08-09 18:03:20 status unpacked libctf0:amd64 2.38-3ubuntu1
2022-08-09 18:03:20 install binutils-x86-64-linux-gnu:amd64 <none> 2.38-3ubuntu1
2022-08-09 18:03:20 status half-installed binutils-x86-64-linux-gnu:amd64 2.38-3ubuntu1
2022-08-09 18:03:20 status unpacked binutils-x86-64-linux-gnu:amd64 2.38-3ubuntu1
2022-08-09 18:03:21 install binutils:amd64 <none> 2.38-3ubuntu1
2022-08-09 18:03:21 status half-installed binutils:amd64 2.38-3ubuntu1
2022-08-09 18:03:21 status unpacked binutils:amd64 2.38-3ubuntu1
2022-08-09 18:03:22 install gcc-11-base:amd64 <none> 11.2.0-19ubuntu1
2022-08-09 18:03:22 status half-installed gcc-11-base:amd64 11.2.0-19ubuntu1
2022-08-09 18:03:22 status unpacked gcc-11-base:amd64 11.2.0-19ubuntu1
2022-08-09 18:03:23 install libisl23:amd64 <none> 0.24-2build1
2022-08-09 18:03:23 status half-installed libisl23:amd64 0.24-2build1
2022-08-09 18:03:23 status unpacked libisl23:amd64 0.24-2build1
2022-08-09 18:03:24 install libmpfr6:amd64 <none> 4.1.0-3build3
2022-08-09 18:03:24 status half-installed libmpfr6:amd64 4.1.0-3build3
2022-08-09 18:03:24 status unpacked libmpfr6:amd64 4.1.0-3build3
2022-08-09 18:03:24 install libmpc3:amd64 <none> 1.2.1-2build1
2022-08-09 18:03:24 status half-installed libmpc3:amd64 1.2.1-2build1
2022-08-09 18:03:25 status unpacked libmpc3:amd64 1.2.1-2build1
2022-08-09 18:03:25 install cpp-11:amd64 <none> 11.2.0-19ubuntu1
2022-08-09 18:03:25 status half-installed cpp-11:amd64 11.2.0-19ubuntu1
2022-08-09 18:03:26 status unpacked cpp-11:amd64 11.2.0-19ubuntu1
2022-08-09 18:03:27 install cpp:amd64 <none> 4:11.2.0-1ubuntu1
2022-08-09 18:03:27 status half-installed cpp:amd64 4:11.2.0-1ubuntu1
2022-08-09 18:03:27 status unpacked cpp:amd64 4:11.2.0-1ubuntu1
2022-08-09 18:03:27 install fonts-dejavu-core:all <none> 2.37-2build1
2022-08-09 18:03:27 status half-installed fonts-dejavu-core:all 2.37-2build1
2022-08-09 18:03:28 status unpacked fonts-dejavu-core:all 2.37-2build1
2022-08-09 18:03:29 install fontconfig-config:all <none> 2.13.1-4.2ubuntu5
2022-08-09 18:03:29 status half-installed fontconfig-config:all 2.13.1-4.2ubuntu5
2022-08-09 18:03:29 status unpacked fontconfig-config:all 2.13.1-4.2ubuntu5
2022-08-09 18:03:30 install libcc1-0:amd64 <none> 12-20220319-1ubuntu1
2022-08-09 18:03:30 status half-installed libcc1-0:amd64 12-20220319-1ubuntu1
2022-08-09 18:03:30 status unpacked libcc1-0:amd64 12-20220319-1ubuntu1
2022-08-09 18:03:30 install libgomp1:amd64 <none> 12-20220319-1ubuntu1
2022-08-09 18:03:30 status half-installed libgomp1:amd64 12-20220319-1ubuntu1
2022-08-09 18:03:31 status unpacked libgomp1:amd64 12-20220319-1ubuntu1
2022-08-09 18:03:31 install libitm1:amd64 <none> 12-20220319-1ubuntu1
2022-08-09 18:03:31 status half-installed libitm1:amd64 12-20220319-1ubuntu1
2022-08-09 18:03:32 status unpacked libitm1:amd64 12-20220319-1ubuntu1
2022-08-09 18:03:32 install libatomic1:amd64 <none> 12-20220319-1ubuntu1
2022-08-09 18:03:32 status half-installed libatomic1:amd64 12-20220319-1ubuntu1
2022-08-09 18:03:33 status unpacked libatomic1:amd64 12-20220319-1ubuntu1
2022-08-09 18:03:33 install libasan6:amd64 <none> 11.2.0-19ubuntu1
2022-08-09 18:03:33 status half-installed libasan6:amd64 11.2.0-19ubuntu1
2022-08-09 18:03:34 status unpacked libasan6:amd64 11.2.0-19ubuntu1
2022-08-09 18:03:34 install liblsan0:amd64 <none> 12-20220319-1ubuntu1
2022-08-09 18:03:34 status half-installed liblsan0:amd64 12-20220319-1ubuntu1
2022-08-09 18:03:35 status unpacked liblsan0:amd64 12-20220319-1ubuntu1
2022-08-09 18:03:35 install libtsan0:amd64 <none> 11.2.0-19ubuntu1
2022-08-09 18:03:35 status half-installed libtsan0:amd64 11.2.0-19ubuntu1
2022-08-09 18:03:36 status unpacked libtsan0:amd64 11.2.0-19ubuntu1
2022-08-09 18:03:36 install libubsan1:amd64 <none> 12-20220319-1ubuntu1
2022-08-09 18:03:36 status half-installed libubsan1:amd64 12-20220319-1ubuntu1
2022-08-09 18:03:37 status unpacked libubsan1:amd64 12-20220319-1ubuntu1
2022-08-09 18:03:37 install libquadmath0:amd64 <none> 12-20220319-1ubuntu1
2022-08-09 18:03:37 status half-installed libquadmath0:amd64 12-20220319-1ubuntu1
2022-08-09 18:03:38 status unpacked libquadmath0:amd64 12-20220319-1ubuntu1
2022-08-09 18:03:38 install libgcc-11-dev:amd64 <none> 11.2.0-19ubuntu1
2022-08-09 18:03:38 status half-installed libgcc-11-dev:amd64 11.2.0-19ubuntu1
2022-08-09 18:03:39 status unpacked libgcc-11-dev:amd64 11.2.0-19ubuntu1
2022-08-09 18:03:39 install gcc-11:amd64 <none> 11.2.0-19ubuntu1
2022-08-09 18:03:39 status half-installed gcc-11:amd64 11.2.0-19ubuntu1
2022-08-09 18:03:40 status unpacked gcc-11:amd64 11.2.0-19ubuntu1
2022-08-09 18:03:41 install gcc:amd64 <none> 4:11.2.0-1ubuntu1
2022-08-09 18:03:41 status half-installed gcc:amd64 4:11.2.0-1ubuntu1
2022-08-09 18:03:41 status unpacked gcc:amd64 4:11.2.0-1ubuntu1
2022-08-09 18:03:42 install libbrotli1:amd64 <none> 1.0.9-2build6
2022-08-09 18:03:42 status half-installed libbrotli1:amd64 1.0.9-2build6
2022-08-09 18:03:42 status unpacked libbrotli1:amd64 1.0.9-2build6
2022-08-09 18:03:42 install libc-dev-bin:amd64 <none> 2.35-0ubuntu3.1
2022-08-09 18:03:42 status half-installed libc-dev-bin:amd64 2.35-0ubuntu3.1
2022-08-09 18:03:43 status unpacked libc-dev-bin:amd64 2.35-0ubuntu3.1
2022-08-09 18:03:43 install libfreetype6:amd64 <none> 2.11.1+dfsg-1ubuntu0.1
2022-08-09 18:03:43 status half-installed libfreetype6:amd64 2.11.1+dfsg-1ubuntu0.1
2022-08-09 18:03:44 status unpacked libfreetype6:amd64 2.11.1+dfsg-1ubuntu0.1
2022-08-09 18:03:44 install libfontconfig1:amd64 <none> 2.13.1-4.2ubuntu5
2022-08-09 18:03:44 status half-installed libfontconfig1:amd64 2.13.1-4.2ubuntu5
2022-08-09 18:03:45 status unpacked libfontconfig1:amd64 2.13.1-4.2ubuntu5
2022-08-09 18:03:45 install libjpeg-turbo8:amd64 <none> 2.1.2-0ubuntu1
2022-08-09 18:03:45 status half-installed libjpeg-turbo8:amd64 2.1.2-0ubuntu1
2022-08-09 18:03:46 status unpacked libjpeg-turbo8:amd64 2.1.2-0ubuntu1
2022-08-09 18:03:46 install libjpeg8:amd64 <none> 8c-2ubuntu10
2022-08-09 18:03:46 status half-installed libjpeg8:amd64 8c-2ubuntu10
2022-08-09 18:03:46 status unpacked libjpeg8:amd64 8c-2ubuntu10
2022-08-09 18:03:47 install libdeflate0:amd64 <none> 1.10-2
2022-08-09 18:03:47 status half-installed libdeflate0:amd64 1.10-2
2022-08-09 18:03:47 status unpacked libdeflate0:amd64 1.10-2
2022-08-09 18:03:48 install libjbig0:amd64 <none> 2.1-3.1build3
2022-08-09 18:03:48 status half-installed libjbig0:amd64 2.1-3.1build3
2022-08-09 18:03:48 status unpacked libjbig0:amd64 2.1-3.1build3
2022-08-09 18:03:49 install libwebp7:amd64 <none> 1.2.2-2
2022-08-09 18:03:49 status half-installed libwebp7:amd64 1.2.2-2
2022-08-09 18:03:49 status unpacked libwebp7:amd64 1.2.2-2
2022-08-09 18:03:50 install libtiff5:amd64 <none> 4.3.0-6
2022-08-09 18:03:50 status half-installed libtiff5:amd64 4.3.0-6
2022-08-09 18:03:50 status unpacked libtiff5:amd64 4.3.0-6
2022-08-09 18:03:51 install libxpm4:amd64 <none> 1:3.5.12-1build2
2022-08-09 18:03:51 status half-installed libxpm4:amd64 1:3.5.12-1build2
2022-08-09 18:03:51 status unpacked libxpm4:amd64 1:3.5.12-1build2
2022-08-09 18:03:52 install libgd3:amd64 <none> 2.3.0-2ubuntu2
2022-08-09 18:03:52 status half-installed libgd3:amd64 2.3.0-2ubuntu2
2022-08-09 18:03:52 status unpacked libgd3:amd64 2.3.0-2ubuntu2
2022-08-09 18:03:52 install libc-devtools:amd64 <none> 2.35-0ubuntu3.1
2022-08-09 18:03:52 status half-installed libc-devtools:amd64 2.35-0ubuntu3.1
2022-08-09 18:03:53 status unpacked libc-devtools:amd64 2.35-0ubuntu3.1
2022-08-09 18:03:53 install linux-libc-dev:amd64 <none> 5.15.0-43.46
2022-08-09 18:03:53 status half-installed linux-libc-dev:amd64 5.15.0-43.46
2022-08-09 18:03:54 status unpacked linux-libc-dev:amd64 5.15.0-43.46
2022-08-09 18:03:55 install libcrypt-dev:amd64 <none> 1:4.4.27-1
2022-08-09 18:03:55 status half-installed libcrypt-dev:amd64 1:4.4.27-1
2022-08-09 18:03:55 status unpacked libcrypt-dev:amd64 1:4.4.27-1
2022-08-09 18:03:55 install rpcsvc-proto:amd64 <none> 1.4.2-0ubuntu6
2022-08-09 18:03:55 status half-installed rpcsvc-proto:amd64 1.4.2-0ubuntu6
2022-08-09 18:03:56 status unpacked rpcsvc-proto:amd64 1.4.2-0ubuntu6
2022-08-09 18:03:56 install libtirpc-dev:amd64 <none> 1.3.2-2ubuntu0.1
2022-08-09 18:03:56 status half-installed libtirpc-dev:amd64 1.3.2-2ubuntu0.1
2022-08-09 18:03:56 status unpacked libtirpc-dev:amd64 1.3.2-2ubuntu0.1
2022-08-09 18:03:57 install libnsl-dev:amd64 <none> 1.3.0-2build2
2022-08-09 18:03:57 status half-installed libnsl-dev:amd64 1.3.0-2build2
2022-08-09 18:03:57 status unpacked libnsl-dev:amd64 1.3.0-2build2
2022-08-09 18:03:58 install libc6-dev:amd64 <none> 2.35-0ubuntu3.1
2022-08-09 18:03:58 status half-installed libc6-dev:amd64 2.35-0ubuntu3.1
2022-08-09 18:03:58 status unpacked libc6-dev:amd64 2.35-0ubuntu3.1
2022-08-09 18:03:59 install manpages-dev:all <none> 5.10-1ubuntu1
2022-08-09 18:03:59 status half-installed manpages-dev:all 5.10-1ubuntu1
2022-08-09 18:03:59 status unpacked manpages-dev:all 5.10-1ubuntu1
2022-08-09 18:03:59 startup packages configure
2022-08-09 18:03:59 configure libexpat1:amd64 2.4.7-1 <none>
2022-08-09 18:03:59 status unpacked libexpat1:amd64 2.4.7-1
2022-08-09 18:04:00 status half-configured libexpat1:amd64 2.4.7-1
2022-08-09 18:04:00 status installed libexpat1:amd64 2.4.7-1
2022-08-09 18:04:00 configure gcc-11-base:amd64 11.2.0-19ubuntu1 <none>
2022-08-09 18:04:00 status unpacked gcc-11-base:amd64 11.2.0-19ubuntu1
2022-08-09 18:04:00 status half-configured gcc-11-base:amd64 11.2.0-19ubuntu1
2022-08-09 18:04:00 status installed gcc-11-base:amd64 11.2.0-19ubuntu1
2022-08-09 18:04:00 configure libxau6:amd64 1:1.0.9-1build5 <none>
2022-08-09 18:04:00 status unpacked libxau6:amd64 1:1.0.9-1build5
2022-08-09 18:04:00 status half-configured libxau6:amd64 1:1.0.9-1build5
2022-08-09 18:04:00 status installed libxau6:amd64 1:1.0.9-1build5
2022-08-09 18:04:01 configure manpages:all 5.10-1ubuntu1 <none>
2022-08-09 18:04:01 status unpacked manpages:all 5.10-1ubuntu1
2022-08-09 18:04:01 status half-configured manpages:all 5.10-1ubuntu1
2022-08-09 18:04:01 status installed manpages:all 5.10-1ubuntu1
2022-08-09 18:04:01 configure libbrotli1:amd64 1.0.9-2build6 <none>
2022-08-09 18:04:01 status unpacked libbrotli1:amd64 1.0.9-2build6
2022-08-09 18:04:01 status half-configured libbrotli1:amd64 1.0.9-2build6
2022-08-09 18:04:01 status installed libbrotli1:amd64 1.0.9-2build6
2022-08-09 18:04:01 configure binutils-common:amd64 2.38-3ubuntu1 <none>
2022-08-09 18:04:01 status unpacked binutils-common:amd64 2.38-3ubuntu1
2022-08-09 18:04:02 status half-configured binutils-common:amd64 2.38-3ubuntu1
2022-08-09 18:04:02 status installed binutils-common:amd64 2.38-3ubuntu1
2022-08-09 18:04:02 configure libdeflate0:amd64 1.10-2 <none>
2022-08-09 18:04:02 status unpacked libdeflate0:amd64 1.10-2
2022-08-09 18:04:02 status half-configured libdeflate0:amd64 1.10-2
2022-08-09 18:04:02 status installed libdeflate0:amd64 1.10-2
2022-08-09 18:04:02 configure linux-libc-dev:amd64 5.15.0-43.46 <none>
2022-08-09 18:04:02 status unpacked linux-libc-dev:amd64 5.15.0-43.46
2022-08-09 18:04:02 status half-configured linux-libc-dev:amd64 5.15.0-43.46
2022-08-09 18:04:02 status installed linux-libc-dev:amd64 5.15.0-43.46
2022-08-09 18:04:02 configure libctf-nobfd0:amd64 2.38-3ubuntu1 <none>
2022-08-09 18:04:02 status unpacked libctf-nobfd0:amd64 2.38-3ubuntu1
2022-08-09 18:04:02 status half-configured libctf-nobfd0:amd64 2.38-3ubuntu1
2022-08-09 18:04:03 status installed libctf-nobfd0:amd64 2.38-3ubuntu1
2022-08-09 18:04:03 configure libgomp1:amd64 12-20220319-1ubuntu1 <none>
2022-08-09 18:04:03 status unpacked libgomp1:amd64 12-20220319-1ubuntu1
2022-08-09 18:04:03 status half-configured libgomp1:amd64 12-20220319-1ubuntu1
2022-08-09 18:04:03 status installed libgomp1:amd64 12-20220319-1ubuntu1
2022-08-09 18:04:03 configure libjbig0:amd64 2.1-3.1build3 <none>
2022-08-09 18:04:03 status unpacked libjbig0:amd64 2.1-3.1build3
2022-08-09 18:04:03 status half-configured libjbig0:amd64 2.1-3.1build3
2022-08-09 18:04:03 status installed libjbig0:amd64 2.1-3.1build3
2022-08-09 18:04:03 configure libasan6:amd64 11.2.0-19ubuntu1 <none>
2022-08-09 18:04:03 status unpacked libasan6:amd64 11.2.0-19ubuntu1
2022-08-09 18:04:03 status half-configured libasan6:amd64 11.2.0-19ubuntu1
2022-08-09 18:04:04 status installed libasan6:amd64 11.2.0-19ubuntu1
2022-08-09 18:04:04 configure libtirpc-dev:amd64 1.3.2-2ubuntu0.1 <none>
2022-08-09 18:04:04 status unpacked libtirpc-dev:amd64 1.3.2-2ubuntu0.1
2022-08-09 18:04:04 status half-configured libtirpc-dev:amd64 1.3.2-2ubuntu0.1
2022-08-09 18:04:04 status installed libtirpc-dev:amd64 1.3.2-2ubuntu0.1
2022-08-09 18:04:04 configure rpcsvc-proto:amd64 1.4.2-0ubuntu6 <none>
2022-08-09 18:04:04 status unpacked rpcsvc-proto:amd64 1.4.2-0ubuntu6
2022-08-09 18:04:04 status half-configured rpcsvc-proto:amd64 1.4.2-0ubuntu6
2022-08-09 18:04:04 status installed rpcsvc-proto:amd64 1.4.2-0ubuntu6
2022-08-09 18:04:05 configure libx11-data:all 2:1.7.5-1 <none>
2022-08-09 18:04:05 status unpacked libx11-data:all 2:1.7.5-1
2022-08-09 18:04:05 status half-configured libx11-data:all 2:1.7.5-1
2022-08-09 18:04:05 status installed libx11-data:all 2:1.7.5-1
2022-08-09 18:04:05 configure libmpfr6:amd64 4.1.0-3build3 <none>
2022-08-09 18:04:05 status unpacked libmpfr6:amd64 4.1.0-3build3
2022-08-09 18:04:05 status half-configured libmpfr6:amd64 4.1.0-3build3
2022-08-09 18:04:05 status installed libmpfr6:amd64 4.1.0-3build3
2022-08-09 18:04:05 configure libquadmath0:amd64 12-20220319-1ubuntu1 <none>
2022-08-09 18:04:05 status unpacked libquadmath0:amd64 12-20220319-1ubuntu1
2022-08-09 18:04:05 status half-configured libquadmath0:amd64 12-20220319-1ubuntu1
2022-08-09 18:04:05 status installed libquadmath0:amd64 12-20220319-1ubuntu1
2022-08-09 18:04:06 configure libpng16-16:amd64 1.6.37-3build5 <none>
2022-08-09 18:04:06 status unpacked libpng16-16:amd64 1.6.37-3build5
2022-08-09 18:04:06 status half-configured libpng16-16:amd64 1.6.37-3build5
2022-08-09 18:04:06 status installed libpng16-16:amd64 1.6.37-3build5
2022-08-09 18:04:06 configure libmpc3:amd64 1.2.1-2build1 <none>
2022-08-09 18:04:06 status unpacked libmpc3:amd64 1.2.1-2build1
2022-08-09 18:04:06 status half-configured libmpc3:amd64 1.2.1-2build1
2022-08-09 18:04:06 status installed libmpc3:amd64 1.2.1-2build1
2022-08-09 18:04:06 configure libatomic1:amd64 12-20220319-1ubuntu1 <none>
2022-08-09 18:04:06 status unpacked libatomic1:amd64 12-20220319-1ubuntu1
2022-08-09 18:04:06 status half-configured libatomic1:amd64 12-20220319-1ubuntu1
2022-08-09 18:04:06 status installed libatomic1:amd64 12-20220319-1ubuntu1
2022-08-09 18:04:07 configure fonts-dejavu-core:all 2.37-2build1 <none>
2022-08-09 18:04:07 status unpacked fonts-dejavu-core:all 2.37-2build1
2022-08-09 18:04:08 status half-configured fonts-dejavu-core:all 2.37-2build1
2022-08-09 18:04:08 status installed fonts-dejavu-core:all 2.37-2build1
2022-08-09 18:04:08 configure ucf:all 3.0043 <none>
2022-08-09 18:04:08 status unpacked ucf:all 3.0043
2022-08-09 18:04:09 status half-configured ucf:all 3.0043
2022-08-09 18:04:09 status installed ucf:all 3.0043
2022-08-09 18:04:09 configure libjpeg-turbo8:amd64 2.1.2-0ubuntu1 <none>
2022-08-09 18:04:09 status unpacked libjpeg-turbo8:amd64 2.1.2-0ubuntu1
2022-08-09 18:04:09 status half-configured libjpeg-turbo8:amd64 2.1.2-0ubuntu1
2022-08-09 18:04:09 status installed libjpeg-turbo8:amd64 2.1.2-0ubuntu1
2022-08-09 18:04:09 configure libwebp7:amd64 1.2.2-2 <none>
2022-08-09 18:04:09 status unpacked libwebp7:amd64 1.2.2-2
2022-08-09 18:04:09 status half-configured libwebp7:amd64 1.2.2-2
2022-08-09 18:04:10 status installed libwebp7:amd64 1.2.2-2
2022-08-09 18:04:10 configure libubsan1:amd64 12-20220319-1ubuntu1 <none>
2022-08-09 18:04:10 status unpacked libubsan1:amd64 12-20220319-1ubuntu1
2022-08-09 18:04:10 status half-configured libubsan1:amd64 12-20220319-1ubuntu1
2022-08-09 18:04:10 status installed libubsan1:amd64 12-20220319-1ubuntu1
2022-08-09 18:04:10 configure libmd0:amd64 1.0.4-1build1 <none>
2022-08-09 18:04:10 status unpacked libmd0:amd64 1.0.4-1build1
2022-08-09 18:04:10 status half-configured libmd0:amd64 1.0.4-1build1
2022-08-09 18:04:10 status installed libmd0:amd64 1.0.4-1build1
2022-08-09 18:04:10 configure libnsl-dev:amd64 1.3.0-2build2 <none>
2022-08-09 18:04:10 status unpacked libnsl-dev:amd64 1.3.0-2build2
2022-08-09 18:04:11 status half-configured libnsl-dev:amd64 1.3.0-2build2
2022-08-09 18:04:11 status installed libnsl-dev:amd64 1.3.0-2build2
2022-08-09 18:04:11 configure libcrypt-dev:amd64 1:4.4.27-1 <none>
2022-08-09 18:04:11 status unpacked libcrypt-dev:amd64 1:4.4.27-1
2022-08-09 18:04:11 status half-configured libcrypt-dev:amd64 1:4.4.27-1
2022-08-09 18:04:11 status installed libcrypt-dev:amd64 1:4.4.27-1
2022-08-09 18:04:11 configure libbinutils:amd64 2.38-3ubuntu1 <none>
2022-08-09 18:04:11 status unpacked libbinutils:amd64 2.38-3ubuntu1
2022-08-09 18:04:11 status half-configured libbinutils:amd64 2.38-3ubuntu1
2022-08-09 18:04:12 status installed libbinutils:amd64 2.38-3ubuntu1
2022-08-09 18:04:12 configure libisl23:amd64 0.24-2build1 <none>
2022-08-09 18:04:12 status unpacked libisl23:amd64 0.24-2build1
2022-08-09 18:04:12 status half-configured libisl23:amd64 0.24-2build1
2022-08-09 18:04:12 status installed libisl23:amd64 0.24-2build1
2022-08-09 18:04:12 configure libc-dev-bin:amd64 2.35-0ubuntu3.1 <none>
2022-08-09 18:04:12 status unpacked libc-dev-bin:amd64 2.35-0ubuntu3.1
2022-08-09 18:04:12 status half-configured libc-dev-bin:amd64 2.35-0ubuntu3.1
2022-08-09 18:04:12 status installed libc-dev-bin:amd64 2.35-0ubuntu3.1
2022-08-09 18:04:12 configure libbsd0:amd64 0.11.5-1 <none>
2022-08-09 18:04:12 status unpacked libbsd0:amd64 0.11.5-1
2022-08-09 18:04:12 status half-configured libbsd0:amd64 0.11.5-1
2022-08-09 18:04:12 status installed libbsd0:amd64 0.11.5-1
2022-08-09 18:04:13 configure libcc1-0:amd64 12-20220319-1ubuntu1 <none>
2022-08-09 18:04:13 status unpacked libcc1-0:amd64 12-20220319-1ubuntu1
2022-08-09 18:04:13 status half-configured libcc1-0:amd64 12-20220319-1ubuntu1
2022-08-09 18:04:13 status installed libcc1-0:amd64 12-20220319-1ubuntu1
2022-08-09 18:04:13 configure liblsan0:amd64 12-20220319-1ubuntu1 <none>
2022-08-09 18:04:13 status unpacked liblsan0:amd64 12-20220319-1ubuntu1
2022-08-09 18:04:13 status half-configured liblsan0:amd64 12-20220319-1ubuntu1
2022-08-09 18:04:13 status installed liblsan0:amd64 12-20220319-1ubuntu1
2022-08-09 18:04:13 configure libitm1:amd64 12-20220319-1ubuntu1 <none>
2022-08-09 18:04:13 status unpacked libitm1:amd64 12-20220319-1ubuntu1
2022-08-09 18:04:13 status half-configured libitm1:amd64 12-20220319-1ubuntu1
2022-08-09 18:04:14 status installed libitm1:amd64 12-20220319-1ubuntu1
2022-08-09 18:04:14 configure libtsan0:amd64 11.2.0-19ubuntu1 <none>
2022-08-09 18:04:14 status unpacked libtsan0:amd64 11.2.0-19ubuntu1
2022-08-09 18:04:14 status half-configured libtsan0:amd64 11.2.0-19ubuntu1
2022-08-09 18:04:14 status installed libtsan0:amd64 11.2.0-19ubuntu1
2022-08-09 18:04:14 configure libctf0:amd64 2.38-3ubuntu1 <none>
2022-08-09 18:04:14 status unpacked libctf0:amd64 2.38-3ubuntu1
2022-08-09 18:04:14 status half-configured libctf0:amd64 2.38-3ubuntu1
2022-08-09 18:04:14 status installed libctf0:amd64 2.38-3ubuntu1
2022-08-09 18:04:14 configure libjpeg8:amd64 8c-2ubuntu10 <none>
2022-08-09 18:04:14 status unpacked libjpeg8:amd64 8c-2ubuntu10
2022-08-09 18:04:15 status half-configured libjpeg8:amd64 8c-2ubuntu10
2022-08-09 18:04:15 status installed libjpeg8:amd64 8c-2ubuntu10
2022-08-09 18:04:16 configure cpp-11:amd64 11.2.0-19ubuntu1 <none>
2022-08-09 18:04:16 status unpacked cpp-11:amd64 11.2.0-19ubuntu1
2022-08-09 18:04:16 status half-configured cpp-11:amd64 11.2.0-19ubuntu1
2022-08-09 18:04:16 status installed cpp-11:amd64 11.2.0-19ubuntu1
2022-08-09 18:04:16 configure manpages-dev:all 5.10-1ubuntu1 <none>
2022-08-09 18:04:16 status unpacked manpages-dev:all 5.10-1ubuntu1
2022-08-09 18:04:16 status half-configured manpages-dev:all 5.10-1ubuntu1
2022-08-09 18:04:17 status installed manpages-dev:all 5.10-1ubuntu1
2022-08-09 18:04:17 configure libxdmcp6:amd64 1:1.1.3-0ubuntu5 <none>
2022-08-09 18:04:17 status unpacked libxdmcp6:amd64 1:1.1.3-0ubuntu5
2022-08-09 18:04:17 status half-configured libxdmcp6:amd64 1:1.1.3-0ubuntu5
2022-08-09 18:04:17 status installed libxdmcp6:amd64 1:1.1.3-0ubuntu5
2022-08-09 18:04:17 configure libxcb1:amd64 1.14-3ubuntu3 <none>
2022-08-09 18:04:17 status unpacked libxcb1:amd64 1.14-3ubuntu3
2022-08-09 18:04:17 status half-configured libxcb1:amd64 1.14-3ubuntu3
2022-08-09 18:04:17 status installed libxcb1:amd64 1.14-3ubuntu3
2022-08-09 18:04:17 configure fontconfig-config:all 2.13.1-4.2ubuntu5 <none>
2022-08-09 18:04:17 status unpacked fontconfig-config:all 2.13.1-4.2ubuntu5
2022-08-09 18:04:22 status half-configured fontconfig-config:all 2.13.1-4.2ubuntu5
2022-08-09 18:04:22 status installed fontconfig-config:all 2.13.1-4.2ubuntu5
2022-08-09 18:04:23 configure libfreetype6:amd64 2.11.1+dfsg-1ubuntu0.1 <none>
2022-08-09 18:04:23 status unpacked libfreetype6:amd64 2.11.1+dfsg-1ubuntu0.1
2022-08-09 18:04:23 status half-configured libfreetype6:amd64 2.11.1+dfsg-1ubuntu0.1
2022-08-09 18:04:23 status installed libfreetype6:amd64 2.11.1+dfsg-1ubuntu0.1
2022-08-09 18:04:23 configure libgcc-11-dev:amd64 11.2.0-19ubuntu1 <none>
2022-08-09 18:04:23 status unpacked libgcc-11-dev:amd64 11.2.0-19ubuntu1
2022-08-09 18:04:23 status half-configured libgcc-11-dev:amd64 11.2.0-19ubuntu1
2022-08-09 18:04:23 status installed libgcc-11-dev:amd64 11.2.0-19ubuntu1
2022-08-09 18:04:23 configure cpp:amd64 4:11.2.0-1ubuntu1 <none>
2022-08-09 18:04:23 status unpacked cpp:amd64 4:11.2.0-1ubuntu1
2022-08-09 18:04:23 status half-configured cpp:amd64 4:11.2.0-1ubuntu1
2022-08-09 18:04:23 status installed cpp:amd64 4:11.2.0-1ubuntu1
2022-08-09 18:04:24 configure libc6-dev:amd64 2.35-0ubuntu3.1 <none>
2022-08-09 18:04:24 status unpacked libc6-dev:amd64 2.35-0ubuntu3.1
2022-08-09 18:04:24 status half-configured libc6-dev:amd64 2.35-0ubuntu3.1
2022-08-09 18:04:24 status installed libc6-dev:amd64 2.35-0ubuntu3.1
2022-08-09 18:04:24 configure libx11-6:amd64 2:1.7.5-1 <none>
2022-08-09 18:04:24 status unpacked libx11-6:amd64 2:1.7.5-1
2022-08-09 18:04:24 status half-configured libx11-6:amd64 2:1.7.5-1
2022-08-09 18:04:24 status installed libx11-6:amd64 2:1.7.5-1
2022-08-09 18:04:24 configure libtiff5:amd64 4.3.0-6 <none>
2022-08-09 18:04:24 status unpacked libtiff5:amd64 4.3.0-6
2022-08-09 18:04:24 status half-configured libtiff5:amd64 4.3.0-6
2022-08-09 18:04:25 status installed libtiff5:amd64 4.3.0-6
2022-08-09 18:04:25 configure libfontconfig1:amd64 2.13.1-4.2ubuntu5 <none>
2022-08-09 18:04:25 status unpacked libfontconfig1:amd64 2.13.1-4.2ubuntu5
2022-08-09 18:04:25 status half-configured libfontconfig1:amd64 2.13.1-4.2ubuntu5
2022-08-09 18:04:25 status installed libfontconfig1:amd64 2.13.1-4.2ubuntu5
2022-08-09 18:04:25 configure binutils-x86-64-linux-gnu:amd64 2.38-3ubuntu1 <none>
2022-08-09 18:04:25 status unpacked binutils-x86-64-linux-gnu:amd64 2.38-3ubuntu1
2022-08-09 18:04:25 status half-configured binutils-x86-64-linux-gnu:amd64 2.38-3ubuntu1
2022-08-09 18:04:25 status installed binutils-x86-64-linux-gnu:amd64 2.38-3ubuntu1
2022-08-09 18:04:26 configure libxpm4:amd64 1:3.5.12-1build2 <none>
2022-08-09 18:04:26 status unpacked libxpm4:amd64 1:3.5.12-1build2
2022-08-09 18:04:26 status half-configured libxpm4:amd64 1:3.5.12-1build2
2022-08-09 18:04:26 status installed libxpm4:amd64 1:3.5.12-1build2
2022-08-09 18:04:26 configure binutils:amd64 2.38-3ubuntu1 <none>
2022-08-09 18:04:26 status unpacked binutils:amd64 2.38-3ubuntu1
2022-08-09 18:04:26 status half-configured binutils:amd64 2.38-3ubuntu1
2022-08-09 18:04:26 status installed binutils:amd64 2.38-3ubuntu1
2022-08-09 18:04:26 configure libgd3:amd64 2.3.0-2ubuntu2 <none>
2022-08-09 18:04:26 status unpacked libgd3:amd64 2.3.0-2ubuntu2
2022-08-09 18:04:26 status half-configured libgd3:amd64 2.3.0-2ubuntu2
2022-08-09 18:04:26 status installed libgd3:amd64 2.3.0-2ubuntu2
2022-08-09 18:04:26 configure gcc-11:amd64 11.2.0-19ubuntu1 <none>
2022-08-09 18:04:26 status unpacked gcc-11:amd64 11.2.0-19ubuntu1
2022-08-09 18:04:26 status half-configured gcc-11:amd64 11.2.0-19ubuntu1
2022-08-09 18:04:26 status installed gcc-11:amd64 11.2.0-19ubuntu1
2022-08-09 18:04:26 configure libc-devtools:amd64 2.35-0ubuntu3.1 <none>
2022-08-09 18:04:26 status unpacked libc-devtools:amd64 2.35-0ubuntu3.1
2022-08-09 18:04:26 status half-configured libc-devtools:amd64 2.35-0ubuntu3.1
2022-08-09 18:04:27 status installed libc-devtools:amd64 2.35-0ubuntu3.1
2022-08-09 18:04:27 configure gcc:amd64 4:11.2.0-1ubuntu1 <none>
2022-08-09 18:04:27 status unpacked gcc:amd64 4:11.2.0-1ubuntu1
2022-08-09 18:04:27 status half-configured gcc:amd64 4:11.2.0-1ubuntu1
2022-08-09 18:04:27 status installed gcc:amd64 4:11.2.0-1ubuntu1
2022-08-09 18:04:27 trigproc libc-bin:amd64 2.35-0ubuntu3 <none>
2022-08-09 18:04:27 status half-configured libc-bin:amd64 2.35-0ubuntu3
2022-08-09 18:04:27 status installed libc-bin:amd64 2.35-0ubuntu3
2022-08-09 18:04:35 startup archives unpack
2022-08-09 18:04:35 install make:amd64 <none> 4.3-4.1build1
2022-08-09 18:04:35 status half-installed make:amd64 4.3-4.1build1
2022-08-09 18:04:35 status unpacked make:amd64 4.3-4.1build1
2022-08-09 18:04:35 startup packages configure
2022-08-09 18:04:35 configure make:amd64 4.3-4.1build1 <none>
2022-08-09 18:04:35 status unpacked make:amd64 4.3-4.1build1
2022-08-09 18:04:35 status half-configured make:amd64 4.3-4.1build1
2022-08-09 18:04:36 status installed make:amd64 4.3-4.1build1
2022-08-09 18:04:43 startup archives unpack
2022-08-09 18:04:43 install zlib1g-dev:amd64 <none> 1:1.2.11.dfsg-2ubuntu9
2022-08-09 18:04:43 status half-installed zlib1g-dev:amd64 1:1.2.11.dfsg-2ubuntu9
2022-08-09 18:04:44 status unpacked zlib1g-dev:amd64 1:1.2.11.dfsg-2ubuntu9
2022-08-09 18:04:44 startup packages configure
2022-08-09 18:04:44 configure zlib1g-dev:amd64 1:1.2.11.dfsg-2ubuntu9 <none>
2022-08-09 18:04:44 status unpacked zlib1g-dev:amd64 1:1.2.11.dfsg-2ubuntu9
2022-08-09 18:04:44 status half-configured zlib1g-dev:amd64 1:1.2.11.dfsg-2ubuntu9
2022-08-09 18:04:44 status installed zlib1g-dev:amd64 1:1.2.11.dfsg-2ubuntu9
2022-08-09 18:04:52 startup archives unpack
2022-08-09 18:04:53 install nano:amd64 <none> 6.2-1
2022-08-09 18:04:53 status half-installed nano:amd64 6.2-1
2022-08-09 18:04:53 status unpacked nano:amd64 6.2-1
2022-08-09 18:04:53 startup packages configure
2022-08-09 18:04:53 configure nano:amd64 6.2-1 <none>
2022-08-09 18:04:53 status unpacked nano:amd64 6.2-1
2022-08-09 18:04:54 status half-configured nano:amd64 6.2-1
2022-08-09 18:04:54 status installed nano:amd64 6.2-1
2022-08-09 18:51:16 startup archives unpack
2022-08-09 18:51:16 upgrade libsystemd0:amd64 249.11-0ubuntu3.1 249.11-0ubuntu3.4
2022-08-09 18:51:16 status triggers-pending libc-bin:amd64 2.35-0ubuntu3
2022-08-09 18:51:16 status half-configured libsystemd0:amd64 249.11-0ubuntu3.1
2022-08-09 18:51:16 status unpacked libsystemd0:amd64 249.11-0ubuntu3.1
2022-08-09 18:51:16 status half-installed libsystemd0:amd64 249.11-0ubuntu3.1
2022-08-09 18:51:16 status unpacked libsystemd0:amd64 249.11-0ubuntu3.4
2022-08-09 18:51:16 startup packages configure
2022-08-09 18:51:16 configure libsystemd0:amd64 249.11-0ubuntu3.4 <none>
2022-08-09 18:51:16 status unpacked libsystemd0:amd64 249.11-0ubuntu3.4
2022-08-09 18:51:17 status half-configured libsystemd0:amd64 249.11-0ubuntu3.4
2022-08-09 18:51:17 status installed libsystemd0:amd64 249.11-0ubuntu3.4
2022-08-09 18:51:17 startup archives unpack
2022-08-09 18:51:17 install libpython3.10-minimal:amd64 <none> 3.10.4-3ubuntu0.1
2022-08-09 18:51:17 status half-installed libpython3.10-minimal:amd64 3.10.4-3ubuntu0.1
2022-08-09 18:51:18 status unpacked libpython3.10-minimal:amd64 3.10.4-3ubuntu0.1
2022-08-09 18:51:18 install python3.10-minimal:amd64 <none> 3.10.4-3ubuntu0.1
2022-08-09 18:51:18 status half-installed python3.10-minimal:amd64 3.10.4-3ubuntu0.1
2022-08-09 18:51:18 status unpacked python3.10-minimal:amd64 3.10.4-3ubuntu0.1
2022-08-09 18:51:19 startup packages configure
2022-08-09 18:51:19 configure libpython3.10-minimal:amd64 3.10.4-3ubuntu0.1 <none>
2022-08-09 18:51:19 status unpacked libpython3.10-minimal:amd64 3.10.4-3ubuntu0.1
2022-08-09 18:51:19 status half-configured libpython3.10-minimal:amd64 3.10.4-3ubuntu0.1
2022-08-09 18:51:19 status installed libpython3.10-minimal:amd64 3.10.4-3ubuntu0.1
2022-08-09 18:51:19 configure python3.10-minimal:amd64 3.10.4-3ubuntu0.1 <none>
2022-08-09 18:51:19 status unpacked python3.10-minimal:amd64 3.10.4-3ubuntu0.1
2022-08-09 18:51:19 status half-configured python3.10-minimal:amd64 3.10.4-3ubuntu0.1
2022-08-09 18:51:20 status installed python3.10-minimal:amd64 3.10.4-3ubuntu0.1
2022-08-09 18:51:20 startup archives unpack
2022-08-09 18:51:20 install python3-minimal:amd64 <none> 3.10.4-0ubuntu2
2022-08-09 18:51:20 status half-installed python3-minimal:amd64 3.10.4-0ubuntu2
2022-08-09 18:51:21 status unpacked python3-minimal:amd64 3.10.4-0ubuntu2
2022-08-09 18:51:21 install media-types:all <none> 7.0.0
2022-08-09 18:51:21 status half-installed media-types:all 7.0.0
2022-08-09 18:51:22 status unpacked media-types:all 7.0.0
2022-08-09 18:51:22 install libmpdec3:amd64 <none> 2.5.1-2build2
2022-08-09 18:51:22 status half-installed libmpdec3:amd64 2.5.1-2build2
2022-08-09 18:51:23 status unpacked libmpdec3:amd64 2.5.1-2build2
2022-08-09 18:51:23 install readline-common:all <none> 8.1.2-1
2022-08-09 18:51:23 status half-installed readline-common:all 8.1.2-1
2022-08-09 18:51:23 status unpacked readline-common:all 8.1.2-1
2022-08-09 18:51:24 install libreadline8:amd64 <none> 8.1.2-1
2022-08-09 18:51:24 status half-installed libreadline8:amd64 8.1.2-1
2022-08-09 18:51:24 status unpacked libreadline8:amd64 8.1.2-1
2022-08-09 18:51:25 install libsqlite3-0:amd64 <none> 3.37.2-2
2022-08-09 18:51:25 status half-installed libsqlite3-0:amd64 3.37.2-2
2022-08-09 18:51:25 status unpacked libsqlite3-0:amd64 3.37.2-2
2022-08-09 18:51:26 install libpython3.10-stdlib:amd64 <none> 3.10.4-3ubuntu0.1
2022-08-09 18:51:26 status half-installed libpython3.10-stdlib:amd64 3.10.4-3ubuntu0.1
2022-08-09 18:51:26 status unpacked libpython3.10-stdlib:amd64 3.10.4-3ubuntu0.1
2022-08-09 18:51:27 install python3.10:amd64 <none> 3.10.4-3ubuntu0.1
2022-08-09 18:51:27 status half-installed python3.10:amd64 3.10.4-3ubuntu0.1
2022-08-09 18:51:27 status unpacked python3.10:amd64 3.10.4-3ubuntu0.1
2022-08-09 18:51:27 install libpython3-stdlib:amd64 <none> 3.10.4-0ubuntu2
2022-08-09 18:51:27 status half-installed libpython3-stdlib:amd64 3.10.4-0ubuntu2
2022-08-09 18:51:28 status unpacked libpython3-stdlib:amd64 3.10.4-0ubuntu2
2022-08-09 18:51:28 startup packages configure
2022-08-09 18:51:28 configure python3-minimal:amd64 3.10.4-0ubuntu2 <none>
2022-08-09 18:51:28 status unpacked python3-minimal:amd64 3.10.4-0ubuntu2
2022-08-09 18:51:29 status half-configured python3-minimal:amd64 3.10.4-0ubuntu2
2022-08-09 18:51:29 status installed python3-minimal:amd64 3.10.4-0ubuntu2
2022-08-09 18:51:29 startup archives unpack
2022-08-09 18:51:29 install python3:amd64 <none> 3.10.4-0ubuntu2
2022-08-09 18:51:29 status half-installed python3:amd64 3.10.4-0ubuntu2
2022-08-09 18:51:30 status unpacked python3:amd64 3.10.4-0ubuntu2
2022-08-09 18:51:30 install libapparmor1:amd64 <none> 3.0.4-2ubuntu2.1
2022-08-09 18:51:30 status half-installed libapparmor1:amd64 3.0.4-2ubuntu2.1
2022-08-09 18:51:31 status unpacked libapparmor1:amd64 3.0.4-2ubuntu2.1
2022-08-09 18:51:31 install libargon2-1:amd64 <none> 0~20171227-0.3
2022-08-09 18:51:31 status half-installed libargon2-1:amd64 0~20171227-0.3
2022-08-09 18:51:32 status unpacked libargon2-1:amd64 0~20171227-0.3
2022-08-09 18:51:32 install libdevmapper1.02.1:amd64 <none> 2:1.02.175-2.1ubuntu4
2022-08-09 18:51:32 status half-installed libdevmapper1.02.1:amd64 2:1.02.175-2.1ubuntu4
2022-08-09 18:51:32 status unpacked libdevmapper1.02.1:amd64 2:1.02.175-2.1ubuntu4
2022-08-09 18:51:33 install libjson-c5:amd64 <none> 0.15-3~ubuntu1.22.04.1
2022-08-09 18:51:33 status half-installed libjson-c5:amd64 0.15-3~ubuntu1.22.04.1
2022-08-09 18:51:33 status unpacked libjson-c5:amd64 0.15-3~ubuntu1.22.04.1
2022-08-09 18:51:34 install libcryptsetup12:amd64 <none> 2:2.4.3-1ubuntu1
2022-08-09 18:51:34 status half-installed libcryptsetup12:amd64 2:2.4.3-1ubuntu1
2022-08-09 18:51:34 status unpacked libcryptsetup12:amd64 2:2.4.3-1ubuntu1
2022-08-09 18:51:35 install libip4tc2:amd64 <none> 1.8.7-1ubuntu5
2022-08-09 18:51:35 status half-installed libip4tc2:amd64 1.8.7-1ubuntu5
2022-08-09 18:51:36 status unpacked libip4tc2:amd64 1.8.7-1ubuntu5
2022-08-09 18:51:37 install libkmod2:amd64 <none> 29-1ubuntu1
2022-08-09 18:51:37 status half-installed libkmod2:amd64 29-1ubuntu1
2022-08-09 18:51:37 status unpacked libkmod2:amd64 29-1ubuntu1
2022-08-09 18:51:37 install systemd:amd64 <none> 249.11-0ubuntu3.4
2022-08-09 18:51:37 status half-installed systemd:amd64 249.11-0ubuntu3.4
2022-08-09 18:51:38 status unpacked systemd:amd64 249.11-0ubuntu3.4
2022-08-09 18:51:38 startup packages configure
2022-08-09 18:51:38 configure libapparmor1:amd64 3.0.4-2ubuntu2.1 <none>
2022-08-09 18:51:38 status unpacked libapparmor1:amd64 3.0.4-2ubuntu2.1
2022-08-09 18:51:38 status half-configured libapparmor1:amd64 3.0.4-2ubuntu2.1
2022-08-09 18:51:38 status installed libapparmor1:amd64 3.0.4-2ubuntu2.1
2022-08-09 18:51:38 configure libargon2-1:amd64 0~20171227-0.3 <none>
2022-08-09 18:51:38 status unpacked libargon2-1:amd64 0~20171227-0.3
2022-08-09 18:51:38 status half-configured libargon2-1:amd64 0~20171227-0.3
2022-08-09 18:51:39 status installed libargon2-1:amd64 0~20171227-0.3
2022-08-09 18:51:39 configure libdevmapper1.02.1:amd64 2:1.02.175-2.1ubuntu4 <none>
2022-08-09 18:51:39 status unpacked libdevmapper1.02.1:amd64 2:1.02.175-2.1ubuntu4
2022-08-09 18:51:39 status half-configured libdevmapper1.02.1:amd64 2:1.02.175-2.1ubuntu4
2022-08-09 18:51:39 status installed libdevmapper1.02.1:amd64 2:1.02.175-2.1ubuntu4
2022-08-09 18:51:39 configure libjson-c5:amd64 0.15-3~ubuntu1.22.04.1 <none>
2022-08-09 18:51:39 status unpacked libjson-c5:amd64 0.15-3~ubuntu1.22.04.1
2022-08-09 18:51:39 status half-configured libjson-c5:amd64 0.15-3~ubuntu1.22.04.1
2022-08-09 18:51:39 status installed libjson-c5:amd64 0.15-3~ubuntu1.22.04.1
2022-08-09 18:51:39 configure libcryptsetup12:amd64 2:2.4.3-1ubuntu1 <none>
2022-08-09 18:51:39 status unpacked libcryptsetup12:amd64 2:2.4.3-1ubuntu1
2022-08-09 18:51:39 status half-configured libcryptsetup12:amd64 2:2.4.3-1ubuntu1
2022-08-09 18:51:40 status installed libcryptsetup12:amd64 2:2.4.3-1ubuntu1
2022-08-09 18:51:40 configure libip4tc2:amd64 1.8.7-1ubuntu5 <none>
2022-08-09 18:51:40 status unpacked libip4tc2:amd64 1.8.7-1ubuntu5
2022-08-09 18:51:40 status half-configured libip4tc2:amd64 1.8.7-1ubuntu5
2022-08-09 18:51:40 status installed libip4tc2:amd64 1.8.7-1ubuntu5
2022-08-09 18:51:40 configure libkmod2:amd64 29-1ubuntu1 <none>
2022-08-09 18:51:40 status unpacked libkmod2:amd64 29-1ubuntu1
2022-08-09 18:51:40 status half-configured libkmod2:amd64 29-1ubuntu1
2022-08-09 18:51:40 status installed libkmod2:amd64 29-1ubuntu1
2022-08-09 18:51:40 configure systemd:amd64 249.11-0ubuntu3.4 <none>
2022-08-09 18:51:40 status unpacked systemd:amd64 249.11-0ubuntu3.4
2022-08-09 18:51:41 status half-configured systemd:amd64 249.11-0ubuntu3.4
2022-08-09 18:51:44 status installed systemd:amd64 249.11-0ubuntu3.4
2022-08-09 18:51:45 startup archives unpack
2022-08-09 18:51:45 install systemd-sysv:amd64 <none> 249.11-0ubuntu3.4
2022-08-09 18:51:45 status half-installed systemd-sysv:amd64 249.11-0ubuntu3.4
2022-08-09 18:51:45 status unpacked systemd-sysv:amd64 249.11-0ubuntu3.4
2022-08-09 18:51:46 upgrade gpgv:amd64 2.2.27-3ubuntu2 2.2.27-3ubuntu2.1
2022-08-09 18:51:46 status half-configured gpgv:amd64 2.2.27-3ubuntu2
2022-08-09 18:51:46 status unpacked gpgv:amd64 2.2.27-3ubuntu2
2022-08-09 18:51:46 status half-installed gpgv:amd64 2.2.27-3ubuntu2
2022-08-09 18:51:46 status unpacked gpgv:amd64 2.2.27-3ubuntu2.1
2022-08-09 18:51:47 startup packages configure
2022-08-09 18:51:47 configure gpgv:amd64 2.2.27-3ubuntu2.1 <none>
2022-08-09 18:51:47 status unpacked gpgv:amd64 2.2.27-3ubuntu2.1
2022-08-09 18:51:47 status half-configured gpgv:amd64 2.2.27-3ubuntu2.1
2022-08-09 18:51:47 status installed gpgv:amd64 2.2.27-3ubuntu2.1
2022-08-09 18:51:47 startup archives unpack
2022-08-09 18:51:48 install openssl:amd64 <none> 3.0.2-0ubuntu1.6
2022-08-09 18:51:48 status half-installed openssl:amd64 3.0.2-0ubuntu1.6
2022-08-09 18:51:48 status unpacked openssl:amd64 3.0.2-0ubuntu1.6
2022-08-09 18:51:49 install ca-certificates:all <none> 20211016
2022-08-09 18:51:49 status half-installed ca-certificates:all 20211016
2022-08-09 18:51:49 status unpacked ca-certificates:all 20211016
2022-08-09 18:51:50 install libdbus-1-3:amd64 <none> 1.12.20-2ubuntu4
2022-08-09 18:51:50 status half-installed libdbus-1-3:amd64 1.12.20-2ubuntu4
2022-08-09 18:51:50 status unpacked libdbus-1-3:amd64 1.12.20-2ubuntu4
2022-08-09 18:51:51 install dbus:amd64 <none> 1.12.20-2ubuntu4
2022-08-09 18:51:51 status half-installed dbus:amd64 1.12.20-2ubuntu4
2022-08-09 18:51:52 status unpacked dbus:amd64 1.12.20-2ubuntu4
2022-08-09 18:51:52 install distro-info-data:all <none> 0.52ubuntu0.1
2022-08-09 18:51:52 status half-installed distro-info-data:all 0.52ubuntu0.1
2022-08-09 18:51:52 status unpacked distro-info-data:all 0.52ubuntu0.1
2022-08-09 18:51:53 install dmsetup:amd64 <none> 2:1.02.175-2.1ubuntu4
2022-08-09 18:51:53 status half-installed dmsetup:amd64 2:1.02.175-2.1ubuntu4
2022-08-09 18:51:53 status unpacked dmsetup:amd64 2:1.02.175-2.1ubuntu4
2022-08-09 18:51:54 install libglib2.0-0:amd64 <none> 2.72.1-1
2022-08-09 18:51:54 status half-installed libglib2.0-0:amd64 2.72.1-1
2022-08-09 18:51:54 status unpacked libglib2.0-0:amd64 2.72.1-1
2022-08-09 18:51:55 install libgirepository-1.0-1:amd64 <none> 1.72.0-1
2022-08-09 18:51:55 status half-installed libgirepository-1.0-1:amd64 1.72.0-1
2022-08-09 18:51:55 status unpacked libgirepository-1.0-1:amd64 1.72.0-1
2022-08-09 18:51:56 install gir1.2-glib-2.0:amd64 <none> 1.72.0-1
2022-08-09 18:51:56 status half-installed gir1.2-glib-2.0:amd64 1.72.0-1
2022-08-09 18:51:56 status unpacked gir1.2-glib-2.0:amd64 1.72.0-1
2022-08-09 18:51:56 install iso-codes:all <none> 4.9.0-1
2022-08-09 18:51:56 status half-installed iso-codes:all 4.9.0-1
2022-08-09 18:51:57 status unpacked iso-codes:all 4.9.0-1
2022-08-09 18:51:57 install libcap2-bin:amd64 <none> 1:2.44-1build3
2022-08-09 18:51:57 status half-installed libcap2-bin:amd64 1:2.44-1build3
2022-08-09 18:51:58 status unpacked libcap2-bin:amd64 1:2.44-1build3
2022-08-09 18:51:58 install libelf1:amd64 <none> 0.186-1build1
2022-08-09 18:51:58 status half-installed libelf1:amd64 0.186-1build1
2022-08-09 18:51:59 status unpacked libelf1:amd64 0.186-1build1
2022-08-09 18:51:59 install libglib2.0-data:all <none> 2.72.1-1
2022-08-09 18:51:59 status half-installed libglib2.0-data:all 2.72.1-1
2022-08-09 18:51:59 status unpacked libglib2.0-data:all 2.72.1-1
2022-08-09 18:52:00 install libicu70:amd64 <none> 70.1-2
2022-08-09 18:52:00 status half-installed libicu70:amd64 70.1-2
2022-08-09 18:52:00 status unpacked libicu70:amd64 70.1-2
2022-08-09 18:52:01 install libnss-systemd:amd64 <none> 249.11-0ubuntu3.4
2022-08-09 18:52:01 status half-installed libnss-systemd:amd64 249.11-0ubuntu3.4
2022-08-09 18:52:01 status unpacked libnss-systemd:amd64 249.11-0ubuntu3.4
2022-08-09 18:52:02 install libpam-cap:amd64 <none> 1:2.44-1build3
2022-08-09 18:52:02 status half-installed libpam-cap:amd64 1:2.44-1build3
2022-08-09 18:52:02 status unpacked libpam-cap:amd64 1:2.44-1build3
2022-08-09 18:52:03 install libpam-systemd:amd64 <none> 249.11-0ubuntu3.4
2022-08-09 18:52:03 status half-installed libpam-systemd:amd64 249.11-0ubuntu3.4
2022-08-09 18:52:03 status unpacked libpam-systemd:amd64 249.11-0ubuntu3.4
2022-08-09 18:52:04 install libxml2:amd64 <none> 2.9.13+dfsg-1ubuntu0.1
2022-08-09 18:52:04 status half-installed libxml2:amd64 2.9.13+dfsg-1ubuntu0.1
2022-08-09 18:52:04 status unpacked libxml2:amd64 2.9.13+dfsg-1ubuntu0.1
2022-08-09 18:52:05 install libyaml-0-2:amd64 <none> 0.2.2-1build2
2022-08-09 18:52:05 status half-installed libyaml-0-2:amd64 0.2.2-1build2
2022-08-09 18:52:05 status unpacked libyaml-0-2:amd64 0.2.2-1build2
2022-08-09 18:52:06 install lsb-release:all <none> 11.1.0ubuntu4
2022-08-09 18:52:06 status half-installed lsb-release:all 11.1.0ubuntu4
2022-08-09 18:52:06 status unpacked lsb-release:all 11.1.0ubuntu4
2022-08-09 18:52:06 install python3-dbus:amd64 <none> 1.2.18-3build1
2022-08-09 18:52:06 status half-installed python3-dbus:amd64 1.2.18-3build1
2022-08-09 18:52:07 status unpacked python3-dbus:amd64 1.2.18-3build1
2022-08-09 18:52:08 install python3-gi:amd64 <none> 3.42.1-0ubuntu1
2022-08-09 18:52:08 status half-installed python3-gi:amd64 3.42.1-0ubuntu1
2022-08-09 18:52:08 status unpacked python3-gi:amd64 3.42.1-0ubuntu1
2022-08-09 18:52:08 install networkd-dispatcher:all <none> 2.1-2ubuntu0.22.04.2
2022-08-09 18:52:08 status half-installed networkd-dispatcher:all 2.1-2ubuntu0.22.04.2
2022-08-09 18:52:08 status unpacked networkd-dispatcher:all 2.1-2ubuntu0.22.04.2
2022-08-09 18:52:09 install python-apt-common:all <none> 2.3.0ubuntu2.1
2022-08-09 18:52:09 status half-installed python-apt-common:all 2.3.0ubuntu2.1
2022-08-09 18:52:09 status unpacked python-apt-common:all 2.3.0ubuntu2.1
2022-08-09 18:52:09 install python3-apt:amd64 <none> 2.3.0ubuntu2.1
2022-08-09 18:52:09 status half-installed python3-apt:amd64 2.3.0ubuntu2.1
2022-08-09 18:52:10 status unpacked python3-apt:amd64 2.3.0ubuntu2.1
2022-08-09 18:52:10 install python3-pkg-resources:all <none> 59.6.0-1.2
2022-08-09 18:52:10 status half-installed python3-pkg-resources:all 59.6.0-1.2
2022-08-09 18:52:10 status unpacked python3-pkg-resources:all 59.6.0-1.2
2022-08-09 18:52:11 install shared-mime-info:amd64 <none> 2.1-2
2022-08-09 18:52:11 status half-installed shared-mime-info:amd64 2.1-2
2022-08-09 18:52:11 status unpacked shared-mime-info:amd64 2.1-2
2022-08-09 18:52:12 install systemd-timesyncd:amd64 <none> 249.11-0ubuntu3.4
2022-08-09 18:52:12 status half-installed systemd-timesyncd:amd64 249.11-0ubuntu3.4
2022-08-09 18:52:12 status unpacked systemd-timesyncd:amd64 249.11-0ubuntu3.4
2022-08-09 18:52:13 install xdg-user-dirs:amd64 <none> 0.17-2ubuntu4
2022-08-09 18:52:13 status half-installed xdg-user-dirs:amd64 0.17-2ubuntu4
2022-08-09 18:52:14 status unpacked xdg-user-dirs:amd64 0.17-2ubuntu4
2022-08-09 18:52:14 install libnghttp2-14:amd64 <none> 1.43.0-1build3
2022-08-09 18:52:14 status half-installed libnghttp2-14:amd64 1.43.0-1build3
2022-08-09 18:52:15 status unpacked libnghttp2-14:amd64 1.43.0-1build3
2022-08-09 18:52:15 install libpsl5:amd64 <none> 0.21.0-1.2build2
2022-08-09 18:52:15 status half-installed libpsl5:amd64 0.21.0-1.2build2
2022-08-09 18:52:16 status unpacked libpsl5:amd64 0.21.0-1.2build2
2022-08-09 18:52:16 install publicsuffix:all <none> 20211207.1025-1
2022-08-09 18:52:16 status half-installed publicsuffix:all 20211207.1025-1
2022-08-09 18:52:16 status unpacked publicsuffix:all 20211207.1025-1
2022-08-09 18:52:17 install python3-distro-info:all <none> 1.1build1
2022-08-09 18:52:17 status half-installed python3-distro-info:all 1.1build1
2022-08-09 18:52:17 status unpacked python3-distro-info:all 1.1build1
2022-08-09 18:52:18 install xz-utils:amd64 <none> 5.2.5-2ubuntu1
2022-08-09 18:52:18 status half-installed xz-utils:amd64 5.2.5-2ubuntu1
2022-08-09 18:52:18 status unpacked xz-utils:amd64 5.2.5-2ubuntu1
2022-08-09 18:52:18 install libassuan0:amd64 <none> 2.5.5-1build1
2022-08-09 18:52:18 status half-installed libassuan0:amd64 2.5.5-1build1
2022-08-09 18:52:19 status unpacked libassuan0:amd64 2.5.5-1build1
2022-08-09 18:52:19 install gpgconf:amd64 <none> 2.2.27-3ubuntu2.1
2022-08-09 18:52:19 status half-installed gpgconf:amd64 2.2.27-3ubuntu2.1
2022-08-09 18:52:19 status unpacked gpgconf:amd64 2.2.27-3ubuntu2.1
2022-08-09 18:52:19 install libksba8:amd64 <none> 1.6.0-2build1
2022-08-09 18:52:19 status half-installed libksba8:amd64 1.6.0-2build1
2022-08-09 18:52:20 status unpacked libksba8:amd64 1.6.0-2build1
2022-08-09 18:52:20 install libsasl2-modules-db:amd64 <none> 2.1.27+dfsg2-3ubuntu1
2022-08-09 18:52:20 status half-installed libsasl2-modules-db:amd64 2.1.27+dfsg2-3ubuntu1
2022-08-09 18:52:20 status unpacked libsasl2-modules-db:amd64 2.1.27+dfsg2-3ubuntu1
2022-08-09 18:52:21 install libsasl2-2:amd64 <none> 2.1.27+dfsg2-3ubuntu1
2022-08-09 18:52:21 status half-installed libsasl2-2:amd64 2.1.27+dfsg2-3ubuntu1
2022-08-09 18:52:21 status unpacked libsasl2-2:amd64 2.1.27+dfsg2-3ubuntu1
2022-08-09 18:52:21 install libldap-2.5-0:amd64 <none> 2.5.12+dfsg-0ubuntu0.22.04.1
2022-08-09 18:52:21 status half-installed libldap-2.5-0:amd64 2.5.12+dfsg-0ubuntu0.22.04.1
2022-08-09 18:52:22 status unpacked libldap-2.5-0:amd64 2.5.12+dfsg-0ubuntu0.22.04.1
2022-08-09 18:52:22 install libnpth0:amd64 <none> 1.6-3build2
2022-08-09 18:52:22 status half-installed libnpth0:amd64 1.6-3build2
2022-08-09 18:52:23 status unpacked libnpth0:amd64 1.6-3build2
2022-08-09 18:52:24 install dirmngr:amd64 <none> 2.2.27-3ubuntu2.1
2022-08-09 18:52:24 status half-installed dirmngr:amd64 2.2.27-3ubuntu2.1
2022-08-09 18:52:24 status unpacked dirmngr:amd64 2.2.27-3ubuntu2.1
2022-08-09 18:52:24 install libpackagekit-glib2-18:amd64 <none> 1.2.5-2ubuntu2
2022-08-09 18:52:24 status half-installed libpackagekit-glib2-18:amd64 1.2.5-2ubuntu2
2022-08-09 18:52:25 status unpacked libpackagekit-glib2-18:amd64 1.2.5-2ubuntu2
2022-08-09 18:52:25 install gir1.2-packagekitglib-1.0:amd64 <none> 1.2.5-2ubuntu2
2022-08-09 18:52:25 status half-installed gir1.2-packagekitglib-1.0:amd64 1.2.5-2ubuntu2
2022-08-09 18:52:25 status unpacked gir1.2-packagekitglib-1.0:amd64 1.2.5-2ubuntu2
2022-08-09 18:52:26 install gnupg-l10n:all <none> 2.2.27-3ubuntu2.1
2022-08-09 18:52:26 status half-installed gnupg-l10n:all 2.2.27-3ubuntu2.1
2022-08-09 18:52:26 status unpacked gnupg-l10n:all 2.2.27-3ubuntu2.1
2022-08-09 18:52:27 install gnupg-utils:amd64 <none> 2.2.27-3ubuntu2.1
2022-08-09 18:52:27 status half-installed gnupg-utils:amd64 2.2.27-3ubuntu2.1
2022-08-09 18:52:27 status unpacked gnupg-utils:amd64 2.2.27-3ubuntu2.1
2022-08-09 18:52:27 install gpg:amd64 <none> 2.2.27-3ubuntu2.1
2022-08-09 18:52:27 status half-installed gpg:amd64 2.2.27-3ubuntu2.1
2022-08-09 18:52:28 status unpacked gpg:amd64 2.2.27-3ubuntu2.1
2022-08-09 18:52:28 install pinentry-curses:amd64 <none> 1.1.1-1build2
2022-08-09 18:52:28 status half-installed pinentry-curses:amd64 1.1.1-1build2
2022-08-09 18:52:28 status unpacked pinentry-curses:amd64 1.1.1-1build2
2022-08-09 18:52:29 install gpg-agent:amd64 <none> 2.2.27-3ubuntu2.1
2022-08-09 18:52:29 status half-installed gpg-agent:amd64 2.2.27-3ubuntu2.1
2022-08-09 18:52:29 status unpacked gpg-agent:amd64 2.2.27-3ubuntu2.1
2022-08-09 18:52:30 install gpg-wks-client:amd64 <none> 2.2.27-3ubuntu2.1
2022-08-09 18:52:30 status half-installed gpg-wks-client:amd64 2.2.27-3ubuntu2.1
2022-08-09 18:52:30 status unpacked gpg-wks-client:amd64 2.2.27-3ubuntu2.1
2022-08-09 18:52:31 install gpg-wks-server:amd64 <none> 2.2.27-3ubuntu2.1
2022-08-09 18:52:31 status half-installed gpg-wks-server:amd64 2.2.27-3ubuntu2.1
2022-08-09 18:52:31 status unpacked gpg-wks-server:amd64 2.2.27-3ubuntu2.1
2022-08-09 18:52:31 install gpgsm:amd64 <none> 2.2.27-3ubuntu2.1
2022-08-09 18:52:31 status half-installed gpgsm:amd64 2.2.27-3ubuntu2.1
2022-08-09 18:52:32 status unpacked gpgsm:amd64 2.2.27-3ubuntu2.1
2022-08-09 18:52:32 install gnupg:all <none> 2.2.27-3ubuntu2.1
2022-08-09 18:52:32 status half-installed gnupg:all 2.2.27-3ubuntu2.1
2022-08-09 18:52:32 status unpacked gnupg:all 2.2.27-3ubuntu2.1
2022-08-09 18:52:33 install librtmp1:amd64 <none> 2.4+20151223.gitfa8646d.1-2build4
2022-08-09 18:52:33 status half-installed librtmp1:amd64 2.4+20151223.gitfa8646d.1-2build4
2022-08-09 18:52:33 status unpacked librtmp1:amd64 2.4+20151223.gitfa8646d.1-2build4
2022-08-09 18:52:34 install libssh-4:amd64 <none> 0.9.6-2build1
2022-08-09 18:52:34 status half-installed libssh-4:amd64 0.9.6-2build1
2022-08-09 18:52:34 status unpacked libssh-4:amd64 0.9.6-2build1
2022-08-09 18:52:35 install libcurl3-gnutls:amd64 <none> 7.81.0-1ubuntu1.3
2022-08-09 18:52:35 status half-installed libcurl3-gnutls:amd64 7.81.0-1ubuntu1.3
2022-08-09 18:52:35 status unpacked libcurl3-gnutls:amd64 7.81.0-1ubuntu1.3
2022-08-09 18:52:36 install libstemmer0d:amd64 <none> 2.2.0-1build1
2022-08-09 18:52:36 status half-installed libstemmer0d:amd64 2.2.0-1build1
2022-08-09 18:52:36 status unpacked libstemmer0d:amd64 2.2.0-1build1
2022-08-09 18:52:37 install libxmlb2:amd64 <none> 0.3.6-2build1
2022-08-09 18:52:37 status half-installed libxmlb2:amd64 0.3.6-2build1
2022-08-09 18:52:37 status unpacked libxmlb2:amd64 0.3.6-2build1
2022-08-09 18:52:38 install libappstream4:amd64 <none> 0.15.2-2
2022-08-09 18:52:38 status half-installed libappstream4:amd64 0.15.2-2
2022-08-09 18:52:38 status unpacked libappstream4:amd64 0.15.2-2
2022-08-09 18:52:41 install libdw1:amd64 <none> 0.186-1build1
2022-08-09 18:52:41 status half-installed libdw1:amd64 0.186-1build1
2022-08-09 18:52:41 status unpacked libdw1:amd64 0.186-1build1
2022-08-09 18:52:42 install libglib2.0-bin:amd64 <none> 2.72.1-1
2022-08-09 18:52:42 status half-installed libglib2.0-bin:amd64 2.72.1-1
2022-08-09 18:52:42 status unpacked libglib2.0-bin:amd64 2.72.1-1
2022-08-09 18:52:43 install libunwind8:amd64 <none> 1.3.2-2build2
2022-08-09 18:52:43 status half-installed libunwind8:amd64 1.3.2-2build2
2022-08-09 18:52:43 status unpacked libunwind8:amd64 1.3.2-2build2
2022-08-09 18:52:44 install libgstreamer1.0-0:amd64 <none> 1.20.3-0ubuntu1
2022-08-09 18:52:44 status half-installed libgstreamer1.0-0:amd64 1.20.3-0ubuntu1
2022-08-09 18:52:44 status unpacked libgstreamer1.0-0:amd64 1.20.3-0ubuntu1
2022-08-09 18:52:44 install libldap-common:all <none> 2.5.12+dfsg-0ubuntu0.22.04.1
2022-08-09 18:52:44 status half-installed libldap-common:all 2.5.12+dfsg-0ubuntu0.22.04.1
2022-08-09 18:52:45 status unpacked libldap-common:all 2.5.12+dfsg-0ubuntu0.22.04.1
2022-08-09 18:52:45 install libpolkit-gobject-1-0:amd64 <none> 0.105-33
2022-08-09 18:52:45 status half-installed libpolkit-gobject-1-0:amd64 0.105-33
2022-08-09 18:52:46 status unpacked libpolkit-gobject-1-0:amd64 0.105-33
2022-08-09 18:52:46 install libpolkit-agent-1-0:amd64 <none> 0.105-33
2022-08-09 18:52:46 status half-installed libpolkit-agent-1-0:amd64 0.105-33
2022-08-09 18:52:47 status unpacked libpolkit-agent-1-0:amd64 0.105-33
2022-08-09 18:52:47 install libsasl2-modules:amd64 <none> 2.1.27+dfsg2-3ubuntu1
2022-08-09 18:52:47 status half-installed libsasl2-modules:amd64 2.1.27+dfsg2-3ubuntu1
2022-08-09 18:52:47 status unpacked libsasl2-modules:amd64 2.1.27+dfsg2-3ubuntu1
2022-08-09 18:52:48 install polkitd:amd64 <none> 0.105-33
2022-08-09 18:52:48 status half-installed polkitd:amd64 0.105-33
2022-08-09 18:52:48 status unpacked polkitd:amd64 0.105-33
2022-08-09 18:52:49 install pkexec:amd64 <none> 0.105-33
2022-08-09 18:52:49 status half-installed pkexec:amd64 0.105-33
2022-08-09 18:52:49 status unpacked pkexec:amd64 0.105-33
2022-08-09 18:52:50 install policykit-1:amd64 <none> 0.105-33
2022-08-09 18:52:50 status half-installed policykit-1:amd64 0.105-33
2022-08-09 18:52:50 status unpacked policykit-1:amd64 0.105-33
2022-08-09 18:52:51 install packagekit:amd64 <none> 1.2.5-2ubuntu2
2022-08-09 18:52:51 status half-installed packagekit:amd64 1.2.5-2ubuntu2
2022-08-09 18:52:51 status unpacked packagekit:amd64 1.2.5-2ubuntu2
2022-08-09 18:52:52 install packagekit-tools:amd64 <none> 1.2.5-2ubuntu2
2022-08-09 18:52:52 status half-installed packagekit-tools:amd64 1.2.5-2ubuntu2
2022-08-09 18:52:52 status unpacked packagekit-tools:amd64 1.2.5-2ubuntu2
2022-08-09 18:52:53 install python3-blinker:all <none> 1.4+dfsg1-0.4
2022-08-09 18:52:53 status half-installed python3-blinker:all 1.4+dfsg1-0.4
2022-08-09 18:52:53 status unpacked python3-blinker:all 1.4+dfsg1-0.4
2022-08-09 18:52:53 install python3-cffi-backend:amd64 <none> 1.15.0-1build2
2022-08-09 18:52:53 status half-installed python3-cffi-backend:amd64 1.15.0-1build2
2022-08-09 18:52:56 status unpacked python3-cffi-backend:amd64 1.15.0-1build2
2022-08-09 18:52:56 install python3-cryptography:amd64 <none> 3.4.8-1ubuntu2
2022-08-09 18:52:56 status half-installed python3-cryptography:amd64 3.4.8-1ubuntu2
2022-08-09 18:52:57 status unpacked python3-cryptography:amd64 3.4.8-1ubuntu2
2022-08-09 18:52:57 install python3-pyparsing:all <none> 2.4.7-1
2022-08-09 18:52:57 status half-installed python3-pyparsing:all 2.4.7-1
2022-08-09 18:52:58 status unpacked python3-pyparsing:all 2.4.7-1
2022-08-09 18:52:58 install python3-httplib2:all <none> 0.20.2-2
2022-08-09 18:52:58 status half-installed python3-httplib2:all 0.20.2-2
2022-08-09 18:52:59 status unpacked python3-httplib2:all 0.20.2-2
2022-08-09 18:52:59 install python3-more-itertools:all <none> 8.10.0-2
2022-08-09 18:52:59 status half-installed python3-more-itertools:all 8.10.0-2
2022-08-09 18:52:59 status unpacked python3-more-itertools:all 8.10.0-2
2022-08-09 18:53:00 install python3-zipp:all <none> 1.0.0-3
2022-08-09 18:53:00 status half-installed python3-zipp:all 1.0.0-3
2022-08-09 18:53:00 status unpacked python3-zipp:all 1.0.0-3
2022-08-09 18:53:01 install python3-importlib-metadata:all <none> 4.6.4-1
2022-08-09 18:53:01 status half-installed python3-importlib-metadata:all 4.6.4-1
2022-08-09 18:53:01 status unpacked python3-importlib-metadata:all 4.6.4-1
2022-08-09 18:53:02 install python3-jeepney:all <none> 0.7.1-3
2022-08-09 18:53:02 status half-installed python3-jeepney:all 0.7.1-3
2022-08-09 18:53:02 status unpacked python3-jeepney:all 0.7.1-3
2022-08-09 18:53:03 install python3-jwt:all <none> 2.3.0-1ubuntu0.1
2022-08-09 18:53:03 status half-installed python3-jwt:all 2.3.0-1ubuntu0.1
2022-08-09 18:53:03 status unpacked python3-jwt:all 2.3.0-1ubuntu0.1
2022-08-09 18:53:03 install python3-secretstorage:all <none> 3.3.1-1
2022-08-09 18:53:03 status half-installed python3-secretstorage:all 3.3.1-1
2022-08-09 18:53:05 status unpacked python3-secretstorage:all 3.3.1-1
2022-08-09 18:53:06 install python3-keyring:all <none> 23.5.0-1
2022-08-09 18:53:06 status half-installed python3-keyring:all 23.5.0-1
2022-08-09 18:53:06 status unpacked python3-keyring:all 23.5.0-1
2022-08-09 18:53:07 install python3-lazr.uri:all <none> 1.0.6-2
2022-08-09 18:53:07 status half-installed python3-lazr.uri:all 1.0.6-2
2022-08-09 18:53:07 status unpacked python3-lazr.uri:all 1.0.6-2
2022-08-09 18:53:07 install python3-wadllib:all <none> 1.3.6-1
2022-08-09 18:53:07 status half-installed python3-wadllib:all 1.3.6-1
2022-08-09 18:53:08 status unpacked python3-wadllib:all 1.3.6-1
2022-08-09 18:53:09 install python3-distro:all <none> 1.7.0-1
2022-08-09 18:53:09 status half-installed python3-distro:all 1.7.0-1
2022-08-09 18:53:09 status unpacked python3-distro:all 1.7.0-1
2022-08-09 18:53:09 install python3-oauthlib:all <none> 3.2.0-1
2022-08-09 18:53:09 status half-installed python3-oauthlib:all 3.2.0-1
2022-08-09 18:53:10 status unpacked python3-oauthlib:all 3.2.0-1
2022-08-09 18:53:10 install python3-six:all <none> 1.16.0-3ubuntu1
2022-08-09 18:53:10 status half-installed python3-six:all 1.16.0-3ubuntu1
2022-08-09 18:53:11 status unpacked python3-six:all 1.16.0-3ubuntu1
2022-08-09 18:53:11 install python3-lazr.restfulclient:all <none> 0.14.4-1
2022-08-09 18:53:11 status half-installed python3-lazr.restfulclient:all 0.14.4-1
2022-08-09 18:53:11 status unpacked python3-lazr.restfulclient:all 0.14.4-1
2022-08-09 18:53:12 install python3-launchpadlib:all <none> 1.10.16-1
2022-08-09 18:53:12 status half-installed python3-launchpadlib:all 1.10.16-1
2022-08-09 18:53:12 status unpacked python3-launchpadlib:all 1.10.16-1
2022-08-09 18:53:13 install python3-software-properties:all <none> 0.99.22.2
2022-08-09 18:53:13 status half-installed python3-software-properties:all 0.99.22.2
2022-08-09 18:53:13 status unpacked python3-software-properties:all 0.99.22.2
2022-08-09 18:53:14 install software-properties-common:all <none> 0.99.22.2
2022-08-09 18:53:14 status half-installed software-properties-common:all 0.99.22.2
2022-08-09 18:53:14 status unpacked software-properties-common:all 0.99.22.2
2022-08-09 18:53:15 install unattended-upgrades:all <none> 2.8ubuntu1
2022-08-09 18:53:15 status half-installed unattended-upgrades:all 2.8ubuntu1
2022-08-09 18:53:15 status unpacked unattended-upgrades:all 2.8ubuntu1
2022-08-09 18:53:16 startup packages configure
2022-08-09 18:53:16 configure libksba8:amd64 1.6.0-2build1 <none>
2022-08-09 18:53:16 status unpacked libksba8:amd64 1.6.0-2build1
2022-08-09 18:53:16 status half-configured libksba8:amd64 1.6.0-2build1
2022-08-09 18:53:16 status installed libksba8:amd64 1.6.0-2build1
2022-08-09 18:53:16 configure media-types:all 7.0.0 <none>
2022-08-09 18:53:16 status unpacked media-types:all 7.0.0
2022-08-09 18:53:16 status half-configured media-types:all 7.0.0
2022-08-09 18:53:16 status installed media-types:all 7.0.0
2022-08-09 18:53:17 configure systemd-sysv:amd64 249.11-0ubuntu3.4 <none>
2022-08-09 18:53:17 status unpacked systemd-sysv:amd64 249.11-0ubuntu3.4
2022-08-09 18:53:17 status half-configured systemd-sysv:amd64 249.11-0ubuntu3.4
2022-08-09 18:53:17 status installed systemd-sysv:amd64 249.11-0ubuntu3.4
2022-08-09 18:53:17 configure libpsl5:amd64 0.21.0-1.2build2 <none>
2022-08-09 18:53:17 status unpacked libpsl5:amd64 0.21.0-1.2build2
2022-08-09 18:53:17 status half-configured libpsl5:amd64 0.21.0-1.2build2
2022-08-09 18:53:17 status installed libpsl5:amd64 0.21.0-1.2build2
2022-08-09 18:53:17 configure xdg-user-dirs:amd64 0.17-2ubuntu4 <none>
2022-08-09 18:53:17 status unpacked xdg-user-dirs:amd64 0.17-2ubuntu4
2022-08-09 18:53:18 status half-configured xdg-user-dirs:amd64 0.17-2ubuntu4
2022-08-09 18:53:18 status installed xdg-user-dirs:amd64 0.17-2ubuntu4
2022-08-09 18:53:18 configure libyaml-0-2:amd64 0.2.2-1build2 <none>
2022-08-09 18:53:18 status unpacked libyaml-0-2:amd64 0.2.2-1build2
2022-08-09 18:53:18 status half-configured libyaml-0-2:amd64 0.2.2-1build2
2022-08-09 18:53:18 status installed libyaml-0-2:amd64 0.2.2-1build2
2022-08-09 18:53:19 configure libglib2.0-0:amd64 2.72.1-1 <none>
2022-08-09 18:53:19 status unpacked libglib2.0-0:amd64 2.72.1-1
2022-08-09 18:53:19 status half-configured libglib2.0-0:amd64 2.72.1-1
2022-08-09 18:53:19 status installed libglib2.0-0:amd64 2.72.1-1
2022-08-09 18:53:19 configure distro-info-data:all 0.52ubuntu0.1 <none>
2022-08-09 18:53:19 status unpacked distro-info-data:all 0.52ubuntu0.1
2022-08-09 18:53:19 status half-configured distro-info-data:all 0.52ubuntu0.1
2022-08-09 18:53:19 status installed distro-info-data:all 0.52ubuntu0.1
2022-08-09 18:53:19 configure libxmlb2:amd64 0.3.6-2build1 <none>
2022-08-09 18:53:19 status unpacked libxmlb2:amd64 0.3.6-2build1
2022-08-09 18:53:19 status half-configured libxmlb2:amd64 0.3.6-2build1
2022-08-09 18:53:20 status installed libxmlb2:amd64 0.3.6-2build1
2022-08-09 18:53:20 configure libsqlite3-0:amd64 3.37.2-2 <none>
2022-08-09 18:53:20 status unpacked libsqlite3-0:amd64 3.37.2-2
2022-08-09 18:53:20 status half-configured libsqlite3-0:amd64 3.37.2-2
2022-08-09 18:53:20 status installed libsqlite3-0:amd64 3.37.2-2
2022-08-09 18:53:20 configure libsasl2-modules:amd64 2.1.27+dfsg2-3ubuntu1 <none>
2022-08-09 18:53:20 status unpacked libsasl2-modules:amd64 2.1.27+dfsg2-3ubuntu1
2022-08-09 18:53:20 status half-configured libsasl2-modules:amd64 2.1.27+dfsg2-3ubuntu1
2022-08-09 18:53:20 status installed libsasl2-modules:amd64 2.1.27+dfsg2-3ubuntu1
2022-08-09 18:53:20 configure libnghttp2-14:amd64 1.43.0-1build3 <none>
2022-08-09 18:53:20 status unpacked libnghttp2-14:amd64 1.43.0-1build3
2022-08-09 18:53:20 status half-configured libnghttp2-14:amd64 1.43.0-1build3
2022-08-09 18:53:20 status installed libnghttp2-14:amd64 1.43.0-1build3
2022-08-09 18:53:20 configure libpackagekit-glib2-18:amd64 1.2.5-2ubuntu2 <none>
2022-08-09 18:53:20 status unpacked libpackagekit-glib2-18:amd64 1.2.5-2ubuntu2
2022-08-09 18:53:20 status half-configured libpackagekit-glib2-18:amd64 1.2.5-2ubuntu2
2022-08-09 18:53:20 status installed libpackagekit-glib2-18:amd64 1.2.5-2ubuntu2
2022-08-09 18:53:21 configure libnss-systemd:amd64 249.11-0ubuntu3.4 <none>
2022-08-09 18:53:21 status unpacked libnss-systemd:amd64 249.11-0ubuntu3.4
2022-08-09 18:53:21 status half-configured libnss-systemd:amd64 249.11-0ubuntu3.4
2022-08-09 18:53:21 status installed libnss-systemd:amd64 249.11-0ubuntu3.4
2022-08-09 18:53:21 configure libnpth0:amd64 1.6-3build2 <none>
2022-08-09 18:53:21 status unpacked libnpth0:amd64 1.6-3build2
2022-08-09 18:53:21 status half-configured libnpth0:amd64 1.6-3build2
2022-08-09 18:53:21 status installed libnpth0:amd64 1.6-3build2
2022-08-09 18:53:21 configure libassuan0:amd64 2.5.5-1build1 <none>
2022-08-09 18:53:21 status unpacked libassuan0:amd64 2.5.5-1build1
2022-08-09 18:53:21 status half-configured libassuan0:amd64 2.5.5-1build1
2022-08-09 18:53:21 status installed libassuan0:amd64 2.5.5-1build1
2022-08-09 18:53:21 configure libldap-common:all 2.5.12+dfsg-0ubuntu0.22.04.1 <none>
2022-08-09 18:53:21 status unpacked libldap-common:all 2.5.12+dfsg-0ubuntu0.22.04.1
2022-08-09 18:53:22 status half-configured libldap-common:all 2.5.12+dfsg-0ubuntu0.22.04.1
2022-08-09 18:53:22 status installed libldap-common:all 2.5.12+dfsg-0ubuntu0.22.04.1
2022-08-09 18:53:22 configure libunwind8:amd64 1.3.2-2build2 <none>
2022-08-09 18:53:22 status unpacked libunwind8:amd64 1.3.2-2build2
2022-08-09 18:53:22 status half-configured libunwind8:amd64 1.3.2-2build2
2022-08-09 18:53:22 status installed libunwind8:amd64 1.3.2-2build2
2022-08-09 18:53:22 configure libsasl2-modules-db:amd64 2.1.27+dfsg2-3ubuntu1 <none>
2022-08-09 18:53:22 status unpacked libsasl2-modules-db:amd64 2.1.27+dfsg2-3ubuntu1
2022-08-09 18:53:22 status half-configured libsasl2-modules-db:amd64 2.1.27+dfsg2-3ubuntu1
2022-08-09 18:53:22 status installed libsasl2-modules-db:amd64 2.1.27+dfsg2-3ubuntu1
2022-08-09 18:53:22 configure libcap2-bin:amd64 1:2.44-1build3 <none>
2022-08-09 18:53:22 status unpacked libcap2-bin:amd64 1:2.44-1build3
2022-08-09 18:53:22 status half-configured libcap2-bin:amd64 1:2.44-1build3
2022-08-09 18:53:23 status installed libcap2-bin:amd64 1:2.44-1build3
2022-08-09 18:53:23 configure libglib2.0-data:all 2.72.1-1 <none>
2022-08-09 18:53:23 status unpacked libglib2.0-data:all 2.72.1-1
2022-08-09 18:53:23 status half-configured libglib2.0-data:all 2.72.1-1
2022-08-09 18:53:23 status installed libglib2.0-data:all 2.72.1-1
2022-08-09 18:53:23 configure gnupg-l10n:all 2.2.27-3ubuntu2.1 <none>
2022-08-09 18:53:23 status unpacked gnupg-l10n:all 2.2.27-3ubuntu2.1
2022-08-09 18:53:23 status half-configured gnupg-l10n:all 2.2.27-3ubuntu2.1
2022-08-09 18:53:23 status installed gnupg-l10n:all 2.2.27-3ubuntu2.1
2022-08-09 18:53:23 configure librtmp1:amd64 2.4+20151223.gitfa8646d.1-2build4 <none>
2022-08-09 18:53:23 status unpacked librtmp1:amd64 2.4+20151223.gitfa8646d.1-2build4
2022-08-09 18:53:24 status half-configured librtmp1:amd64 2.4+20151223.gitfa8646d.1-2build4
2022-08-09 18:53:24 status installed librtmp1:amd64 2.4+20151223.gitfa8646d.1-2build4
2022-08-09 18:53:24 configure libdbus-1-3:amd64 1.12.20-2ubuntu4 <none>
2022-08-09 18:53:24 status unpacked libdbus-1-3:amd64 1.12.20-2ubuntu4
2022-08-09 18:53:24 status half-configured libdbus-1-3:amd64 1.12.20-2ubuntu4
2022-08-09 18:53:24 status installed libdbus-1-3:amd64 1.12.20-2ubuntu4
2022-08-09 18:53:24 configure dbus:amd64 1.12.20-2ubuntu4 <none>
2022-08-09 18:53:24 status unpacked dbus:amd64 1.12.20-2ubuntu4
2022-08-09 18:53:25 status half-configured dbus:amd64 1.12.20-2ubuntu4
2022-08-09 18:53:28 status installed dbus:amd64 1.12.20-2ubuntu4
2022-08-09 18:53:28 configure xz-utils:amd64 5.2.5-2ubuntu1 <none>
2022-08-09 18:53:28 status unpacked xz-utils:amd64 5.2.5-2ubuntu1
2022-08-09 18:53:28 status half-configured xz-utils:amd64 5.2.5-2ubuntu1
2022-08-09 18:53:29 status installed xz-utils:amd64 5.2.5-2ubuntu1
2022-08-09 18:53:29 configure systemd-timesyncd:amd64 249.11-0ubuntu3.4 <none>
2022-08-09 18:53:29 status unpacked systemd-timesyncd:amd64 249.11-0ubuntu3.4
2022-08-09 18:53:29 status half-configured systemd-timesyncd:amd64 249.11-0ubuntu3.4
2022-08-09 18:53:36 status installed systemd-timesyncd:amd64 249.11-0ubuntu3.4
2022-08-09 18:53:36 configure libsasl2-2:amd64 2.1.27+dfsg2-3ubuntu1 <none>
2022-08-09 18:53:36 status unpacked libsasl2-2:amd64 2.1.27+dfsg2-3ubuntu1
2022-08-09 18:53:37 status half-configured libsasl2-2:amd64 2.1.27+dfsg2-3ubuntu1
2022-08-09 18:53:37 status installed libsasl2-2:amd64 2.1.27+dfsg2-3ubuntu1
2022-08-09 18:53:37 configure libssh-4:amd64 0.9.6-2build1 <none>
2022-08-09 18:53:37 status unpacked libssh-4:amd64 0.9.6-2build1
2022-08-09 18:53:37 status half-configured libssh-4:amd64 0.9.6-2build1
2022-08-09 18:53:37 status installed libssh-4:amd64 0.9.6-2build1
2022-08-09 18:53:37 configure python-apt-common:all 2.3.0ubuntu2.1 <none>
2022-08-09 18:53:37 status unpacked python-apt-common:all 2.3.0ubuntu2.1
2022-08-09 18:53:37 status half-configured python-apt-common:all 2.3.0ubuntu2.1
2022-08-09 18:53:37 status installed python-apt-common:all 2.3.0ubuntu2.1
2022-08-09 18:53:37 configure dmsetup:amd64 2:1.02.175-2.1ubuntu4 <none>
2022-08-09 18:53:37 status unpacked dmsetup:amd64 2:1.02.175-2.1ubuntu4
2022-08-09 18:53:37 status half-configured dmsetup:amd64 2:1.02.175-2.1ubuntu4
2022-08-09 18:53:37 status installed dmsetup:amd64 2:1.02.175-2.1ubuntu4
2022-08-09 18:53:37 configure libmpdec3:amd64 2.5.1-2build2 <none>
2022-08-09 18:53:37 status unpacked libmpdec3:amd64 2.5.1-2build2
2022-08-09 18:53:37 status half-configured libmpdec3:amd64 2.5.1-2build2
2022-08-09 18:53:38 status installed libmpdec3:amd64 2.5.1-2build2
2022-08-09 18:53:38 configure libpam-systemd:amd64 249.11-0ubuntu3.4 <none>
2022-08-09 18:53:38 status unpacked libpam-systemd:amd64 249.11-0ubuntu3.4
2022-08-09 18:53:38 status half-configured libpam-systemd:amd64 249.11-0ubuntu3.4
2022-08-09 18:53:38 status installed libpam-systemd:amd64 249.11-0ubuntu3.4
2022-08-09 18:53:38 configure libgirepository-1.0-1:amd64 1.72.0-1 <none>
2022-08-09 18:53:38 status unpacked libgirepository-1.0-1:amd64 1.72.0-1
2022-08-09 18:53:38 status half-configured libgirepository-1.0-1:amd64 1.72.0-1
2022-08-09 18:53:38 status installed libgirepository-1.0-1:amd64 1.72.0-1
2022-08-09 18:53:38 configure libstemmer0d:amd64 2.2.0-1build1 <none>
2022-08-09 18:53:38 status unpacked libstemmer0d:amd64 2.2.0-1build1
2022-08-09 18:53:38 status half-configured libstemmer0d:amd64 2.2.0-1build1
2022-08-09 18:53:39 status installed libstemmer0d:amd64 2.2.0-1build1
2022-08-09 18:53:39 configure openssl:amd64 3.0.2-0ubuntu1.6 <none>
2022-08-09 18:53:39 status unpacked openssl:amd64 3.0.2-0ubuntu1.6
2022-08-09 18:53:39 status half-configured openssl:amd64 3.0.2-0ubuntu1.6
2022-08-09 18:53:39 status installed openssl:amd64 3.0.2-0ubuntu1.6
2022-08-09 18:53:39 configure libelf1:amd64 0.186-1build1 <none>
2022-08-09 18:53:39 status unpacked libelf1:amd64 0.186-1build1
2022-08-09 18:53:39 status half-configured libelf1:amd64 0.186-1build1
2022-08-09 18:53:39 status installed libelf1:amd64 0.186-1build1
2022-08-09 18:53:39 configure libpam-cap:amd64 1:2.44-1build3 <none>
2022-08-09 18:53:39 status unpacked libpam-cap:amd64 1:2.44-1build3
2022-08-09 18:53:40 status half-configured libpam-cap:amd64 1:2.44-1build3
2022-08-09 18:53:40 status installed libpam-cap:amd64 1:2.44-1build3
2022-08-09 18:53:40 configure readline-common:all 8.1.2-1 <none>
2022-08-09 18:53:40 status unpacked readline-common:all 8.1.2-1
2022-08-09 18:53:40 status half-configured readline-common:all 8.1.2-1
2022-08-09 18:53:40 status installed readline-common:all 8.1.2-1
2022-08-09 18:53:40 configure publicsuffix:all 20211207.1025-1 <none>
2022-08-09 18:53:40 status unpacked publicsuffix:all 20211207.1025-1
2022-08-09 18:53:41 status half-configured publicsuffix:all 20211207.1025-1
2022-08-09 18:53:41 status installed publicsuffix:all 20211207.1025-1
2022-08-09 18:53:41 configure iso-codes:all 4.9.0-1 <none>
2022-08-09 18:53:41 status unpacked iso-codes:all 4.9.0-1
2022-08-09 18:53:41 status half-configured iso-codes:all 4.9.0-1
2022-08-09 18:53:41 status installed iso-codes:all 4.9.0-1
2022-08-09 18:53:42 configure libpolkit-gobject-1-0:amd64 0.105-33 <none>
2022-08-09 18:53:42 status unpacked libpolkit-gobject-1-0:amd64 0.105-33
2022-08-09 18:53:42 status half-configured libpolkit-gobject-1-0:amd64 0.105-33
2022-08-09 18:53:42 status installed libpolkit-gobject-1-0:amd64 0.105-33
2022-08-09 18:53:43 configure libicu70:amd64 70.1-2 <none>
2022-08-09 18:53:43 status unpacked libicu70:amd64 70.1-2
2022-08-09 18:53:43 status half-configured libicu70:amd64 70.1-2
2022-08-09 18:53:43 status installed libicu70:amd64 70.1-2
2022-08-09 18:53:43 configure pinentry-curses:amd64 1.1.1-1build2 <none>
2022-08-09 18:53:43 status unpacked pinentry-curses:amd64 1.1.1-1build2
2022-08-09 18:53:43 status half-configured pinentry-curses:amd64 1.1.1-1build2
2022-08-09 18:53:43 status installed pinentry-curses:amd64 1.1.1-1build2
2022-08-09 18:53:43 configure libdw1:amd64 0.186-1build1 <none>
2022-08-09 18:53:43 status unpacked libdw1:amd64 0.186-1build1
2022-08-09 18:53:44 status half-configured libdw1:amd64 0.186-1build1
2022-08-09 18:53:44 status installed libdw1:amd64 0.186-1build1
2022-08-09 18:53:44 configure libreadline8:amd64 8.1.2-1 <none>
2022-08-09 18:53:44 status unpacked libreadline8:amd64 8.1.2-1
2022-08-09 18:53:44 status half-configured libreadline8:amd64 8.1.2-1
2022-08-09 18:53:44 status installed libreadline8:amd64 8.1.2-1
2022-08-09 18:53:44 configure libglib2.0-bin:amd64 2.72.1-1 <none>
2022-08-09 18:53:44 status unpacked libglib2.0-bin:amd64 2.72.1-1
2022-08-09 18:53:44 status half-configured libglib2.0-bin:amd64 2.72.1-1
2022-08-09 18:53:44 status installed libglib2.0-bin:amd64 2.72.1-1
2022-08-09 18:53:45 configure libldap-2.5-0:amd64 2.5.12+dfsg-0ubuntu0.22.04.1 <none>
2022-08-09 18:53:45 status unpacked libldap-2.5-0:amd64 2.5.12+dfsg-0ubuntu0.22.04.1
2022-08-09 18:53:45 status half-configured libldap-2.5-0:amd64 2.5.12+dfsg-0ubuntu0.22.04.1
2022-08-09 18:53:45 status installed libldap-2.5-0:amd64 2.5.12+dfsg-0ubuntu0.22.04.1
2022-08-09 18:53:45 configure libpython3.10-stdlib:amd64 3.10.4-3ubuntu0.1 <none>
2022-08-09 18:53:45 status unpacked libpython3.10-stdlib:amd64 3.10.4-3ubuntu0.1
2022-08-09 18:53:45 status half-configured libpython3.10-stdlib:amd64 3.10.4-3ubuntu0.1
2022-08-09 18:53:45 status installed libpython3.10-stdlib:amd64 3.10.4-3ubuntu0.1
2022-08-09 18:53:45 configure ca-certificates:all 20211016 <none>
2022-08-09 18:53:45 status unpacked ca-certificates:all 20211016
2022-08-09 18:53:45 status half-configured ca-certificates:all 20211016
2022-08-09 18:53:48 status installed ca-certificates:all 20211016
2022-08-09 18:53:48 status triggers-pending ca-certificates:all 20211016
2022-08-09 18:53:49 configure gir1.2-glib-2.0:amd64 1.72.0-1 <none>
2022-08-09 18:53:49 status unpacked gir1.2-glib-2.0:amd64 1.72.0-1
2022-08-09 18:53:49 status half-configured gir1.2-glib-2.0:amd64 1.72.0-1
2022-08-09 18:53:49 status installed gir1.2-glib-2.0:amd64 1.72.0-1
2022-08-09 18:53:49 configure gpgconf:amd64 2.2.27-3ubuntu2.1 <none>
2022-08-09 18:53:49 status unpacked gpgconf:amd64 2.2.27-3ubuntu2.1
2022-08-09 18:53:49 status half-configured gpgconf:amd64 2.2.27-3ubuntu2.1
2022-08-09 18:53:49 status installed gpgconf:amd64 2.2.27-3ubuntu2.1
2022-08-09 18:53:49 configure libpolkit-agent-1-0:amd64 0.105-33 <none>
2022-08-09 18:53:49 status unpacked libpolkit-agent-1-0:amd64 0.105-33
2022-08-09 18:53:49 status half-configured libpolkit-agent-1-0:amd64 0.105-33
2022-08-09 18:53:50 status installed libpolkit-agent-1-0:amd64 0.105-33
2022-08-09 18:53:50 configure libxml2:amd64 2.9.13+dfsg-1ubuntu0.1 <none>
2022-08-09 18:53:50 status unpacked libxml2:amd64 2.9.13+dfsg-1ubuntu0.1
2022-08-09 18:53:50 status half-configured libxml2:amd64 2.9.13+dfsg-1ubuntu0.1
2022-08-09 18:53:50 status installed libxml2:amd64 2.9.13+dfsg-1ubuntu0.1
2022-08-09 18:53:50 configure polkitd:amd64 0.105-33 <none>
2022-08-09 18:53:50 status unpacked polkitd:amd64 0.105-33
2022-08-09 18:53:50 status half-configured polkitd:amd64 0.105-33
2022-08-09 18:53:51 status installed polkitd:amd64 0.105-33
2022-08-09 18:53:51 configure gpg:amd64 2.2.27-3ubuntu2.1 <none>
2022-08-09 18:53:51 status unpacked gpg:amd64 2.2.27-3ubuntu2.1
2022-08-09 18:53:51 status half-configured gpg:amd64 2.2.27-3ubuntu2.1
2022-08-09 18:53:51 status installed gpg:amd64 2.2.27-3ubuntu2.1
2022-08-09 18:53:51 configure libgstreamer1.0-0:amd64 1.20.3-0ubuntu1 <none>
2022-08-09 18:53:51 status unpacked libgstreamer1.0-0:amd64 1.20.3-0ubuntu1
2022-08-09 18:53:51 status half-configured libgstreamer1.0-0:amd64 1.20.3-0ubuntu1
2022-08-09 18:53:51 status installed libgstreamer1.0-0:amd64 1.20.3-0ubuntu1
2022-08-09 18:53:51 configure libpython3-stdlib:amd64 3.10.4-0ubuntu2 <none>
2022-08-09 18:53:51 status unpacked libpython3-stdlib:amd64 3.10.4-0ubuntu2
2022-08-09 18:53:52 status half-configured libpython3-stdlib:amd64 3.10.4-0ubuntu2
2022-08-09 18:53:52 status installed libpython3-stdlib:amd64 3.10.4-0ubuntu2
2022-08-09 18:53:52 configure gnupg-utils:amd64 2.2.27-3ubuntu2.1 <none>
2022-08-09 18:53:52 status unpacked gnupg-utils:amd64 2.2.27-3ubuntu2.1
2022-08-09 18:53:52 status half-configured gnupg-utils:amd64 2.2.27-3ubuntu2.1
2022-08-09 18:53:52 status installed gnupg-utils:amd64 2.2.27-3ubuntu2.1
2022-08-09 18:53:52 configure gpg-agent:amd64 2.2.27-3ubuntu2.1 <none>
2022-08-09 18:53:52 status unpacked gpg-agent:amd64 2.2.27-3ubuntu2.1
2022-08-09 18:53:53 status half-configured gpg-agent:amd64 2.2.27-3ubuntu2.1
2022-08-09 18:53:53 status installed gpg-agent:amd64 2.2.27-3ubuntu2.1
2022-08-09 18:53:53 configure python3.10:amd64 3.10.4-3ubuntu0.1 <none>
2022-08-09 18:53:53 status unpacked python3.10:amd64 3.10.4-3ubuntu0.1
2022-08-09 18:53:53 status half-configured python3.10:amd64 3.10.4-3ubuntu0.1
2022-08-09 18:53:53 status installed python3.10:amd64 3.10.4-3ubuntu0.1
2022-08-09 18:53:54 configure gpgsm:amd64 2.2.27-3ubuntu2.1 <none>
2022-08-09 18:53:54 status unpacked gpgsm:amd64 2.2.27-3ubuntu2.1
2022-08-09 18:53:54 status half-configured gpgsm:amd64 2.2.27-3ubuntu2.1
2022-08-09 18:53:54 status installed gpgsm:amd64 2.2.27-3ubuntu2.1
2022-08-09 18:53:54 configure pkexec:amd64 0.105-33 <none>
2022-08-09 18:53:54 status unpacked pkexec:amd64 0.105-33
2022-08-09 18:53:54 status half-configured pkexec:amd64 0.105-33
2022-08-09 18:53:54 status installed pkexec:amd64 0.105-33
2022-08-09 18:53:54 configure libcurl3-gnutls:amd64 7.81.0-1ubuntu1.3 <none>
2022-08-09 18:53:54 status unpacked libcurl3-gnutls:amd64 7.81.0-1ubuntu1.3
2022-08-09 18:53:54 status half-configured libcurl3-gnutls:amd64 7.81.0-1ubuntu1.3
2022-08-09 18:53:54 status installed libcurl3-gnutls:amd64 7.81.0-1ubuntu1.3
2022-08-09 18:53:54 configure python3:amd64 3.10.4-0ubuntu2 <none>
2022-08-09 18:53:54 status unpacked python3:amd64 3.10.4-0ubuntu2
2022-08-09 18:53:54 status half-configured python3:amd64 3.10.4-0ubuntu2
2022-08-09 18:53:55 status installed python3:amd64 3.10.4-0ubuntu2
2022-08-09 18:53:55 configure libappstream4:amd64 0.15.2-2 <none>
2022-08-09 18:53:55 status unpacked libappstream4:amd64 0.15.2-2
2022-08-09 18:53:55 status half-configured libappstream4:amd64 0.15.2-2
2022-08-09 18:53:55 status installed libappstream4:amd64 0.15.2-2
2022-08-09 18:53:55 configure python3-six:all 1.16.0-3ubuntu1 <none>
2022-08-09 18:53:55 status unpacked python3-six:all 1.16.0-3ubuntu1
2022-08-09 18:53:55 status half-configured python3-six:all 1.16.0-3ubuntu1
2022-08-09 18:53:55 status installed python3-six:all 1.16.0-3ubuntu1
2022-08-09 18:53:55 configure dirmngr:amd64 2.2.27-3ubuntu2.1 <none>
2022-08-09 18:53:55 status unpacked dirmngr:amd64 2.2.27-3ubuntu2.1
2022-08-09 18:53:56 status half-configured dirmngr:amd64 2.2.27-3ubuntu2.1
2022-08-09 18:53:56 status installed dirmngr:amd64 2.2.27-3ubuntu2.1
2022-08-09 18:53:56 configure gir1.2-packagekitglib-1.0:amd64 1.2.5-2ubuntu2 <none>
2022-08-09 18:53:56 status unpacked gir1.2-packagekitglib-1.0:amd64 1.2.5-2ubuntu2
2022-08-09 18:53:56 status half-configured gir1.2-packagekitglib-1.0:amd64 1.2.5-2ubuntu2
2022-08-09 18:53:56 status installed gir1.2-packagekitglib-1.0:amd64 1.2.5-2ubuntu2
2022-08-09 18:53:56 configure python3-pyparsing:all 2.4.7-1 <none>
2022-08-09 18:53:56 status unpacked python3-pyparsing:all 2.4.7-1
2022-08-09 18:53:56 status half-configured python3-pyparsing:all 2.4.7-1
2022-08-09 18:53:56 status installed python3-pyparsing:all 2.4.7-1
2022-08-09 18:53:57 configure python3-gi:amd64 3.42.1-0ubuntu1 <none>
2022-08-09 18:53:57 status unpacked python3-gi:amd64 3.42.1-0ubuntu1
2022-08-09 18:53:57 status half-configured python3-gi:amd64 3.42.1-0ubuntu1
2022-08-09 18:53:57 status installed python3-gi:amd64 3.42.1-0ubuntu1
2022-08-09 18:53:57 configure shared-mime-info:amd64 2.1-2 <none>
2022-08-09 18:53:57 status unpacked shared-mime-info:amd64 2.1-2
2022-08-09 18:53:57 status half-configured shared-mime-info:amd64 2.1-2
2022-08-09 18:55:05 status installed shared-mime-info:amd64 2.1-2
2022-08-09 18:55:05 configure python3-jeepney:all 0.7.1-3 <none>
2022-08-09 18:55:05 status unpacked python3-jeepney:all 0.7.1-3
2022-08-09 18:55:05 status half-configured python3-jeepney:all 0.7.1-3
2022-08-09 18:55:06 status installed python3-jeepney:all 0.7.1-3
2022-08-09 18:55:06 configure gpg-wks-server:amd64 2.2.27-3ubuntu2.1 <none>
2022-08-09 18:55:06 status unpacked gpg-wks-server:amd64 2.2.27-3ubuntu2.1
2022-08-09 18:55:06 status half-configured gpg-wks-server:amd64 2.2.27-3ubuntu2.1
2022-08-09 18:55:06 status installed gpg-wks-server:amd64 2.2.27-3ubuntu2.1
2022-08-09 18:55:06 configure python3-httplib2:all 0.20.2-2 <none>
2022-08-09 18:55:06 status unpacked python3-httplib2:all 0.20.2-2
2022-08-09 18:55:06 status half-configured python3-httplib2:all 0.20.2-2
2022-08-09 18:55:06 status installed python3-httplib2:all 0.20.2-2
2022-08-09 18:55:06 configure lsb-release:all 11.1.0ubuntu4 <none>
2022-08-09 18:55:06 status unpacked lsb-release:all 11.1.0ubuntu4
2022-08-09 18:55:07 status half-configured lsb-release:all 11.1.0ubuntu4
2022-08-09 18:55:07 status installed lsb-release:all 11.1.0ubuntu4
2022-08-09 18:55:07 configure python3-distro-info:all 1.1build1 <none>
2022-08-09 18:55:07 status unpacked python3-distro-info:all 1.1build1
2022-08-09 18:55:07 status half-configured python3-distro-info:all 1.1build1
2022-08-09 18:55:07 status installed python3-distro-info:all 1.1build1
2022-08-09 18:55:07 configure policykit-1:amd64 0.105-33 <none>
2022-08-09 18:55:07 status unpacked policykit-1:amd64 0.105-33
2022-08-09 18:55:07 status half-configured policykit-1:amd64 0.105-33
2022-08-09 18:55:08 status installed policykit-1:amd64 0.105-33
2022-08-09 18:55:08 configure python3-cffi-backend:amd64 1.15.0-1build2 <none>
2022-08-09 18:55:08 status unpacked python3-cffi-backend:amd64 1.15.0-1build2
2022-08-09 18:55:08 status half-configured python3-cffi-backend:amd64 1.15.0-1build2
2022-08-09 18:55:08 status installed python3-cffi-backend:amd64 1.15.0-1build2
2022-08-09 18:55:08 configure python3-blinker:all 1.4+dfsg1-0.4 <none>
2022-08-09 18:55:08 status unpacked python3-blinker:all 1.4+dfsg1-0.4
2022-08-09 18:55:09 status half-configured python3-blinker:all 1.4+dfsg1-0.4
2022-08-09 18:55:09 status installed python3-blinker:all 1.4+dfsg1-0.4
2022-08-09 18:55:09 configure python3-pkg-resources:all 59.6.0-1.2 <none>
2022-08-09 18:55:09 status unpacked python3-pkg-resources:all 59.6.0-1.2
2022-08-09 18:55:09 status half-configured python3-pkg-resources:all 59.6.0-1.2
2022-08-09 18:55:09 status installed python3-pkg-resources:all 59.6.0-1.2
2022-08-09 18:55:09 configure python3-more-itertools:all 8.10.0-2 <none>
2022-08-09 18:55:09 status unpacked python3-more-itertools:all 8.10.0-2
2022-08-09 18:55:09 status half-configured python3-more-itertools:all 8.10.0-2
2022-08-09 18:55:10 status installed python3-more-itertools:all 8.10.0-2
2022-08-09 18:55:10 configure python3-dbus:amd64 1.2.18-3build1 <none>
2022-08-09 18:55:10 status unpacked python3-dbus:amd64 1.2.18-3build1
2022-08-09 18:55:10 status half-configured python3-dbus:amd64 1.2.18-3build1
2022-08-09 18:55:10 status installed python3-dbus:amd64 1.2.18-3build1
2022-08-09 18:55:10 configure python3-distro:all 1.7.0-1 <none>
2022-08-09 18:55:10 status unpacked python3-distro:all 1.7.0-1
2022-08-09 18:55:10 status half-configured python3-distro:all 1.7.0-1
2022-08-09 18:55:10 status installed python3-distro:all 1.7.0-1
2022-08-09 18:55:11 configure gpg-wks-client:amd64 2.2.27-3ubuntu2.1 <none>
2022-08-09 18:55:11 status unpacked gpg-wks-client:amd64 2.2.27-3ubuntu2.1
2022-08-09 18:55:11 status half-configured gpg-wks-client:amd64 2.2.27-3ubuntu2.1
2022-08-09 18:55:11 status installed gpg-wks-client:amd64 2.2.27-3ubuntu2.1
2022-08-09 18:55:11 configure python3-jwt:all 2.3.0-1ubuntu0.1 <none>
2022-08-09 18:55:11 status unpacked python3-jwt:all 2.3.0-1ubuntu0.1
2022-08-09 18:55:11 status half-configured python3-jwt:all 2.3.0-1ubuntu0.1
2022-08-09 18:55:11 status installed python3-jwt:all 2.3.0-1ubuntu0.1
2022-08-09 18:55:11 configure python3-apt:amd64 2.3.0ubuntu2.1 <none>
2022-08-09 18:55:11 status unpacked python3-apt:amd64 2.3.0ubuntu2.1
2022-08-09 18:55:12 status half-configured python3-apt:amd64 2.3.0ubuntu2.1
2022-08-09 18:55:12 status installed python3-apt:amd64 2.3.0ubuntu2.1
2022-08-09 18:55:12 configure python3-lazr.uri:all 1.0.6-2 <none>
2022-08-09 18:55:12 status unpacked python3-lazr.uri:all 1.0.6-2
2022-08-09 18:55:14 status half-configured python3-lazr.uri:all 1.0.6-2
2022-08-09 18:55:14 status installed python3-lazr.uri:all 1.0.6-2
2022-08-09 18:55:15 configure python3-zipp:all 1.0.0-3 <none>
2022-08-09 18:55:15 status unpacked python3-zipp:all 1.0.0-3
2022-08-09 18:55:15 status half-configured python3-zipp:all 1.0.0-3
2022-08-09 18:55:15 status installed python3-zipp:all 1.0.0-3
2022-08-09 18:55:15 configure unattended-upgrades:all 2.8ubuntu1 <none>
2022-08-09 18:55:15 status unpacked unattended-upgrades:all 2.8ubuntu1
2022-08-09 18:55:16 status half-configured unattended-upgrades:all 2.8ubuntu1
2022-08-09 18:55:17 status installed unattended-upgrades:all 2.8ubuntu1
2022-08-09 18:55:17 configure python3-cryptography:amd64 3.4.8-1ubuntu2 <none>
2022-08-09 18:55:17 status unpacked python3-cryptography:amd64 3.4.8-1ubuntu2
2022-08-09 18:55:17 status half-configured python3-cryptography:amd64 3.4.8-1ubuntu2
2022-08-09 18:55:17 status installed python3-cryptography:amd64 3.4.8-1ubuntu2
2022-08-09 18:55:17 configure python3-wadllib:all 1.3.6-1 <none>
2022-08-09 18:55:17 status unpacked python3-wadllib:all 1.3.6-1
2022-08-09 18:55:18 status half-configured python3-wadllib:all 1.3.6-1
2022-08-09 18:55:18 status installed python3-wadllib:all 1.3.6-1
2022-08-09 18:55:18 configure gnupg:all 2.2.27-3ubuntu2.1 <none>
2022-08-09 18:55:18 status unpacked gnupg:all 2.2.27-3ubuntu2.1
2022-08-09 18:55:18 status half-configured gnupg:all 2.2.27-3ubuntu2.1
2022-08-09 18:55:18 status installed gnupg:all 2.2.27-3ubuntu2.1
2022-08-09 18:55:18 configure packagekit:amd64 1.2.5-2ubuntu2 <none>
2022-08-09 18:55:18 status unpacked packagekit:amd64 1.2.5-2ubuntu2
2022-08-09 18:55:19 status triggers-pending dbus:amd64 1.12.20-2ubuntu4
2022-08-09 18:55:20 status half-configured packagekit:amd64 1.2.5-2ubuntu2
2022-08-09 18:55:22 status installed packagekit:amd64 1.2.5-2ubuntu2
2022-08-09 18:55:22 configure networkd-dispatcher:all 2.1-2ubuntu0.22.04.2 <none>
2022-08-09 18:55:22 status unpacked networkd-dispatcher:all 2.1-2ubuntu0.22.04.2
2022-08-09 18:55:24 status half-configured networkd-dispatcher:all 2.1-2ubuntu0.22.04.2
2022-08-09 18:55:25 status installed networkd-dispatcher:all 2.1-2ubuntu0.22.04.2
2022-08-09 18:55:25 configure packagekit-tools:amd64 1.2.5-2ubuntu2 <none>
2022-08-09 18:55:25 status unpacked packagekit-tools:amd64 1.2.5-2ubuntu2
2022-08-09 18:55:25 status half-configured packagekit-tools:amd64 1.2.5-2ubuntu2
2022-08-09 18:55:25 status installed packagekit-tools:amd64 1.2.5-2ubuntu2
2022-08-09 18:55:26 configure python3-importlib-metadata:all 4.6.4-1 <none>
2022-08-09 18:55:26 status unpacked python3-importlib-metadata:all 4.6.4-1
2022-08-09 18:55:26 status half-configured python3-importlib-metadata:all 4.6.4-1
2022-08-09 18:55:26 status installed python3-importlib-metadata:all 4.6.4-1
2022-08-09 18:55:26 configure python3-oauthlib:all 3.2.0-1 <none>
2022-08-09 18:55:26 status unpacked python3-oauthlib:all 3.2.0-1
2022-08-09 18:55:26 status half-configured python3-oauthlib:all 3.2.0-1
2022-08-09 18:55:26 status installed python3-oauthlib:all 3.2.0-1
2022-08-09 18:55:26 configure python3-secretstorage:all 3.3.1-1 <none>
2022-08-09 18:55:26 status unpacked python3-secretstorage:all 3.3.1-1
2022-08-09 18:55:26 status half-configured python3-secretstorage:all 3.3.1-1
2022-08-09 18:55:26 status installed python3-secretstorage:all 3.3.1-1
2022-08-09 18:55:27 configure python3-keyring:all 23.5.0-1 <none>
2022-08-09 18:55:27 status unpacked python3-keyring:all 23.5.0-1
2022-08-09 18:55:27 status half-configured python3-keyring:all 23.5.0-1
2022-08-09 18:55:27 status installed python3-keyring:all 23.5.0-1
2022-08-09 18:55:27 configure python3-lazr.restfulclient:all 0.14.4-1 <none>
2022-08-09 18:55:27 status unpacked python3-lazr.restfulclient:all 0.14.4-1
2022-08-09 18:55:27 status half-configured python3-lazr.restfulclient:all 0.14.4-1
2022-08-09 18:55:27 status installed python3-lazr.restfulclient:all 0.14.4-1
2022-08-09 18:55:27 configure python3-launchpadlib:all 1.10.16-1 <none>
2022-08-09 18:55:27 status unpacked python3-launchpadlib:all 1.10.16-1
2022-08-09 18:55:27 status half-configured python3-launchpadlib:all 1.10.16-1
2022-08-09 18:55:28 status installed python3-launchpadlib:all 1.10.16-1
2022-08-09 18:55:28 configure python3-software-properties:all 0.99.22.2 <none>
2022-08-09 18:55:28 status unpacked python3-software-properties:all 0.99.22.2
2022-08-09 18:55:28 status half-configured python3-software-properties:all 0.99.22.2
2022-08-09 18:55:28 status installed python3-software-properties:all 0.99.22.2
2022-08-09 18:55:28 configure software-properties-common:all 0.99.22.2 <none>
2022-08-09 18:55:28 status unpacked software-properties-common:all 0.99.22.2
2022-08-09 18:55:28 status half-configured software-properties-common:all 0.99.22.2
2022-08-09 18:55:28 status installed software-properties-common:all 0.99.22.2
2022-08-09 18:55:29 trigproc libc-bin:amd64 2.35-0ubuntu3 <none>
2022-08-09 18:55:29 status half-configured libc-bin:amd64 2.35-0ubuntu3
2022-08-09 18:55:29 status installed libc-bin:amd64 2.35-0ubuntu3
2022-08-09 18:55:29 trigproc ca-certificates:all 20211016 <none>
2022-08-09 18:55:29 status half-configured ca-certificates:all 20211016
2022-08-09 18:55:29 status installed ca-certificates:all 20211016
2022-08-09 18:55:29 trigproc dbus:amd64 1.12.20-2ubuntu4 <none>
2022-08-09 18:55:29 status half-configured dbus:amd64 1.12.20-2ubuntu4
2022-08-09 18:55:30 status installed dbus:amd64 1.12.20-2ubuntu4
2022-08-09 18:57:08 startup archives unpack
2022-08-09 18:57:08 install liblocale-gettext-perl:amd64 <none> 1.07-4build3
2022-08-09 18:57:08 status half-installed liblocale-gettext-perl:amd64 1.07-4build3
2022-08-09 18:57:08 status unpacked liblocale-gettext-perl:amd64 1.07-4build3
2022-08-09 18:57:09 install perl-modules-5.34:all <none> 5.34.0-3ubuntu1
2022-08-09 18:57:09 status half-installed perl-modules-5.34:all 5.34.0-3ubuntu1
2022-08-09 18:57:09 status unpacked perl-modules-5.34:all 5.34.0-3ubuntu1
2022-08-09 18:57:10 install libgdbm6:amd64 <none> 1.23-1
2022-08-09 18:57:10 status triggers-pending libc-bin:amd64 2.35-0ubuntu3
2022-08-09 18:57:10 status half-installed libgdbm6:amd64 1.23-1
2022-08-09 18:57:10 status unpacked libgdbm6:amd64 1.23-1
2022-08-09 18:57:11 install libgdbm-compat4:amd64 <none> 1.23-1
2022-08-09 18:57:11 status half-installed libgdbm-compat4:amd64 1.23-1
2022-08-09 18:57:11 status unpacked libgdbm-compat4:amd64 1.23-1
2022-08-09 18:57:12 install libperl5.34:amd64 <none> 5.34.0-3ubuntu1
2022-08-09 18:57:12 status half-installed libperl5.34:amd64 5.34.0-3ubuntu1
2022-08-09 18:57:13 status unpacked libperl5.34:amd64 5.34.0-3ubuntu1
2022-08-09 18:57:13 install perl:amd64 <none> 5.34.0-3ubuntu1
2022-08-09 18:57:13 status half-installed perl:amd64 5.34.0-3ubuntu1
2022-08-09 18:57:14 status unpacked perl:amd64 5.34.0-3ubuntu1
2022-08-09 18:57:14 install libfribidi0:amd64 <none> 1.0.8-2ubuntu3.1
2022-08-09 18:57:14 status half-installed libfribidi0:amd64 1.0.8-2ubuntu3.1
2022-08-09 18:57:15 status unpacked libfribidi0:amd64 1.0.8-2ubuntu3.1
2022-08-09 18:57:15 install libtext-iconv-perl:amd64 <none> 1.7-7build3
2022-08-09 18:57:15 status half-installed libtext-iconv-perl:amd64 1.7-7build3
2022-08-09 18:57:16 status unpacked libtext-iconv-perl:amd64 1.7-7build3
2022-08-09 18:57:16 install netbase:all <none> 6.3
2022-08-09 18:57:16 status half-installed netbase:all 6.3
2022-08-09 18:57:17 status unpacked netbase:all 6.3
2022-08-09 18:57:17 install tzdata:all <none> 2022a-0ubuntu1
2022-08-09 18:57:17 status half-installed tzdata:all 2022a-0ubuntu1
2022-08-09 18:57:18 status unpacked tzdata:all 2022a-0ubuntu1
2022-08-09 18:57:18 install xkb-data:all <none> 2.33-1
2022-08-09 18:57:18 status half-installed xkb-data:all 2.33-1
2022-08-09 18:57:19 status unpacked xkb-data:all 2.33-1
2022-08-09 18:57:19 install libdrm-common:all <none> 2.4.110-1ubuntu1
2022-08-09 18:57:19 status half-installed libdrm-common:all 2.4.110-1ubuntu1
2022-08-09 18:57:19 status unpacked libdrm-common:all 2.4.110-1ubuntu1
2022-08-09 18:57:20 install libdrm2:amd64 <none> 2.4.110-1ubuntu1
2022-08-09 18:57:20 status half-installed libdrm2:amd64 2.4.110-1ubuntu1
2022-08-09 18:57:21 status unpacked libdrm2:amd64 2.4.110-1ubuntu1
2022-08-09 18:57:21 install libedit2:amd64 <none> 3.1-20210910-1build1
2022-08-09 18:57:21 status half-installed libedit2:amd64 3.1-20210910-1build1
2022-08-09 18:57:22 status unpacked libedit2:amd64 3.1-20210910-1build1
2022-08-09 18:57:22 install libxext6:amd64 <none> 2:1.3.4-1build1
2022-08-09 18:57:22 status half-installed libxext6:amd64 2:1.3.4-1build1
2022-08-09 18:57:22 status unpacked libxext6:amd64 2:1.3.4-1build1
2022-08-09 18:57:23 install libxmuu1:amd64 <none> 2:1.1.3-3
2022-08-09 18:57:23 status half-installed libxmuu1:amd64 2:1.1.3-3
2022-08-09 18:57:23 status unpacked libxmuu1:amd64 2:1.1.3-3
2022-08-09 18:57:24 install xauth:amd64 <none> 1:1.1-1build2
2022-08-09 18:57:24 status half-installed xauth:amd64 1:1.1-1build2
2022-08-09 18:57:24 status unpacked xauth:amd64 1:1.1-1build2
2022-08-09 18:57:25 install hicolor-icon-theme:all <none> 0.17-2
2022-08-09 18:57:25 status half-installed hicolor-icon-theme:all 0.17-2
2022-08-09 18:57:26 status unpacked hicolor-icon-theme:all 0.17-2
2022-08-09 18:57:26 install libgdk-pixbuf2.0-common:all <none> 2.42.8+dfsg-1
2022-08-09 18:57:26 status half-installed libgdk-pixbuf2.0-common:all 2.42.8+dfsg-1
2022-08-09 18:57:26 status unpacked libgdk-pixbuf2.0-common:all 2.42.8+dfsg-1
2022-08-09 18:57:27 install libgdk-pixbuf-2.0-0:amd64 <none> 2.42.8+dfsg-1
2022-08-09 18:57:27 status half-installed libgdk-pixbuf-2.0-0:amd64 2.42.8+dfsg-1
2022-08-09 18:57:27 status unpacked libgdk-pixbuf-2.0-0:amd64 2.42.8+dfsg-1
2022-08-09 18:57:28 install gtk-update-icon-cache:amd64 <none> 3.24.33-1ubuntu2
2022-08-09 18:57:28 status half-installed gtk-update-icon-cache:amd64 3.24.33-1ubuntu2
2022-08-09 18:57:28 status unpacked gtk-update-icon-cache:amd64 3.24.33-1ubuntu2
2022-08-09 18:57:29 install humanity-icon-theme:all <none> 0.6.16
2022-08-09 18:57:29 status half-installed humanity-icon-theme:all 0.6.16
2022-08-09 18:57:31 status unpacked humanity-icon-theme:all 0.6.16
2022-08-09 18:57:33 install ubuntu-mono:all <none> 20.10-0ubuntu2
2022-08-09 18:57:33 status half-installed ubuntu-mono:all 20.10-0ubuntu2
2022-08-09 18:57:34 status unpacked ubuntu-mono:all 20.10-0ubuntu2
2022-08-09 18:57:34 install adwaita-icon-theme:all <none> 41.0-1ubuntu1
2022-08-09 18:57:34 status half-installed adwaita-icon-theme:all 41.0-1ubuntu1
2022-08-09 18:57:35 status unpacked adwaita-icon-theme:all 41.0-1ubuntu1
2022-08-09 18:57:36 install libxi6:amd64 <none> 2:1.8-1build1
2022-08-09 18:57:36 status half-installed libxi6:amd64 2:1.8-1build1
2022-08-09 18:57:36 status unpacked libxi6:amd64 2:1.8-1build1
2022-08-09 18:57:37 install libatspi2.0-0:amd64 <none> 2.44.0-3
2022-08-09 18:57:37 status half-installed libatspi2.0-0:amd64 2.44.0-3
2022-08-09 18:57:37 status unpacked libatspi2.0-0:amd64 2.44.0-3
2022-08-09 18:57:38 install x11-common:all <none> 1:7.7+23ubuntu2
2022-08-09 18:57:38 status half-installed x11-common:all 1:7.7+23ubuntu2
2022-08-09 18:57:38 status unpacked x11-common:all 1:7.7+23ubuntu2
2022-08-09 18:57:38 install libxtst6:amd64 <none> 2:1.2.3-1build4
2022-08-09 18:57:38 status half-installed libxtst6:amd64 2:1.2.3-1build4
2022-08-09 18:57:39 status unpacked libxtst6:amd64 2:1.2.3-1build4
2022-08-09 18:57:39 install dbus-user-session:amd64 <none> 1.12.20-2ubuntu4
2022-08-09 18:57:39 status half-installed dbus-user-session:amd64 1.12.20-2ubuntu4
2022-08-09 18:57:40 status unpacked dbus-user-session:amd64 1.12.20-2ubuntu4
2022-08-09 18:57:40 install libdconf1:amd64 <none> 0.40.0-3
2022-08-09 18:57:40 status half-installed libdconf1:amd64 0.40.0-3
2022-08-09 18:57:41 status unpacked libdconf1:amd64 0.40.0-3
2022-08-09 18:57:41 install dconf-service:amd64 <none> 0.40.0-3
2022-08-09 18:57:41 status half-installed dconf-service:amd64 0.40.0-3
2022-08-09 18:57:41 status unpacked dconf-service:amd64 0.40.0-3
2022-08-09 18:57:42 install dconf-gsettings-backend:amd64 <none> 0.40.0-3
2022-08-09 18:57:42 status half-installed dconf-gsettings-backend:amd64 0.40.0-3
2022-08-09 18:57:42 status triggers-pending libglib2.0-0:amd64 2.72.1-1
2022-08-09 18:57:42 status unpacked dconf-gsettings-backend:amd64 0.40.0-3
2022-08-09 18:57:43 install session-migration:amd64 <none> 0.3.6
2022-08-09 18:57:43 status half-installed session-migration:amd64 0.3.6
2022-08-09 18:57:43 status unpacked session-migration:amd64 0.3.6
2022-08-09 18:57:44 install gsettings-desktop-schemas:all <none> 42.0-1ubuntu1
2022-08-09 18:57:44 status half-installed gsettings-desktop-schemas:all 42.0-1ubuntu1
2022-08-09 18:57:44 status unpacked gsettings-desktop-schemas:all 42.0-1ubuntu1
2022-08-09 18:57:45 install at-spi2-core:amd64 <none> 2.44.0-3
2022-08-09 18:57:45 status half-installed at-spi2-core:amd64 2.44.0-3
2022-08-09 18:57:45 status unpacked at-spi2-core:amd64 2.44.0-3
2022-08-09 18:57:45 install libstdc++-11-dev:amd64 <none> 11.2.0-19ubuntu1
2022-08-09 18:57:45 status half-installed libstdc++-11-dev:amd64 11.2.0-19ubuntu1
2022-08-09 18:57:46 status unpacked libstdc++-11-dev:amd64 11.2.0-19ubuntu1
2022-08-09 18:57:47 install g++-11:amd64 <none> 11.2.0-19ubuntu1
2022-08-09 18:57:47 status half-installed g++-11:amd64 11.2.0-19ubuntu1
2022-08-09 18:57:47 status unpacked g++-11:amd64 11.2.0-19ubuntu1
2022-08-09 18:57:48 install g++:amd64 <none> 4:11.2.0-1ubuntu1
2022-08-09 18:57:48 status half-installed g++:amd64 4:11.2.0-1ubuntu1
2022-08-09 18:57:48 status unpacked g++:amd64 4:11.2.0-1ubuntu1
2022-08-09 18:57:49 install libdpkg-perl:all <none> 1.21.1ubuntu2.1
2022-08-09 18:57:49 status half-installed libdpkg-perl:all 1.21.1ubuntu2.1
2022-08-09 18:57:49 status unpacked libdpkg-perl:all 1.21.1ubuntu2.1
2022-08-09 18:57:49 install bzip2:amd64 <none> 1.0.8-5build1
2022-08-09 18:57:49 status half-installed bzip2:amd64 1.0.8-5build1
2022-08-09 18:57:50 status unpacked bzip2:amd64 1.0.8-5build1
2022-08-09 18:57:50 install patch:amd64 <none> 2.7.6-7build2
2022-08-09 18:57:50 status half-installed patch:amd64 2.7.6-7build2
2022-08-09 18:57:51 status unpacked patch:amd64 2.7.6-7build2
2022-08-09 18:57:51 install lto-disabled-list:all <none> 24
2022-08-09 18:57:51 status half-installed lto-disabled-list:all 24
2022-08-09 18:57:51 status unpacked lto-disabled-list:all 24
2022-08-09 18:57:52 install dpkg-dev:all <none> 1.21.1ubuntu2.1
2022-08-09 18:57:52 status half-installed dpkg-dev:all 1.21.1ubuntu2.1
2022-08-09 18:57:52 status unpacked dpkg-dev:all 1.21.1ubuntu2.1
2022-08-09 18:57:53 install build-essential:amd64 <none> 12.9ubuntu3
2022-08-09 18:57:53 status half-installed build-essential:amd64 12.9ubuntu3
2022-08-09 18:57:53 status unpacked build-essential:amd64 12.9ubuntu3
2022-08-09 18:57:54 install bzip2-doc:all <none> 1.0.8-5build1
2022-08-09 18:57:54 status half-installed bzip2-doc:all 1.0.8-5build1
2022-08-09 18:57:54 status unpacked bzip2-doc:all 1.0.8-5build1
2022-08-09 18:57:54 install libfakeroot:amd64 <none> 1.28-1ubuntu1
2022-08-09 18:57:54 status half-installed libfakeroot:amd64 1.28-1ubuntu1
2022-08-09 18:57:55 status unpacked libfakeroot:amd64 1.28-1ubuntu1
2022-08-09 18:57:55 install fakeroot:amd64 <none> 1.28-1ubuntu1
2022-08-09 18:57:55 status half-installed fakeroot:amd64 1.28-1ubuntu1
2022-08-09 18:57:55 status unpacked fakeroot:amd64 1.28-1ubuntu1
2022-08-09 18:57:56 install fontconfig:amd64 <none> 2.13.1-4.2ubuntu5
2022-08-09 18:57:56 status half-installed fontconfig:amd64 2.13.1-4.2ubuntu5
2022-08-09 18:57:56 status unpacked fontconfig:amd64 2.13.1-4.2ubuntu5
2022-08-09 18:57:56 install libgfortran5:amd64 <none> 12-20220319-1ubuntu1
2022-08-09 18:57:56 status half-installed libgfortran5:amd64 12-20220319-1ubuntu1
2022-08-09 18:57:57 status unpacked libgfortran5:amd64 12-20220319-1ubuntu1
2022-08-09 18:57:57 install libgfortran-11-dev:amd64 <none> 11.2.0-19ubuntu1
2022-08-09 18:57:57 status half-installed libgfortran-11-dev:amd64 11.2.0-19ubuntu1
2022-08-09 18:57:58 status unpacked libgfortran-11-dev:amd64 11.2.0-19ubuntu1
2022-08-09 18:57:58 install gfortran-11:amd64 <none> 11.2.0-19ubuntu1
2022-08-09 18:57:58 status half-installed gfortran-11:amd64 11.2.0-19ubuntu1
2022-08-09 18:57:59 status unpacked gfortran-11:amd64 11.2.0-19ubuntu1
2022-08-09 18:57:59 install gfortran:amd64 <none> 4:11.2.0-1ubuntu1
2022-08-09 18:57:59 status half-installed gfortran:amd64 4:11.2.0-1ubuntu1
2022-08-09 18:58:00 status unpacked gfortran:amd64 4:11.2.0-1ubuntu1
2022-08-09 18:58:00 install icu-devtools:amd64 <none> 70.1-2
2022-08-09 18:58:00 status half-installed icu-devtools:amd64 70.1-2
2022-08-09 18:58:01 status unpacked icu-devtools:amd64 70.1-2
2022-08-09 18:58:01 install libalgorithm-diff-perl:all <none> 1.201-1
2022-08-09 18:58:01 status half-installed libalgorithm-diff-perl:all 1.201-1
2022-08-09 18:58:05 status unpacked libalgorithm-diff-perl:all 1.201-1
2022-08-09 18:58:05 install libalgorithm-diff-xs-perl:amd64 <none> 0.04-6build3
2022-08-09 18:58:05 status half-installed libalgorithm-diff-xs-perl:amd64 0.04-6build3
2022-08-09 18:58:05 status unpacked libalgorithm-diff-xs-perl:amd64 0.04-6build3
2022-08-09 18:58:05 install libalgorithm-merge-perl:all <none> 0.08-3
2022-08-09 18:58:05 status half-installed libalgorithm-merge-perl:all 0.08-3
2022-08-09 18:58:05 status unpacked libalgorithm-merge-perl:all 0.08-3
2022-08-09 18:58:06 install libatk1.0-data:all <none> 2.36.0-3build1
2022-08-09 18:58:06 status half-installed libatk1.0-data:all 2.36.0-3build1
2022-08-09 18:58:06 status unpacked libatk1.0-data:all 2.36.0-3build1
2022-08-09 18:58:06 install libatk1.0-0:amd64 <none> 2.36.0-3build1
2022-08-09 18:58:06 status half-installed libatk1.0-0:amd64 2.36.0-3build1
2022-08-09 18:58:07 status unpacked libatk1.0-0:amd64 2.36.0-3build1
2022-08-09 18:58:07 install libatk-bridge2.0-0:amd64 <none> 2.38.0-3
2022-08-09 18:58:07 status half-installed libatk-bridge2.0-0:amd64 2.38.0-3
2022-08-09 18:58:07 status unpacked libatk-bridge2.0-0:amd64 2.38.0-3
2022-08-09 18:58:08 install libavahi-common-data:amd64 <none> 0.8-5ubuntu5
2022-08-09 18:58:08 status half-installed libavahi-common-data:amd64 0.8-5ubuntu5
2022-08-09 18:58:08 status unpacked libavahi-common-data:amd64 0.8-5ubuntu5
2022-08-09 18:58:09 install libavahi-common3:amd64 <none> 0.8-5ubuntu5
2022-08-09 18:58:09 status half-installed libavahi-common3:amd64 0.8-5ubuntu5
2022-08-09 18:58:09 status unpacked libavahi-common3:amd64 0.8-5ubuntu5
2022-08-09 18:58:10 install libavahi-client3:amd64 <none> 0.8-5ubuntu5
2022-08-09 18:58:10 status half-installed libavahi-client3:amd64 0.8-5ubuntu5
2022-08-09 18:58:10 status unpacked libavahi-client3:amd64 0.8-5ubuntu5
2022-08-09 18:58:11 install libblas3:amd64 <none> 3.10.0-2ubuntu1
2022-08-09 18:58:11 status half-installed libblas3:amd64 3.10.0-2ubuntu1
2022-08-09 18:58:11 status unpacked libblas3:amd64 3.10.0-2ubuntu1
2022-08-09 18:58:12 install libblas-dev:amd64 <none> 3.10.0-2ubuntu1
2022-08-09 18:58:12 status half-installed libblas-dev:amd64 3.10.0-2ubuntu1
2022-08-09 18:58:13 status unpacked libblas-dev:amd64 3.10.0-2ubuntu1
2022-08-09 18:58:13 install libbz2-dev:amd64 <none> 1.0.8-5build1
2022-08-09 18:58:13 status half-installed libbz2-dev:amd64 1.0.8-5build1
2022-08-09 18:58:13 status unpacked libbz2-dev:amd64 1.0.8-5build1
2022-08-09 18:58:13 install libpixman-1-0:amd64 <none> 0.40.0-1build4
2022-08-09 18:58:13 status half-installed libpixman-1-0:amd64 0.40.0-1build4
2022-08-09 18:58:14 status unpacked libpixman-1-0:amd64 0.40.0-1build4
2022-08-09 18:58:14 install libxcb-render0:amd64 <none> 1.14-3ubuntu3
2022-08-09 18:58:14 status half-installed libxcb-render0:amd64 1.14-3ubuntu3
2022-08-09 18:58:14 status unpacked libxcb-render0:amd64 1.14-3ubuntu3
2022-08-09 18:58:15 install libxcb-shm0:amd64 <none> 1.14-3ubuntu3
2022-08-09 18:58:15 status half-installed libxcb-shm0:amd64 1.14-3ubuntu3
2022-08-09 18:58:15 status unpacked libxcb-shm0:amd64 1.14-3ubuntu3
2022-08-09 18:58:15 install libxrender1:amd64 <none> 1:0.9.10-1build4
2022-08-09 18:58:15 status half-installed libxrender1:amd64 1:0.9.10-1build4
2022-08-09 18:58:16 status unpacked libxrender1:amd64 1:0.9.10-1build4
2022-08-09 18:58:16 install libcairo2:amd64 <none> 1.16.0-5ubuntu2
2022-08-09 18:58:16 status half-installed libcairo2:amd64 1.16.0-5ubuntu2
2022-08-09 18:58:16 status unpacked libcairo2:amd64 1.16.0-5ubuntu2
2022-08-09 18:58:17 install libcairo-gobject2:amd64 <none> 1.16.0-5ubuntu2
2022-08-09 18:58:17 status half-installed libcairo-gobject2:amd64 1.16.0-5ubuntu2
2022-08-09 18:58:17 status unpacked libcairo-gobject2:amd64 1.16.0-5ubuntu2
2022-08-09 18:58:18 install libclone-perl:amd64 <none> 0.45-1build3
2022-08-09 18:58:18 status half-installed libclone-perl:amd64 0.45-1build3
2022-08-09 18:58:18 status unpacked libclone-perl:amd64 0.45-1build3
2022-08-09 18:58:19 install liblcms2-2:amd64 <none> 2.12~rc1-2build2
2022-08-09 18:58:19 status half-installed liblcms2-2:amd64 2.12~rc1-2build2
2022-08-09 18:58:19 status unpacked liblcms2-2:amd64 2.12~rc1-2build2
2022-08-09 18:58:20 install libcolord2:amd64 <none> 1.4.6-1
2022-08-09 18:58:20 status half-installed libcolord2:amd64 1.4.6-1
2022-08-09 18:58:20 status unpacked libcolord2:amd64 1.4.6-1
2022-08-09 18:58:21 install libcups2:amd64 <none> 2.4.1op1-1ubuntu4.1
2022-08-09 18:58:21 status half-installed libcups2:amd64 2.4.1op1-1ubuntu4.1
2022-08-09 18:58:21 status unpacked libcups2:amd64 2.4.1op1-1ubuntu4.1
2022-08-09 18:58:22 install libcurl4:amd64 <none> 7.81.0-1ubuntu1.3
2022-08-09 18:58:22 status half-installed libcurl4:amd64 7.81.0-1ubuntu1.3
2022-08-09 18:58:22 status unpacked libcurl4:amd64 7.81.0-1ubuntu1.3
2022-08-09 18:58:22 install libdata-dump-perl:all <none> 1.25-1
2022-08-09 18:58:22 status half-installed libdata-dump-perl:all 1.25-1
2022-08-09 18:58:23 status unpacked libdata-dump-perl:all 1.25-1
2022-08-09 18:58:23 install libdatrie1:amd64 <none> 0.2.13-2
2022-08-09 18:58:23 status half-installed libdatrie1:amd64 0.2.13-2
2022-08-09 18:58:24 status unpacked libdatrie1:amd64 0.2.13-2
2022-08-09 18:58:24 install libdrm-amdgpu1:amd64 <none> 2.4.110-1ubuntu1
2022-08-09 18:58:24 status half-installed libdrm-amdgpu1:amd64 2.4.110-1ubuntu1
2022-08-09 18:58:25 status unpacked libdrm-amdgpu1:amd64 2.4.110-1ubuntu1
2022-08-09 18:58:25 install libpciaccess0:amd64 <none> 0.16-3
2022-08-09 18:58:25 status half-installed libpciaccess0:amd64 0.16-3
2022-08-09 18:58:26 status unpacked libpciaccess0:amd64 0.16-3
2022-08-09 18:58:26 install libdrm-intel1:amd64 <none> 2.4.110-1ubuntu1
2022-08-09 18:58:26 status half-installed libdrm-intel1:amd64 2.4.110-1ubuntu1
2022-08-09 18:58:26 status unpacked libdrm-intel1:amd64 2.4.110-1ubuntu1
2022-08-09 18:58:27 install libdrm-nouveau2:amd64 <none> 2.4.110-1ubuntu1
2022-08-09 18:58:27 status half-installed libdrm-nouveau2:amd64 2.4.110-1ubuntu1
2022-08-09 18:58:27 status unpacked libdrm-nouveau2:amd64 2.4.110-1ubuntu1
2022-08-09 18:58:28 install libdrm-radeon1:amd64 <none> 2.4.110-1ubuntu1
2022-08-09 18:58:28 status half-installed libdrm-radeon1:amd64 2.4.110-1ubuntu1
2022-08-09 18:58:29 status unpacked libdrm-radeon1:amd64 2.4.110-1ubuntu1
2022-08-09 18:58:31 install libencode-locale-perl:all <none> 1.05-1.1
2022-08-09 18:58:31 status half-installed libencode-locale-perl:all 1.05-1.1
2022-08-09 18:58:31 status unpacked libencode-locale-perl:all 1.05-1.1
2022-08-09 18:58:32 install libepoxy0:amd64 <none> 1.5.10-1
2022-08-09 18:58:32 status half-installed libepoxy0:amd64 1.5.10-1
2022-08-09 18:58:32 status unpacked libepoxy0:amd64 1.5.10-1
2022-08-09 18:58:33 install libipc-system-simple-perl:all <none> 1.30-1
2022-08-09 18:58:33 status half-installed libipc-system-simple-perl:all 1.30-1
2022-08-09 18:58:33 status unpacked libipc-system-simple-perl:all 1.30-1
2022-08-09 18:58:33 install libfile-basedir-perl:all <none> 0.09-1
2022-08-09 18:58:33 status half-installed libfile-basedir-perl:all 0.09-1
2022-08-09 18:58:36 status unpacked libfile-basedir-perl:all 0.09-1
2022-08-09 18:58:36 install liburi-perl:all <none> 5.10-1
2022-08-09 18:58:36 status half-installed liburi-perl:all 5.10-1
2022-08-09 18:58:36 status unpacked liburi-perl:all 5.10-1
2022-08-09 18:58:37 install libfile-desktopentry-perl:all <none> 0.22-2
2022-08-09 18:58:37 status half-installed libfile-desktopentry-perl:all 0.22-2
2022-08-09 18:58:37 status unpacked libfile-desktopentry-perl:all 0.22-2
2022-08-09 18:58:38 install libfile-fcntllock-perl:amd64 <none> 0.22-3build7
2022-08-09 18:58:38 status half-installed libfile-fcntllock-perl:amd64 0.22-3build7
2022-08-09 18:58:38 status unpacked libfile-fcntllock-perl:amd64 0.22-3build7
2022-08-09 18:58:38 install libtimedate-perl:all <none> 2.3300-2
2022-08-09 18:58:38 status half-installed libtimedate-perl:all 2.3300-2
2022-08-09 18:58:40 status unpacked libtimedate-perl:all 2.3300-2
2022-08-09 18:58:42 install libhttp-date-perl:all <none> 6.05-1
2022-08-09 18:58:42 status half-installed libhttp-date-perl:all 6.05-1
2022-08-09 18:58:42 status unpacked libhttp-date-perl:all 6.05-1
2022-08-09 18:58:42 install libfile-listing-perl:all <none> 6.14-1
2022-08-09 18:58:42 status half-installed libfile-listing-perl:all 6.14-1
2022-08-09 18:58:43 status unpacked libfile-listing-perl:all 6.14-1
2022-08-09 18:58:43 install libfile-mimeinfo-perl:all <none> 0.31-1
2022-08-09 18:58:43 status half-installed libfile-mimeinfo-perl:all 0.31-1
2022-08-09 18:58:44 status unpacked libfile-mimeinfo-perl:all 0.31-1
2022-08-09 18:58:44 install libfont-afm-perl:all <none> 1.20-3
2022-08-09 18:58:44 status half-installed libfont-afm-perl:all 1.20-3
2022-08-09 18:58:46 status unpacked libfont-afm-perl:all 1.20-3
2022-08-09 18:58:46 install libfontenc1:amd64 <none> 1:1.1.4-1build3
2022-08-09 18:58:46 status half-installed libfontenc1:amd64 1:1.1.4-1build3
2022-08-09 18:58:47 status unpacked libfontenc1:amd64 1:1.1.4-1build3
2022-08-09 18:58:47 install libgdk-pixbuf2.0-bin:amd64 <none> 2.42.8+dfsg-1
2022-08-09 18:58:47 status half-installed libgdk-pixbuf2.0-bin:amd64 2.42.8+dfsg-1
2022-08-09 18:58:47 status unpacked libgdk-pixbuf2.0-bin:amd64 2.42.8+dfsg-1
2022-08-09 18:58:48 install libglapi-mesa:amd64 <none> 22.0.5-0ubuntu0.1
2022-08-09 18:58:48 status half-installed libglapi-mesa:amd64 22.0.5-0ubuntu0.1
2022-08-09 18:58:48 status unpacked libglapi-mesa:amd64 22.0.5-0ubuntu0.1
2022-08-09 18:58:49 install libgl1-amber-dri:amd64 <none> 21.3.7-0ubuntu1
2022-08-09 18:58:49 status half-installed libgl1-amber-dri:amd64 21.3.7-0ubuntu1
2022-08-09 18:58:49 status unpacked libgl1-amber-dri:amd64 21.3.7-0ubuntu1
2022-08-09 18:58:50 install libllvm13:amd64 <none> 1:13.0.1-2ubuntu2
2022-08-09 18:58:50 status half-installed libllvm13:amd64 1:13.0.1-2ubuntu2
2022-08-09 18:58:51 status unpacked libllvm13:amd64 1:13.0.1-2ubuntu2
2022-08-09 18:58:52 install libsensors-config:all <none> 1:3.6.0-7ubuntu1
2022-08-09 18:58:52 status half-installed libsensors-config:all 1:3.6.0-7ubuntu1
2022-08-09 18:58:52 status unpacked libsensors-config:all 1:3.6.0-7ubuntu1
2022-08-09 18:58:53 install libsensors5:amd64 <none> 1:3.6.0-7ubuntu1
2022-08-09 18:58:53 status half-installed libsensors5:amd64 1:3.6.0-7ubuntu1
2022-08-09 18:58:53 status unpacked libsensors5:amd64 1:3.6.0-7ubuntu1
2022-08-09 18:58:54 install libvulkan1:amd64 <none> 1.3.204.1-2
2022-08-09 18:58:54 status half-installed libvulkan1:amd64 1.3.204.1-2
2022-08-09 18:58:54 status unpacked libvulkan1:amd64 1.3.204.1-2
2022-08-09 18:58:55 install libgl1-mesa-dri:amd64 <none> 22.0.5-0ubuntu0.1
2022-08-09 18:58:55 status half-installed libgl1-mesa-dri:amd64 22.0.5-0ubuntu0.1
2022-08-09 18:58:55 status unpacked libgl1-mesa-dri:amd64 22.0.5-0ubuntu0.1
2022-08-09 18:58:56 install libx11-xcb1:amd64 <none> 2:1.7.5-1
2022-08-09 18:58:56 status half-installed libx11-xcb1:amd64 2:1.7.5-1
2022-08-09 18:58:56 status unpacked libx11-xcb1:amd64 2:1.7.5-1
2022-08-09 18:58:57 install libxcb-dri2-0:amd64 <none> 1.14-3ubuntu3
2022-08-09 18:58:57 status half-installed libxcb-dri2-0:amd64 1.14-3ubuntu3
2022-08-09 18:58:58 status unpacked libxcb-dri2-0:amd64 1.14-3ubuntu3
2022-08-09 18:58:58 install libxcb-dri3-0:amd64 <none> 1.14-3ubuntu3
2022-08-09 18:58:58 status half-installed libxcb-dri3-0:amd64 1.14-3ubuntu3
2022-08-09 18:58:58 status unpacked libxcb-dri3-0:amd64 1.14-3ubuntu3
2022-08-09 18:58:59 install libxcb-glx0:amd64 <none> 1.14-3ubuntu3
2022-08-09 18:58:59 status half-installed libxcb-glx0:amd64 1.14-3ubuntu3
2022-08-09 18:58:59 status unpacked libxcb-glx0:amd64 1.14-3ubuntu3
2022-08-09 18:59:00 install libxcb-present0:amd64 <none> 1.14-3ubuntu3
2022-08-09 18:59:00 status half-installed libxcb-present0:amd64 1.14-3ubuntu3
2022-08-09 18:59:00 status unpacked libxcb-present0:amd64 1.14-3ubuntu3
2022-08-09 18:59:01 install libxcb-sync1:amd64 <none> 1.14-3ubuntu3
2022-08-09 18:59:01 status half-installed libxcb-sync1:amd64 1.14-3ubuntu3
2022-08-09 18:59:01 status unpacked libxcb-sync1:amd64 1.14-3ubuntu3
2022-08-09 18:59:02 install libxcb-xfixes0:amd64 <none> 1.14-3ubuntu3
2022-08-09 18:59:02 status half-installed libxcb-xfixes0:amd64 1.14-3ubuntu3
2022-08-09 18:59:02 status unpacked libxcb-xfixes0:amd64 1.14-3ubuntu3
2022-08-09 18:59:03 install libxfixes3:amd64 <none> 1:6.0.0-1
2022-08-09 18:59:03 status half-installed libxfixes3:amd64 1:6.0.0-1
2022-08-09 18:59:03 status unpacked libxfixes3:amd64 1:6.0.0-1
2022-08-09 18:59:04 install libxshmfence1:amd64 <none> 1.3-1build4
2022-08-09 18:59:04 status half-installed libxshmfence1:amd64 1.3-1build4
2022-08-09 18:59:04 status unpacked libxshmfence1:amd64 1.3-1build4
2022-08-09 18:59:05 install libxxf86vm1:amd64 <none> 1:1.1.4-1build3
2022-08-09 18:59:05 status half-installed libxxf86vm1:amd64 1:1.1.4-1build3
2022-08-09 18:59:05 status unpacked libxxf86vm1:amd64 1:1.1.4-1build3
2022-08-09 18:59:05 install libglx-mesa0:amd64 <none> 22.0.5-0ubuntu0.1
2022-08-09 18:59:05 status half-installed libglx-mesa0:amd64 22.0.5-0ubuntu0.1
2022-08-09 18:59:06 status unpacked libglx-mesa0:amd64 22.0.5-0ubuntu0.1
2022-08-09 18:59:06 install libgraphite2-3:amd64 <none> 1.3.14-1build2
2022-08-09 18:59:06 status half-installed libgraphite2-3:amd64 1.3.14-1build2
2022-08-09 18:59:07 status unpacked libgraphite2-3:amd64 1.3.14-1build2
2022-08-09 18:59:07 install libharfbuzz0b:amd64 <none> 2.7.4-1ubuntu3.1
2022-08-09 18:59:07 status half-installed libharfbuzz0b:amd64 2.7.4-1ubuntu3.1
2022-08-09 18:59:08 status unpacked libharfbuzz0b:amd64 2.7.4-1ubuntu3.1
2022-08-09 18:59:08 install libthai-data:all <none> 0.1.29-1build1
2022-08-09 18:59:08 status half-installed libthai-data:all 0.1.29-1build1
2022-08-09 18:59:08 status unpacked libthai-data:all 0.1.29-1build1
2022-08-09 18:59:09 install libthai0:amd64 <none> 0.1.29-1build1
2022-08-09 18:59:09 status half-installed libthai0:amd64 0.1.29-1build1
2022-08-09 18:59:09 status unpacked libthai0:amd64 0.1.29-1build1
2022-08-09 18:59:10 install libpango-1.0-0:amd64 <none> 1.50.6+ds-2
2022-08-09 18:59:10 status half-installed libpango-1.0-0:amd64 1.50.6+ds-2
2022-08-09 18:59:10 status unpacked libpango-1.0-0:amd64 1.50.6+ds-2
2022-08-09 18:59:11 install libpangoft2-1.0-0:amd64 <none> 1.50.6+ds-2
2022-08-09 18:59:11 status half-installed libpangoft2-1.0-0:amd64 1.50.6+ds-2
2022-08-09 18:59:11 status unpacked libpangoft2-1.0-0:amd64 1.50.6+ds-2
2022-08-09 18:59:12 install libpangocairo-1.0-0:amd64 <none> 1.50.6+ds-2
2022-08-09 18:59:12 status half-installed libpangocairo-1.0-0:amd64 1.50.6+ds-2
2022-08-09 18:59:12 status unpacked libpangocairo-1.0-0:amd64 1.50.6+ds-2
2022-08-09 18:59:29 install libwayland-client0:amd64 <none> 1.20.0-1
2022-08-09 18:59:29 status half-installed libwayland-client0:amd64 1.20.0-1
2022-08-09 18:59:42 status unpacked libwayland-client0:amd64 1.20.0-1
2022-08-09 18:59:56 install libwayland-cursor0:amd64 <none> 1.20.0-1
2022-08-09 18:59:56 status half-installed libwayland-cursor0:amd64 1.20.0-1
2022-08-09 19:00:07 status unpacked libwayland-cursor0:amd64 1.20.0-1
2022-08-09 19:00:26 install libwayland-egl1:amd64 <none> 1.20.0-1
2022-08-09 19:00:26 status half-installed libwayland-egl1:amd64 1.20.0-1
2022-08-09 19:00:39 status unpacked libwayland-egl1:amd64 1.20.0-1
2022-08-09 19:00:54 install libxcomposite1:amd64 <none> 1:0.4.5-1build2
2022-08-09 19:00:54 status half-installed libxcomposite1:amd64 1:0.4.5-1build2
2022-08-09 19:01:04 status unpacked libxcomposite1:amd64 1:0.4.5-1build2
2022-08-09 19:01:21 install libxcursor1:amd64 <none> 1:1.2.0-2build4
2022-08-09 19:01:21 status half-installed libxcursor1:amd64 1:1.2.0-2build4
2022-08-09 19:01:32 status unpacked libxcursor1:amd64 1:1.2.0-2build4
2022-08-09 19:01:51 install libxdamage1:amd64 <none> 1:1.1.5-2build2
2022-08-09 19:01:51 status half-installed libxdamage1:amd64 1:1.1.5-2build2
2022-08-09 19:02:04 status unpacked libxdamage1:amd64 1:1.1.5-2build2
2022-08-09 19:02:27 install libxinerama1:amd64 <none> 2:1.1.4-3
2022-08-09 19:02:27 status half-installed libxinerama1:amd64 2:1.1.4-3
2022-08-09 19:02:44 status unpacked libxinerama1:amd64 2:1.1.4-3
2022-08-09 19:02:59 install libxkbcommon0:amd64 <none> 1.4.0-1
2022-08-09 19:02:59 status half-installed libxkbcommon0:amd64 1.4.0-1
2022-08-09 19:03:10 status unpacked libxkbcommon0:amd64 1.4.0-1
2022-08-09 19:03:25 install libxrandr2:amd64 <none> 2:1.5.2-1build1
2022-08-09 19:03:25 status half-installed libxrandr2:amd64 2:1.5.2-1build1
2022-08-09 19:03:36 status unpacked libxrandr2:amd64 2:1.5.2-1build1
2022-08-09 19:03:53 install libgtk-3-common:all <none> 3.24.33-1ubuntu2
2022-08-09 19:03:53 status half-installed libgtk-3-common:all 3.24.33-1ubuntu2
2022-08-09 19:04:08 status unpacked libgtk-3-common:all 3.24.33-1ubuntu2
2022-08-09 19:04:26 install libgtk-3-0:amd64 <none> 3.24.33-1ubuntu2
2022-08-09 19:04:26 status half-installed libgtk-3-0:amd64 3.24.33-1ubuntu2
2022-08-09 19:05:04 status unpacked libgtk-3-0:amd64 3.24.33-1ubuntu2
2022-08-09 19:05:04 install libgtk-3-bin:amd64 <none> 3.24.33-1ubuntu2
2022-08-09 19:05:04 status half-installed libgtk-3-bin:amd64 3.24.33-1ubuntu2
2022-08-09 19:05:05 status unpacked libgtk-3-bin:amd64 3.24.33-1ubuntu2
2022-08-09 19:05:05 install librsvg2-2:amd64 <none> 2.52.5+dfsg-3
2022-08-09 19:05:05 status half-installed librsvg2-2:amd64 2.52.5+dfsg-3
2022-08-09 19:05:06 status unpacked librsvg2-2:amd64 2.52.5+dfsg-3
2022-08-09 19:05:06 install libllvm11:amd64 <none> 1:11.1.0-6
2022-08-09 19:05:06 status half-installed libllvm11:amd64 1:11.1.0-6
2022-08-09 19:05:08 status unpacked libllvm11:amd64 1:11.1.0-6
2022-08-09 19:05:08 install libphobos2-ldc-shared98:amd64 <none> 1:1.28.0-1ubuntu1
2022-08-09 19:05:08 status half-installed libphobos2-ldc-shared98:amd64 1:1.28.0-1ubuntu1
2022-08-09 19:05:09 status unpacked libphobos2-ldc-shared98:amd64 1:1.28.0-1ubuntu1
2022-08-09 19:05:09 install libgtkd-3-0:amd64 <none> 3.10.0-1ubuntu1
2022-08-09 19:05:09 status half-installed libgtkd-3-0:amd64 3.10.0-1ubuntu1
2022-08-09 19:05:10 status unpacked libgtkd-3-0:amd64 3.10.0-1ubuntu1
2022-08-09 19:05:13 install libhtml-tagset-perl:all <none> 3.20-4
2022-08-09 19:05:13 status half-installed libhtml-tagset-perl:all 3.20-4
2022-08-09 19:05:14 status unpacked libhtml-tagset-perl:all 3.20-4
2022-08-09 19:05:15 install libhtml-parser-perl:amd64 <none> 3.76-1build2
2022-08-09 19:05:15 status half-installed libhtml-parser-perl:amd64 3.76-1build2
2022-08-09 19:05:15 status unpacked libhtml-parser-perl:amd64 3.76-1build2
2022-08-09 19:05:15 install libio-html-perl:all <none> 1.004-2
2022-08-09 19:05:15 status half-installed libio-html-perl:all 1.004-2
2022-08-09 19:05:16 status unpacked libio-html-perl:all 1.004-2
2022-08-09 19:05:16 install liblwp-mediatypes-perl:all <none> 6.04-1
2022-08-09 19:05:16 status half-installed liblwp-mediatypes-perl:all 6.04-1
2022-08-09 19:05:16 status unpacked liblwp-mediatypes-perl:all 6.04-1
2022-08-09 19:05:21 install libhttp-message-perl:all <none> 6.36-1
2022-08-09 19:05:21 status half-installed libhttp-message-perl:all 6.36-1
2022-08-09 19:05:21 status unpacked libhttp-message-perl:all 6.36-1
2022-08-09 19:05:22 install libhtml-form-perl:all <none> 6.07-1
2022-08-09 19:05:22 status half-installed libhtml-form-perl:all 6.07-1
2022-08-09 19:05:22 status unpacked libhtml-form-perl:all 6.07-1
2022-08-09 19:05:22 install libhtml-tree-perl:all <none> 5.07-2
2022-08-09 19:05:22 status half-installed libhtml-tree-perl:all 5.07-2
2022-08-09 19:05:23 status unpacked libhtml-tree-perl:all 5.07-2
2022-08-09 19:05:23 install libhtml-format-perl:all <none> 2.12-1.1
2022-08-09 19:05:23 status half-installed libhtml-format-perl:all 2.12-1.1
2022-08-09 19:05:23 status unpacked libhtml-format-perl:all 2.12-1.1
2022-08-09 19:05:24 install libhttp-cookies-perl:all <none> 6.10-1
2022-08-09 19:05:24 status half-installed libhttp-cookies-perl:all 6.10-1
2022-08-09 19:05:24 status unpacked libhttp-cookies-perl:all 6.10-1
2022-08-09 19:05:25 install libhttp-daemon-perl:all <none> 6.13-1ubuntu0.1
2022-08-09 19:05:25 status half-installed libhttp-daemon-perl:all 6.13-1ubuntu0.1
2022-08-09 19:05:25 status unpacked libhttp-daemon-perl:all 6.13-1ubuntu0.1
2022-08-09 19:05:25 install libhttp-negotiate-perl:all <none> 6.01-1
2022-08-09 19:05:25 status half-installed libhttp-negotiate-perl:all 6.01-1
2022-08-09 19:05:26 status unpacked libhttp-negotiate-perl:all 6.01-1
2022-08-09 19:05:26 install libice6:amd64 <none> 2:1.0.10-1build2
2022-08-09 19:05:26 status half-installed libice6:amd64 2:1.0.10-1build2
2022-08-09 19:05:27 status unpacked libice6:amd64 2:1.0.10-1build2
2022-08-09 19:05:27 install libicu-dev:amd64 <none> 70.1-2
2022-08-09 19:05:27 status half-installed libicu-dev:amd64 70.1-2
2022-08-09 19:05:33 status unpacked libicu-dev:amd64 70.1-2
2022-08-09 19:05:41 install perl-openssl-defaults:amd64 <none> 5build2
2022-08-09 19:05:41 status half-installed perl-openssl-defaults:amd64 5build2
2022-08-09 19:05:41 status unpacked perl-openssl-defaults:amd64 5build2
2022-08-09 19:05:42 install libnet-ssleay-perl:amd64 <none> 1.92-1build2
2022-08-09 19:05:42 status half-installed libnet-ssleay-perl:amd64 1.92-1build2
2022-08-09 19:05:42 status unpacked libnet-ssleay-perl:amd64 1.92-1build2
2022-08-09 19:05:43 install libio-socket-ssl-perl:all <none> 2.074-2
2022-08-09 19:05:43 status half-installed libio-socket-ssl-perl:all 2.074-2
2022-08-09 19:05:43 status unpacked libio-socket-ssl-perl:all 2.074-2
2022-08-09 19:05:43 install libio-stringy-perl:all <none> 2.111-3
2022-08-09 19:05:43 status half-installed libio-stringy-perl:all 2.111-3
2022-08-09 19:05:44 status unpacked libio-stringy-perl:all 2.111-3
2022-08-09 19:05:44 install libjpeg-turbo8-dev:amd64 <none> 2.1.2-0ubuntu1
2022-08-09 19:05:44 status half-installed libjpeg-turbo8-dev:amd64 2.1.2-0ubuntu1
2022-08-09 19:05:45 status unpacked libjpeg-turbo8-dev:amd64 2.1.2-0ubuntu1
2022-08-09 19:05:45 install libjpeg8-dev:amd64 <none> 8c-2ubuntu10
2022-08-09 19:05:45 status half-installed libjpeg8-dev:amd64 8c-2ubuntu10
2022-08-09 19:05:45 status unpacked libjpeg8-dev:amd64 8c-2ubuntu10
2022-08-09 19:05:46 install libjpeg-dev:amd64 <none> 8c-2ubuntu10
2022-08-09 19:05:46 status half-installed libjpeg-dev:amd64 8c-2ubuntu10
2022-08-09 19:05:46 status unpacked libjpeg-dev:amd64 8c-2ubuntu10
2022-08-09 19:05:47 install liblapack3:amd64 <none> 3.10.0-2ubuntu1
2022-08-09 19:05:47 status half-installed liblapack3:amd64 3.10.0-2ubuntu1
2022-08-09 19:05:47 status unpacked liblapack3:amd64 3.10.0-2ubuntu1
2022-08-09 19:05:48 install liblapack-dev:amd64 <none> 3.10.0-2ubuntu1
2022-08-09 19:05:48 status half-installed liblapack-dev:amd64 3.10.0-2ubuntu1
2022-08-09 19:05:49 status unpacked liblapack-dev:amd64 3.10.0-2ubuntu1
2022-08-09 19:05:49 install libnet-http-perl:all <none> 6.22-1
2022-08-09 19:05:49 status half-installed libnet-http-perl:all 6.22-1
2022-08-09 19:05:49 status unpacked libnet-http-perl:all 6.22-1
2022-08-09 19:05:49 install libtry-tiny-perl:all <none> 0.31-1
2022-08-09 19:05:49 status half-installed libtry-tiny-perl:all 0.31-1
2022-08-09 19:05:49 status unpacked libtry-tiny-perl:all 0.31-1
2022-08-09 19:05:50 install libwww-robotrules-perl:all <none> 6.02-1
2022-08-09 19:05:50 status half-installed libwww-robotrules-perl:all 6.02-1
2022-08-09 19:05:50 status unpacked libwww-robotrules-perl:all 6.02-1
2022-08-09 19:05:50 install libwww-perl:all <none> 6.61-1
2022-08-09 19:05:50 status half-installed libwww-perl:all 6.61-1
2022-08-09 19:05:50 status unpacked libwww-perl:all 6.61-1
2022-08-09 19:05:51 install liblwp-protocol-https-perl:all <none> 6.10-1
2022-08-09 19:05:51 status half-installed liblwp-protocol-https-perl:all 6.10-1
2022-08-09 19:05:51 status unpacked liblwp-protocol-https-perl:all 6.10-1
2022-08-09 19:05:51 install libnet-smtp-ssl-perl:all <none> 1.04-1
2022-08-09 19:05:51 status half-installed libnet-smtp-ssl-perl:all 1.04-1
2022-08-09 19:05:52 status unpacked libnet-smtp-ssl-perl:all 1.04-1
2022-08-09 19:05:52 install libmailtools-perl:all <none> 2.21-1
2022-08-09 19:05:52 status half-installed libmailtools-perl:all 2.21-1
2022-08-09 19:05:53 status unpacked libmailtools-perl:all 2.21-1
2022-08-09 19:05:53 install libncurses-dev:amd64 <none> 6.3-2
2022-08-09 19:05:53 status half-installed libncurses-dev:amd64 6.3-2
2022-08-09 19:05:53 status unpacked libncurses-dev:amd64 6.3-2
2022-08-09 19:05:54 install libncurses5-dev:amd64 <none> 6.3-2
2022-08-09 19:05:54 status half-installed libncurses5-dev:amd64 6.3-2
2022-08-09 19:05:54 status unpacked libncurses5-dev:amd64 6.3-2
2022-08-09 19:05:55 install libxml-parser-perl:amd64 <none> 2.46-3build1
2022-08-09 19:05:55 status half-installed libxml-parser-perl:amd64 2.46-3build1
2022-08-09 19:05:55 status unpacked libxml-parser-perl:amd64 2.46-3build1
2022-08-09 19:05:57 install libxml-twig-perl:all <none> 1:3.52-1
2022-08-09 19:05:57 status half-installed libxml-twig-perl:all 1:3.52-1
2022-08-09 19:06:03 status unpacked libxml-twig-perl:all 1:3.52-1
2022-08-09 19:06:15 install libnet-dbus-perl:amd64 <none> 1.2.0-1build3
2022-08-09 19:06:15 status half-installed libnet-dbus-perl:amd64 1.2.0-1build3
2022-08-09 19:06:25 status unpacked libnet-dbus-perl:amd64 1.2.0-1build3
2022-08-09 19:06:41 install libpaper1:amd64 <none> 1.1.28build2
2022-08-09 19:06:41 status half-installed libpaper1:amd64 1.1.28build2
2022-08-09 19:06:52 status unpacked libpaper1:amd64 1.1.28build2
2022-08-09 19:07:09 install libpaper-utils:amd64 <none> 1.1.28build2
2022-08-09 19:07:09 status half-installed libpaper-utils:amd64 1.1.28build2
2022-08-09 19:07:22 status unpacked libpaper-utils:amd64 1.1.28build2
2022-08-09 19:07:41 install libpcre16-3:amd64 <none> 2:8.39-13ubuntu0.22.04.1
2022-08-09 19:07:41 status half-installed libpcre16-3:amd64 2:8.39-13ubuntu0.22.04.1
2022-08-09 19:07:59 status unpacked libpcre16-3:amd64 2:8.39-13ubuntu0.22.04.1
2022-08-09 19:08:15 install libpcre2-16-0:amd64 <none> 10.39-3build1
2022-08-09 19:08:15 status half-installed libpcre2-16-0:amd64 10.39-3build1
2022-08-09 19:08:34 status unpacked libpcre2-16-0:amd64 10.39-3build1
2022-08-09 19:08:39 install libpcre2-32-0:amd64 <none> 10.39-3build1
2022-08-09 19:08:39 status half-installed libpcre2-32-0:amd64 10.39-3build1
2022-08-09 19:08:40 status unpacked libpcre2-32-0:amd64 10.39-3build1
2022-08-09 19:08:40 install libpcre2-posix3:amd64 <none> 10.39-3build1
2022-08-09 19:08:40 status half-installed libpcre2-posix3:amd64 10.39-3build1
2022-08-09 19:08:40 status unpacked libpcre2-posix3:amd64 10.39-3build1
2022-08-09 19:08:41 install libpcre2-dev:amd64 <none> 10.39-3build1
2022-08-09 19:08:41 status half-installed libpcre2-dev:amd64 10.39-3build1
2022-08-09 19:08:41 status unpacked libpcre2-dev:amd64 10.39-3build1
2022-08-09 19:08:42 install libpcre32-3:amd64 <none> 2:8.39-13ubuntu0.22.04.1
2022-08-09 19:08:42 status half-installed libpcre32-3:amd64 2:8.39-13ubuntu0.22.04.1
2022-08-09 19:08:42 status unpacked libpcre32-3:amd64 2:8.39-13ubuntu0.22.04.1
2022-08-09 19:08:43 install libpcrecpp0v5:amd64 <none> 2:8.39-13ubuntu0.22.04.1
2022-08-09 19:08:43 status half-installed libpcrecpp0v5:amd64 2:8.39-13ubuntu0.22.04.1
2022-08-09 19:08:43 status unpacked libpcrecpp0v5:amd64 2:8.39-13ubuntu0.22.04.1
2022-08-09 19:08:43 install libpcre3-dev:amd64 <none> 2:8.39-13ubuntu0.22.04.1
2022-08-09 19:08:43 status half-installed libpcre3-dev:amd64 2:8.39-13ubuntu0.22.04.1
2022-08-09 19:08:44 status unpacked libpcre3-dev:amd64 2:8.39-13ubuntu0.22.04.1
2022-08-09 19:08:49 install libpng-dev:amd64 <none> 1.6.37-3build5
2022-08-09 19:08:49 status half-installed libpng-dev:amd64 1.6.37-3build5
2022-08-09 19:08:50 status unpacked libpng-dev:amd64 1.6.37-3build5
2022-08-09 19:08:50 install libpng-tools:amd64 <none> 1.6.37-3build5
2022-08-09 19:08:50 status half-installed libpng-tools:amd64 1.6.37-3build5
2022-08-09 19:08:50 status unpacked libpng-tools:amd64 1.6.37-3build5
2022-08-09 19:08:53 install libreadline-dev:amd64 <none> 8.1.2-1
2022-08-09 19:08:53 status half-installed libreadline-dev:amd64 8.1.2-1
2022-08-09 19:08:53 status unpacked libreadline-dev:amd64 8.1.2-1
2022-08-09 19:08:53 install librsvg2-common:amd64 <none> 2.52.5+dfsg-3
2022-08-09 19:08:53 status half-installed librsvg2-common:amd64 2.52.5+dfsg-3
2022-08-09 19:08:54 status unpacked librsvg2-common:amd64 2.52.5+dfsg-3
2022-08-09 19:08:54 install libsm6:amd64 <none> 2:1.2.3-1build2
2022-08-09 19:08:54 status half-installed libsm6:amd64 2:1.2.3-1build2
2022-08-09 19:08:55 status unpacked libsm6:amd64 2:1.2.3-1build2
2022-08-09 19:08:55 install libtcl8.6:amd64 <none> 8.6.12+dfsg-1build1
2022-08-09 19:08:55 status half-installed libtcl8.6:amd64 8.6.12+dfsg-1build1
2022-08-09 19:08:55 status unpacked libtcl8.6:amd64 8.6.12+dfsg-1build1
2022-08-09 19:08:56 install libtie-ixhash-perl:all <none> 1.23-2.1
2022-08-09 19:08:56 status half-installed libtie-ixhash-perl:all 1.23-2.1
2022-08-09 19:08:56 status unpacked libtie-ixhash-perl:all 1.23-2.1
2022-08-09 19:08:57 install libxft2:amd64 <none> 2.3.4-1
2022-08-09 19:08:57 status half-installed libxft2:amd64 2.3.4-1
2022-08-09 19:08:57 status unpacked libxft2:amd64 2.3.4-1
2022-08-09 19:09:12 install libxss1:amd64 <none> 1:1.2.3-1build2
2022-08-09 19:09:12 status half-installed libxss1:amd64 1:1.2.3-1build2
2022-08-09 19:09:12 status unpacked libxss1:amd64 1:1.2.3-1build2
2022-08-09 19:09:13 install libtk8.6:amd64 <none> 8.6.12-1build1
2022-08-09 19:09:13 status half-installed libtk8.6:amd64 8.6.12-1build1
2022-08-09 19:09:13 status unpacked libtk8.6:amd64 8.6.12-1build1
2022-08-09 19:09:14 install libvte-2.91-common:amd64 <none> 0.68.0-1
2022-08-09 19:09:14 status half-installed libvte-2.91-common:amd64 0.68.0-1
2022-08-09 19:09:14 status unpacked libvte-2.91-common:amd64 0.68.0-1
2022-08-09 19:09:15 install libvte-2.91-0:amd64 <none> 0.68.0-1
2022-08-09 19:09:15 status half-installed libvte-2.91-0:amd64 0.68.0-1
2022-08-09 19:09:15 status unpacked libvte-2.91-0:amd64 0.68.0-1
2022-08-09 19:09:17 install libvted-3-0:amd64 <none> 3.10.0-1ubuntu1
2022-08-09 19:09:17 status half-installed libvted-3-0:amd64 3.10.0-1ubuntu1
2022-08-09 19:09:17 status unpacked libvted-3-0:amd64 3.10.0-1ubuntu1
2022-08-09 19:09:17 install libx11-protocol-perl:all <none> 0.56-7.1
2022-08-09 19:09:17 status half-installed libx11-protocol-perl:all 0.56-7.1
2022-08-09 19:09:18 status unpacked libx11-protocol-perl:all 0.56-7.1
2022-08-09 19:09:18 install libxt6:amd64 <none> 1:1.2.1-1
2022-08-09 19:09:18 status half-installed libxt6:amd64 1:1.2.1-1
2022-08-09 19:09:19 status unpacked libxt6:amd64 1:1.2.1-1
2022-08-09 19:09:19 install libxmu6:amd64 <none> 2:1.1.3-3
2022-08-09 19:09:19 status half-installed libxmu6:amd64 2:1.1.3-3
2022-08-09 19:09:20 status unpacked libxmu6:amd64 2:1.1.3-3
2022-08-09 19:09:20 install libxaw7:amd64 <none> 2:1.0.14-1
2022-08-09 19:09:20 status half-installed libxaw7:amd64 2:1.0.14-1
2022-08-09 19:09:20 status unpacked libxaw7:amd64 2:1.0.14-1
2022-08-09 19:09:21 install libxcb-randr0:amd64 <none> 1.14-3ubuntu3
2022-08-09 19:09:21 status half-installed libxcb-randr0:amd64 1.14-3ubuntu3
2022-08-09 19:09:21 status unpacked libxcb-randr0:amd64 1.14-3ubuntu3
2022-08-09 19:09:22 install libxcb-shape0:amd64 <none> 1.14-3ubuntu3
2022-08-09 19:09:22 status half-installed libxcb-shape0:amd64 1.14-3ubuntu3
2022-08-09 19:09:22 status unpacked libxcb-shape0:amd64 1.14-3ubuntu3
2022-08-09 19:09:23 install libxkbfile1:amd64 <none> 1:1.1.0-1build3
2022-08-09 19:09:23 status half-installed libxkbfile1:amd64 1:1.1.0-1build3
2022-08-09 19:09:25 status unpacked libxkbfile1:amd64 1:1.1.0-1build3
2022-08-09 19:09:26 install libxml-xpathengine-perl:all <none> 0.14-1
2022-08-09 19:09:26 status half-installed libxml-xpathengine-perl:all 0.14-1
2022-08-09 19:09:26 status unpacked libxml-xpathengine-perl:all 0.14-1
2022-08-09 19:09:26 install libxv1:amd64 <none> 2:1.0.11-1build2
2022-08-09 19:09:26 status half-installed libxv1:amd64 2:1.0.11-1build2
2022-08-09 19:09:27 status unpacked libxv1:amd64 2:1.0.11-1build2
2022-08-09 19:09:27 install libxxf86dga1:amd64 <none> 2:1.1.5-0ubuntu3
2022-08-09 19:09:27 status half-installed libxxf86dga1:amd64 2:1.1.5-0ubuntu3
2022-08-09 19:09:28 status unpacked libxxf86dga1:amd64 2:1.1.5-0ubuntu3
2022-08-09 19:09:28 install mesa-vulkan-drivers:amd64 <none> 22.0.5-0ubuntu0.1
2022-08-09 19:09:28 status half-installed mesa-vulkan-drivers:amd64 22.0.5-0ubuntu0.1
2022-08-09 19:09:29 status unpacked mesa-vulkan-drivers:amd64 22.0.5-0ubuntu0.1
2022-08-09 19:09:29 install pkg-config:amd64 <none> 0.29.2-1ubuntu3
2022-08-09 19:09:29 status half-installed pkg-config:amd64 0.29.2-1ubuntu3
2022-08-09 19:09:30 status unpacked pkg-config:amd64 0.29.2-1ubuntu3
2022-08-09 19:09:30 install zip:amd64 <none> 3.0-12build2
2022-08-09 19:09:30 status half-installed zip:amd64 3.0-12build2
2022-08-09 19:09:30 status unpacked zip:amd64 3.0-12build2
2022-08-09 19:09:31 install unzip:amd64 <none> 6.0-26ubuntu3
2022-08-09 19:09:31 status half-installed unzip:amd64 6.0-26ubuntu3
2022-08-09 19:09:32 status unpacked unzip:amd64 6.0-26ubuntu3
2022-08-09 19:09:32 install xdg-utils:all <none> 1.1.3-4.1ubuntu1.22.04.1
2022-08-09 19:09:32 status half-installed xdg-utils:all 1.1.3-4.1ubuntu1.22.04.1
2022-08-09 19:09:32 status unpacked xdg-utils:all 1.1.3-4.1ubuntu1.22.04.1
2022-08-09 19:09:33 install r-base-core:amd64 <none> 4.2.1-1.2204.0
2022-08-09 19:09:33 status half-installed r-base-core:amd64 4.2.1-1.2204.0
2022-08-09 19:09:34 status unpacked r-base-core:amd64 4.2.1-1.2204.0
2022-08-09 19:09:34 install r-cran-boot:all <none> 1.3-28-2.2204.0
2022-08-09 19:09:34 status half-installed r-cran-boot:all 1.3-28-2.2204.0
2022-08-09 19:09:34 status unpacked r-cran-boot:all 1.3-28-2.2204.0
2022-08-09 19:09:35 install r-cran-cluster:amd64 <none> 2.1.3-1.2204.0
2022-08-09 19:09:35 status half-installed r-cran-cluster:amd64 2.1.3-1.2204.0
2022-08-09 19:09:36 status unpacked r-cran-cluster:amd64 2.1.3-1.2204.0
2022-08-09 19:09:37 install r-cran-foreign:amd64 <none> 0.8.82-1.2204.0
2022-08-09 19:09:37 status half-installed r-cran-foreign:amd64 0.8.82-1.2204.0
2022-08-09 19:09:37 status unpacked r-cran-foreign:amd64 0.8.82-1.2204.0
2022-08-09 19:09:37 install r-cran-mass:amd64 <none> 7.3-58-1.2204.0
2022-08-09 19:09:37 status half-installed r-cran-mass:amd64 7.3-58-1.2204.0
2022-08-09 19:09:38 status unpacked r-cran-mass:amd64 7.3-58-1.2204.0
2022-08-09 19:09:40 install r-cran-kernsmooth:amd64 <none> 2.23-20-1.2204.0
2022-08-09 19:09:40 status half-installed r-cran-kernsmooth:amd64 2.23-20-1.2204.0
2022-08-09 19:09:41 status unpacked r-cran-kernsmooth:amd64 2.23-20-1.2204.0
2022-08-09 19:09:41 install r-cran-lattice:amd64 <none> 0.20-45-3.2204.0
2022-08-09 19:09:41 status half-installed r-cran-lattice:amd64 0.20-45-3.2204.0
2022-08-09 19:09:41 status unpacked r-cran-lattice:amd64 0.20-45-3.2204.0
2022-08-09 19:09:42 install r-cran-nlme:amd64 <none> 3.1.157-1.2204.0
2022-08-09 19:09:42 status half-installed r-cran-nlme:amd64 3.1.157-1.2204.0
2022-08-09 19:09:42 status unpacked r-cran-nlme:amd64 3.1.157-1.2204.0
2022-08-09 19:09:43 install r-cran-matrix:amd64 <none> 1.4-1-1.2204.0
2022-08-09 19:09:43 status half-installed r-cran-matrix:amd64 1.4-1-1.2204.0
2022-08-09 19:09:43 status unpacked r-cran-matrix:amd64 1.4-1-1.2204.0
2022-08-09 19:09:43 install r-cran-mgcv:amd64 <none> 1.8-40-1.2204.0
2022-08-09 19:09:43 status half-installed r-cran-mgcv:amd64 1.8-40-1.2204.0
2022-08-09 19:09:44 status unpacked r-cran-mgcv:amd64 1.8-40-1.2204.0
2022-08-09 19:09:44 install r-cran-survival:amd64 <none> 3.3-1-1.2204.0
2022-08-09 19:09:44 status half-installed r-cran-survival:amd64 3.3-1-1.2204.0
2022-08-09 19:09:45 status unpacked r-cran-survival:amd64 3.3-1-1.2204.0
2022-08-09 19:09:47 install r-cran-rpart:amd64 <none> 4.1.16-1.2204.0
2022-08-09 19:09:47 status half-installed r-cran-rpart:amd64 4.1.16-1.2204.0
2022-08-09 19:09:47 status unpacked r-cran-rpart:amd64 4.1.16-1.2204.0
2022-08-09 19:09:47 install r-cran-class:amd64 <none> 7.3-20-1.2204.0
2022-08-09 19:09:47 status half-installed r-cran-class:amd64 7.3-20-1.2204.0
2022-08-09 19:09:48 status unpacked r-cran-class:amd64 7.3-20-1.2204.0
2022-08-09 19:09:48 install r-cran-nnet:amd64 <none> 7.3-17-1.2204.0
2022-08-09 19:09:48 status half-installed r-cran-nnet:amd64 7.3-17-1.2204.0
2022-08-09 19:09:48 status unpacked r-cran-nnet:amd64 7.3-17-1.2204.0
2022-08-09 19:09:49 install r-cran-spatial:amd64 <none> 7.3-15-1.2204.0
2022-08-09 19:09:49 status half-installed r-cran-spatial:amd64 7.3-15-1.2204.0
2022-08-09 19:09:49 status unpacked r-cran-spatial:amd64 7.3-15-1.2204.0
2022-08-09 19:09:50 install r-cran-codetools:all <none> 0.2-18-1.2204.0
2022-08-09 19:09:50 status half-installed r-cran-codetools:all 0.2-18-1.2204.0
2022-08-09 19:09:50 status unpacked r-cran-codetools:all 0.2-18-1.2204.0
2022-08-09 19:09:51 install r-recommended:all <none> 4.2.1-1.2204.0
2022-08-09 19:09:51 status half-installed r-recommended:all 4.2.1-1.2204.0
2022-08-09 19:09:51 status unpacked r-recommended:all 4.2.1-1.2204.0
2022-08-09 19:09:51 install r-base:all <none> 4.2.1-1.2204.0
2022-08-09 19:09:51 status half-installed r-base:all 4.2.1-1.2204.0
2022-08-09 19:09:51 status unpacked r-base:all 4.2.1-1.2204.0
2022-08-09 19:09:52 install liblzma-dev:amd64 <none> 5.2.5-2ubuntu1
2022-08-09 19:09:52 status half-installed liblzma-dev:amd64 5.2.5-2ubuntu1
2022-08-09 19:09:52 status unpacked liblzma-dev:amd64 5.2.5-2ubuntu1
2022-08-09 19:09:53 install r-base-dev:all <none> 4.2.1-1.2204.0
2022-08-09 19:09:53 status half-installed r-base-dev:all 4.2.1-1.2204.0
2022-08-09 19:09:53 status unpacked r-base-dev:all 4.2.1-1.2204.0
2022-08-09 19:09:53 install r-base-html:all <none> 4.2.1-1.2204.0
2022-08-09 19:09:53 status half-installed r-base-html:all 4.2.1-1.2204.0
2022-08-09 19:09:55 status unpacked r-base-html:all 4.2.1-1.2204.0
2022-08-09 19:09:56 install r-doc-html:all <none> 4.2.1-1.2204.0
2022-08-09 19:09:56 status half-installed r-doc-html:all 4.2.1-1.2204.0
2022-08-09 19:09:56 status unpacked r-doc-html:all 4.2.1-1.2204.0
2022-08-09 19:09:57 install tilix-common:all <none> 1.9.4-2build1
2022-08-09 19:09:57 status half-installed tilix-common:all 1.9.4-2build1
2022-08-09 19:09:57 status unpacked tilix-common:all 1.9.4-2build1
2022-08-09 19:09:57 install tilix:amd64 <none> 1.9.4-2build1
2022-08-09 19:09:57 status half-installed tilix:amd64 1.9.4-2build1
2022-08-09 19:09:58 status unpacked tilix:amd64 1.9.4-2build1
2022-08-09 19:09:58 install libglvnd0:amd64 <none> 1.4.0-1
2022-08-09 19:09:58 status half-installed libglvnd0:amd64 1.4.0-1
2022-08-09 19:09:59 status unpacked libglvnd0:amd64 1.4.0-1
2022-08-09 19:10:01 install libglx0:amd64 <none> 1.4.0-1
2022-08-09 19:10:01 status half-installed libglx0:amd64 1.4.0-1
2022-08-09 19:10:01 status unpacked libglx0:amd64 1.4.0-1
2022-08-09 19:10:01 install libgl1:amd64 <none> 1.4.0-1
2022-08-09 19:10:01 status half-installed libgl1:amd64 1.4.0-1
2022-08-09 19:10:02 status unpacked libgl1:amd64 1.4.0-1
2022-08-09 19:10:02 install x11-utils:amd64 <none> 7.7+5build2
2022-08-09 19:10:02 status half-installed x11-utils:amd64 7.7+5build2
2022-08-09 19:10:02 status unpacked x11-utils:amd64 7.7+5build2
2022-08-09 19:10:03 install x11-xserver-utils:amd64 <none> 7.7+9build1
2022-08-09 19:10:03 status half-installed x11-xserver-utils:amd64 7.7+9build1
2022-08-09 19:10:03 status unpacked x11-xserver-utils:amd64 7.7+9build1
2022-08-09 19:10:03 install libauthen-sasl-perl:all <none> 2.1600-1.1
2022-08-09 19:10:03 status half-installed libauthen-sasl-perl:all 2.1600-1.1
2022-08-09 19:10:04 status unpacked libauthen-sasl-perl:all 2.1600-1.1
2022-08-09 19:10:04 startup packages configure
2022-08-09 19:10:04 configure libpcrecpp0v5:amd64 2:8.39-13ubuntu0.22.04.1 <none>
2022-08-09 19:10:04 status unpacked libpcrecpp0v5:amd64 2:8.39-13ubuntu0.22.04.1
2022-08-09 19:10:04 status half-configured libpcrecpp0v5:amd64 2:8.39-13ubuntu0.22.04.1
2022-08-09 19:10:04 status installed libpcrecpp0v5:amd64 2:8.39-13ubuntu0.22.04.1
2022-08-09 19:10:05 configure libtext-iconv-perl:amd64 1.7-7build3 <none>
2022-08-09 19:10:05 status unpacked libtext-iconv-perl:amd64 1.7-7build3
2022-08-09 19:10:05 status half-configured libtext-iconv-perl:amd64 1.7-7build3
2022-08-09 19:10:05 status installed libtext-iconv-perl:amd64 1.7-7build3
2022-08-09 19:10:05 configure libgraphite2-3:amd64 1.3.14-1build2 <none>
2022-08-09 19:10:05 status unpacked libgraphite2-3:amd64 1.3.14-1build2
2022-08-09 19:10:05 status half-configured libgraphite2-3:amd64 1.3.14-1build2
2022-08-09 19:10:05 status installed libgraphite2-3:amd64 1.3.14-1build2
2022-08-09 19:10:06 configure libxcb-dri3-0:amd64 1.14-3ubuntu3 <none>
2022-08-09 19:10:06 status unpacked libxcb-dri3-0:amd64 1.14-3ubuntu3
2022-08-09 19:10:06 status half-configured libxcb-dri3-0:amd64 1.14-3ubuntu3
2022-08-09 19:10:06 status installed libxcb-dri3-0:amd64 1.14-3ubuntu3
2022-08-09 19:10:06 configure liblcms2-2:amd64 2.12~rc1-2build2 <none>
2022-08-09 19:10:06 status unpacked liblcms2-2:amd64 2.12~rc1-2build2
2022-08-09 19:10:06 status half-configured liblcms2-2:amd64 2.12~rc1-2build2
2022-08-09 19:10:06 status installed liblcms2-2:amd64 2.12~rc1-2build2
2022-08-09 19:10:06 configure libpixman-1-0:amd64 0.40.0-1build4 <none>
2022-08-09 19:10:06 status unpacked libpixman-1-0:amd64 0.40.0-1build4
2022-08-09 19:10:07 status half-configured libpixman-1-0:amd64 0.40.0-1build4
2022-08-09 19:10:07 status installed libpixman-1-0:amd64 0.40.0-1build4
2022-08-09 19:10:07 configure bzip2-doc:all 1.0.8-5build1 <none>
2022-08-09 19:10:07 status unpacked bzip2-doc:all 1.0.8-5build1
2022-08-09 19:10:07 status half-configured bzip2-doc:all 1.0.8-5build1
2022-08-09 19:10:07 status installed bzip2-doc:all 1.0.8-5build1
2022-08-09 19:10:07 configure libpaper1:amd64 1.1.28build2 <none>
2022-08-09 19:10:07 status unpacked libpaper1:amd64 1.1.28build2
2022-08-09 19:10:07 status half-configured libpaper1:amd64 1.1.28build2
2022-08-09 19:10:07 status installed libpaper1:amd64 1.1.28build2
2022-08-09 19:10:08 configure libx11-xcb1:amd64 2:1.7.5-1 <none>
2022-08-09 19:10:08 status unpacked libx11-xcb1:amd64 2:1.7.5-1
2022-08-09 19:10:08 status half-configured libx11-xcb1:amd64 2:1.7.5-1
2022-08-09 19:10:08 status installed libx11-xcb1:amd64 2:1.7.5-1
2022-08-09 19:10:08 configure libpciaccess0:amd64 0.16-3 <none>
2022-08-09 19:10:08 status unpacked libpciaccess0:amd64 0.16-3
2022-08-09 19:10:08 status half-configured libpciaccess0:amd64 0.16-3
2022-08-09 19:10:08 status installed libpciaccess0:amd64 0.16-3
2022-08-09 19:10:08 configure session-migration:amd64 0.3.6 <none>
2022-08-09 19:10:08 status unpacked session-migration:amd64 0.3.6
2022-08-09 19:10:08 status half-configured session-migration:amd64 0.3.6
2022-08-09 19:10:09 status installed session-migration:amd64 0.3.6
2022-08-09 19:10:09 configure fontconfig:amd64 2.13.1-4.2ubuntu5 <none>
2022-08-09 19:10:09 status unpacked fontconfig:amd64 2.13.1-4.2ubuntu5
2022-08-09 19:10:09 status half-configured fontconfig:amd64 2.13.1-4.2ubuntu5
2022-08-09 19:10:11 status installed fontconfig:amd64 2.13.1-4.2ubuntu5
2022-08-09 19:10:12 configure libjpeg-turbo8-dev:amd64 2.1.2-0ubuntu1 <none>
2022-08-09 19:10:12 status unpacked libjpeg-turbo8-dev:amd64 2.1.2-0ubuntu1
2022-08-09 19:10:12 status half-configured libjpeg-turbo8-dev:amd64 2.1.2-0ubuntu1
2022-08-09 19:10:12 status installed libjpeg-turbo8-dev:amd64 2.1.2-0ubuntu1
2022-08-09 19:10:12 configure lto-disabled-list:all 24 <none>
2022-08-09 19:10:12 status unpacked lto-disabled-list:all 24
2022-08-09 19:10:12 status half-configured lto-disabled-list:all 24
2022-08-09 19:10:12 status installed lto-disabled-list:all 24
2022-08-09 19:10:12 configure libncurses-dev:amd64 6.3-2 <none>
2022-08-09 19:10:12 status unpacked libncurses-dev:amd64 6.3-2
2022-08-09 19:10:12 status half-configured libncurses-dev:amd64 6.3-2
2022-08-09 19:10:12 status installed libncurses-dev:amd64 6.3-2
2022-08-09 19:10:12 configure libxdamage1:amd64 1:1.1.5-2build2 <none>
2022-08-09 19:10:12 status unpacked libxdamage1:amd64 1:1.1.5-2build2
2022-08-09 19:10:12 status half-configured libxdamage1:amd64 1:1.1.5-2build2
2022-08-09 19:10:13 status installed libxdamage1:amd64 1:1.1.5-2build2
2022-08-09 19:10:13 configure libxcb-xfixes0:amd64 1.14-3ubuntu3 <none>
2022-08-09 19:10:13 status unpacked libxcb-xfixes0:amd64 1.14-3ubuntu3
2022-08-09 19:10:13 status half-configured libxcb-xfixes0:amd64 1.14-3ubuntu3
2022-08-09 19:10:13 status installed libxcb-xfixes0:amd64 1.14-3ubuntu3
2022-08-09 19:10:13 configure r-doc-html:all 4.2.1-1.2204.0 <none>
2022-08-09 19:10:13 status unpacked r-doc-html:all 4.2.1-1.2204.0
2022-08-09 19:10:13 status half-configured r-doc-html:all 4.2.1-1.2204.0
2022-08-09 19:10:13 status installed r-doc-html:all 4.2.1-1.2204.0
2022-08-09 19:10:13 configure libpcre16-3:amd64 2:8.39-13ubuntu0.22.04.1 <none>
2022-08-09 19:10:13 status unpacked libpcre16-3:amd64 2:8.39-13ubuntu0.22.04.1
2022-08-09 19:10:13 status half-configured libpcre16-3:amd64 2:8.39-13ubuntu0.22.04.1
2022-08-09 19:10:13 status installed libpcre16-3:amd64 2:8.39-13ubuntu0.22.04.1
2022-08-09 19:10:13 configure hicolor-icon-theme:all 0.17-2 <none>
2022-08-09 19:10:13 status unpacked hicolor-icon-theme:all 0.17-2
2022-08-09 19:10:13 status half-configured hicolor-icon-theme:all 0.17-2
2022-08-09 19:10:14 status installed hicolor-icon-theme:all 0.17-2
2022-08-09 19:10:14 configure tilix-common:all 1.9.4-2build1 <none>
2022-08-09 19:10:14 status unpacked tilix-common:all 1.9.4-2build1
2022-08-09 19:10:14 status half-configured tilix-common:all 1.9.4-2build1
2022-08-09 19:10:14 status installed tilix-common:all 1.9.4-2build1
2022-08-09 19:10:14 configure libxrender1:amd64 1:0.9.10-1build4 <none>
2022-08-09 19:10:14 status unpacked libxrender1:amd64 1:0.9.10-1build4
2022-08-09 19:10:14 status half-configured libxrender1:amd64 1:0.9.10-1build4
2022-08-09 19:10:14 status installed libxrender1:amd64 1:0.9.10-1build4
2022-08-09 19:10:14 configure libvte-2.91-common:amd64 0.68.0-1 <none>
2022-08-09 19:10:14 status unpacked libvte-2.91-common:amd64 0.68.0-1
2022-08-09 19:10:15 status half-configured libvte-2.91-common:amd64 0.68.0-1
2022-08-09 19:10:15 status installed libvte-2.91-common:amd64 0.68.0-1
2022-08-09 19:10:15 configure libdatrie1:amd64 0.2.13-2 <none>
2022-08-09 19:10:15 status unpacked libdatrie1:amd64 0.2.13-2
2022-08-09 19:10:15 status half-configured libdatrie1:amd64 0.2.13-2
2022-08-09 19:10:15 status installed libdatrie1:amd64 0.2.13-2
2022-08-09 19:10:16 configure libpng-tools:amd64 1.6.37-3build5 <none>
2022-08-09 19:10:16 status unpacked libpng-tools:amd64 1.6.37-3build5
2022-08-09 19:10:16 status half-configured libpng-tools:amd64 1.6.37-3build5
2022-08-09 19:10:16 status installed libpng-tools:amd64 1.6.37-3build5
2022-08-09 19:10:16 configure libxcb-render0:amd64 1.14-3ubuntu3 <none>
2022-08-09 19:10:16 status unpacked libxcb-render0:amd64 1.14-3ubuntu3
2022-08-09 19:10:16 status half-configured libxcb-render0:amd64 1.14-3ubuntu3
2022-08-09 19:10:16 status installed libxcb-render0:amd64 1.14-3ubuntu3
2022-08-09 19:10:16 configure libglvnd0:amd64 1.4.0-1 <none>
2022-08-09 19:10:16 status unpacked libglvnd0:amd64 1.4.0-1
2022-08-09 19:10:16 status half-configured libglvnd0:amd64 1.4.0-1
2022-08-09 19:10:17 status installed libglvnd0:amd64 1.4.0-1
2022-08-09 19:10:17 configure libxcb-glx0:amd64 1.14-3ubuntu3 <none>
2022-08-09 19:10:17 status unpacked libxcb-glx0:amd64 1.14-3ubuntu3
2022-08-09 19:10:17 status half-configured libxcb-glx0:amd64 1.14-3ubuntu3
2022-08-09 19:10:17 status installed libxcb-glx0:amd64 1.14-3ubuntu3
2022-08-09 19:10:17 configure unzip:amd64 6.0-26ubuntu3 <none>
2022-08-09 19:10:17 status unpacked unzip:amd64 6.0-26ubuntu3
2022-08-09 19:10:17 status half-configured unzip:amd64 6.0-26ubuntu3
2022-08-09 19:10:17 status installed unzip:amd64 6.0-26ubuntu3
2022-08-09 19:10:18 configure libedit2:amd64 3.1-20210910-1build1 <none>
2022-08-09 19:10:18 status unpacked libedit2:amd64 3.1-20210910-1build1
2022-08-09 19:10:18 status half-configured libedit2:amd64 3.1-20210910-1build1
2022-08-09 19:10:18 status installed libedit2:amd64 3.1-20210910-1build1
2022-08-09 19:10:18 configure libgdk-pixbuf2.0-common:all 2.42.8+dfsg-1 <none>
2022-08-09 19:10:18 status unpacked libgdk-pixbuf2.0-common:all 2.42.8+dfsg-1
2022-08-09 19:10:18 status half-configured libgdk-pixbuf2.0-common:all 2.42.8+dfsg-1
2022-08-09 19:10:18 status installed libgdk-pixbuf2.0-common:all 2.42.8+dfsg-1
2022-08-09 19:10:18 configure libpng-dev:amd64 1.6.37-3build5 <none>
2022-08-09 19:10:18 status unpacked libpng-dev:amd64 1.6.37-3build5
2022-08-09 19:10:18 status half-configured libpng-dev:amd64 1.6.37-3build5
2022-08-09 19:10:18 status installed libpng-dev:amd64 1.6.37-3build5
2022-08-09 19:10:18 configure libxcb-shape0:amd64 1.14-3ubuntu3 <none>
2022-08-09 19:10:18 status unpacked libxcb-shape0:amd64 1.14-3ubuntu3
2022-08-09 19:10:19 status half-configured libxcb-shape0:amd64 1.14-3ubuntu3
2022-08-09 19:10:19 status installed libxcb-shape0:amd64 1.14-3ubuntu3
2022-08-09 19:10:19 configure x11-common:all 1:7.7+23ubuntu2 <none>
2022-08-09 19:10:19 status unpacked x11-common:all 1:7.7+23ubuntu2
2022-08-09 19:10:22 status half-configured x11-common:all 1:7.7+23ubuntu2
2022-08-09 19:10:22 status installed x11-common:all 1:7.7+23ubuntu2
2022-08-09 19:10:23 configure libsensors-config:all 1:3.6.0-7ubuntu1 <none>
2022-08-09 19:10:23 status unpacked libsensors-config:all 1:3.6.0-7ubuntu1
2022-08-09 19:10:23 status half-configured libsensors-config:all 1:3.6.0-7ubuntu1
2022-08-09 19:10:23 status installed libsensors-config:all 1:3.6.0-7ubuntu1
2022-08-09 19:10:23 configure perl-openssl-defaults:amd64 5build2 <none>
2022-08-09 19:10:23 status unpacked perl-openssl-defaults:amd64 5build2
2022-08-09 19:10:23 status half-configured perl-openssl-defaults:amd64 5build2
2022-08-09 19:10:23 status installed perl-openssl-defaults:amd64 5build2
2022-08-09 19:10:23 configure libxext6:amd64 2:1.3.4-1build1 <none>
2022-08-09 19:10:23 status unpacked libxext6:amd64 2:1.3.4-1build1
2022-08-09 19:10:24 status half-configured libxext6:amd64 2:1.3.4-1build1
2022-08-09 19:10:24 status installed libxext6:amd64 2:1.3.4-1build1
2022-08-09 19:10:24 configure xkb-data:all 2.33-1 <none>
2022-08-09 19:10:24 status unpacked xkb-data:all 2.33-1
2022-08-09 19:10:24 status half-configured xkb-data:all 2.33-1
2022-08-09 19:10:24 status installed xkb-data:all 2.33-1
2022-08-09 19:10:24 configure libxcb-shm0:amd64 1.14-3ubuntu3 <none>
2022-08-09 19:10:24 status unpacked libxcb-shm0:amd64 1.14-3ubuntu3
2022-08-09 19:10:24 status half-configured libxcb-shm0:amd64 1.14-3ubuntu3
2022-08-09 19:10:24 status installed libxcb-shm0:amd64 1.14-3ubuntu3
2022-08-09 19:10:24 configure libpaper-utils:amd64 1.1.28build2 <none>
2022-08-09 19:10:24 status unpacked libpaper-utils:amd64 1.1.28build2
2022-08-09 19:10:25 status half-configured libpaper-utils:amd64 1.1.28build2
2022-08-09 19:10:25 status installed libpaper-utils:amd64 1.1.28build2
2022-08-09 19:10:25 configure libreadline-dev:amd64 8.1.2-1 <none>
2022-08-09 19:10:25 status unpacked libreadline-dev:amd64 8.1.2-1
2022-08-09 19:10:25 status half-configured libreadline-dev:amd64 8.1.2-1
2022-08-09 19:10:25 status installed libreadline-dev:amd64 8.1.2-1
2022-08-09 19:10:25 configure perl-modules-5.34:all 5.34.0-3ubuntu1 <none>
2022-08-09 19:10:25 status unpacked perl-modules-5.34:all 5.34.0-3ubuntu1
2022-08-09 19:10:26 status half-configured perl-modules-5.34:all 5.34.0-3ubuntu1
2022-08-09 19:10:26 status installed perl-modules-5.34:all 5.34.0-3ubuntu1
2022-08-09 19:10:26 configure bzip2:amd64 1.0.8-5build1 <none>
2022-08-09 19:10:26 status unpacked bzip2:amd64 1.0.8-5build1
2022-08-09 19:10:26 status half-configured bzip2:amd64 1.0.8-5build1
2022-08-09 19:10:26 status installed bzip2:amd64 1.0.8-5build1
2022-08-09 19:10:26 configure libcairo2:amd64 1.16.0-5ubuntu2 <none>
2022-08-09 19:10:26 status unpacked libcairo2:amd64 1.16.0-5ubuntu2
2022-08-09 19:10:26 status half-configured libcairo2:amd64 1.16.0-5ubuntu2
2022-08-09 19:10:26 status installed libcairo2:amd64 1.16.0-5ubuntu2
2022-08-09 19:10:26 configure libpcre2-16-0:amd64 10.39-3build1 <none>
2022-08-09 19:10:26 status unpacked libpcre2-16-0:amd64 10.39-3build1
2022-08-09 19:10:26 status half-configured libpcre2-16-0:amd64 10.39-3build1
2022-08-09 19:10:27 status installed libpcre2-16-0:amd64 10.39-3build1
2022-08-09 19:10:27 configure libcolord2:amd64 1.4.6-1 <none>
2022-08-09 19:10:27 status unpacked libcolord2:amd64 1.4.6-1
2022-08-09 19:10:27 status half-configured libcolord2:amd64 1.4.6-1
2022-08-09 19:10:27 status installed libcolord2:amd64 1.4.6-1
2022-08-09 19:10:27 configure libfakeroot:amd64 1.28-1ubuntu1 <none>
2022-08-09 19:10:27 status unpacked libfakeroot:amd64 1.28-1ubuntu1
2022-08-09 19:10:27 status half-configured libfakeroot:amd64 1.28-1ubuntu1
2022-08-09 19:10:27 status installed libfakeroot:amd64 1.28-1ubuntu1
2022-08-09 19:10:27 configure libxxf86vm1:amd64 1:1.1.4-1build3 <none>
2022-08-09 19:10:27 status unpacked libxxf86vm1:amd64 1:1.1.4-1build3
2022-08-09 19:10:28 status half-configured libxxf86vm1:amd64 1:1.1.4-1build3
2022-08-09 19:10:28 status installed libxxf86vm1:amd64 1:1.1.4-1build3
2022-08-09 19:10:28 configure tzdata:all 2022a-0ubuntu1 <none>
2022-08-09 19:10:28 status unpacked tzdata:all 2022a-0ubuntu1
2022-08-09 19:10:28 status half-configured tzdata:all 2022a-0ubuntu1
2022-08-09 19:11:29 status installed tzdata:all 2022a-0ubuntu1
2022-08-09 19:11:29 configure fakeroot:amd64 1.28-1ubuntu1 <none>
2022-08-09 19:11:29 status unpacked fakeroot:amd64 1.28-1ubuntu1
2022-08-09 19:11:29 status half-configured fakeroot:amd64 1.28-1ubuntu1
2022-08-09 19:11:29 status installed fakeroot:amd64 1.28-1ubuntu1
2022-08-09 19:11:29 configure libxcb-present0:amd64 1.14-3ubuntu3 <none>
2022-08-09 19:11:29 status unpacked libxcb-present0:amd64 1.14-3ubuntu3
2022-08-09 19:11:29 status half-configured libxcb-present0:amd64 1.14-3ubuntu3
2022-08-09 19:11:29 status installed libxcb-present0:amd64 1.14-3ubuntu3
2022-08-09 19:11:29 configure libdconf1:amd64 0.40.0-3 <none>
2022-08-09 19:11:29 status unpacked libdconf1:amd64 0.40.0-3
2022-08-09 19:11:29 status half-configured libdconf1:amd64 0.40.0-3
2022-08-09 19:11:29 status installed libdconf1:amd64 0.40.0-3
2022-08-09 19:11:29 configure dbus-user-session:amd64 1.12.20-2ubuntu4 <none>
2022-08-09 19:11:29 status unpacked dbus-user-session:amd64 1.12.20-2ubuntu4
2022-08-09 19:11:30 status half-configured dbus-user-session:amd64 1.12.20-2ubuntu4
2022-08-09 19:11:30 status installed dbus-user-session:amd64 1.12.20-2ubuntu4
2022-08-09 19:11:30 configure zip:amd64 3.0-12build2 <none>
2022-08-09 19:11:30 status unpacked zip:amd64 3.0-12build2
2022-08-09 19:11:30 status half-configured zip:amd64 3.0-12build2
2022-08-09 19:11:30 status installed zip:amd64 3.0-12build2
2022-08-09 19:11:30 configure libfontenc1:amd64 1:1.1.4-1build3 <none>
2022-08-09 19:11:30 status unpacked libfontenc1:amd64 1:1.1.4-1build3
2022-08-09 19:11:30 status half-configured libfontenc1:amd64 1:1.1.4-1build3
2022-08-09 19:11:30 status installed libfontenc1:amd64 1:1.1.4-1build3
2022-08-09 19:11:30 configure libpcre2-32-0:amd64 10.39-3build1 <none>
2022-08-09 19:11:30 status unpacked libpcre2-32-0:amd64 10.39-3build1
2022-08-09 19:11:30 status half-configured libpcre2-32-0:amd64 10.39-3build1
2022-08-09 19:11:30 status installed libpcre2-32-0:amd64 10.39-3build1
2022-08-09 19:11:31 configure libblas3:amd64 3.10.0-2ubuntu1 <none>
2022-08-09 19:11:31 status unpacked libblas3:amd64 3.10.0-2ubuntu1
2022-08-09 19:11:31 status half-configured libblas3:amd64 3.10.0-2ubuntu1
2022-08-09 19:11:31 status installed libblas3:amd64 3.10.0-2ubuntu1
2022-08-09 19:11:31 configure libllvm11:amd64 1:11.1.0-6 <none>
2022-08-09 19:11:31 status unpacked libllvm11:amd64 1:11.1.0-6
2022-08-09 19:11:31 status half-configured libllvm11:amd64 1:11.1.0-6
2022-08-09 19:11:31 status installed libllvm11:amd64 1:11.1.0-6
2022-08-09 19:11:31 configure libepoxy0:amd64 1.5.10-1 <none>
2022-08-09 19:11:31 status unpacked libepoxy0:amd64 1.5.10-1
2022-08-09 19:11:31 status half-configured libepoxy0:amd64 1.5.10-1
2022-08-09 19:11:31 status installed libepoxy0:amd64 1.5.10-1
2022-08-09 19:11:32 configure libxfixes3:amd64 1:6.0.0-1 <none>
2022-08-09 19:11:32 status unpacked libxfixes3:amd64 1:6.0.0-1
2022-08-09 19:11:32 status half-configured libxfixes3:amd64 1:6.0.0-1
2022-08-09 19:11:32 status installed libxfixes3:amd64 1:6.0.0-1
2022-08-09 19:11:32 configure libxcb-sync1:amd64 1.14-3ubuntu3 <none>
2022-08-09 19:11:32 status unpacked libxcb-sync1:amd64 1.14-3ubuntu3
2022-08-09 19:11:32 status half-configured libxcb-sync1:amd64 1.14-3ubuntu3
2022-08-09 19:11:32 status installed libxcb-sync1:amd64 1.14-3ubuntu3
2022-08-09 19:11:32 configure libavahi-common-data:amd64 0.8-5ubuntu5 <none>
2022-08-09 19:11:32 status unpacked libavahi-common-data:amd64 0.8-5ubuntu5
2022-08-09 19:11:33 status half-configured libavahi-common-data:amd64 0.8-5ubuntu5
2022-08-09 19:11:33 status installed libavahi-common-data:amd64 0.8-5ubuntu5
2022-08-09 19:11:33 configure libfribidi0:amd64 1.0.8-2ubuntu3.1 <none>
2022-08-09 19:11:33 status unpacked libfribidi0:amd64 1.0.8-2ubuntu3.1
2022-08-09 19:11:33 status half-configured libfribidi0:amd64 1.0.8-2ubuntu3.1
2022-08-09 19:11:33 status installed libfribidi0:amd64 1.0.8-2ubuntu3.1
2022-08-09 19:11:33 configure libxinerama1:amd64 2:1.1.4-3 <none>
2022-08-09 19:11:33 status unpacked libxinerama1:amd64 2:1.1.4-3
2022-08-09 19:11:33 status half-configured libxinerama1:amd64 2:1.1.4-3
2022-08-09 19:11:33 status installed libxinerama1:amd64 2:1.1.4-3
2022-08-09 19:11:34 configure libxv1:amd64 2:1.0.11-1build2 <none>
2022-08-09 19:11:34 status unpacked libxv1:amd64 2:1.0.11-1build2
2022-08-09 19:11:34 status half-configured libxv1:amd64 2:1.0.11-1build2
2022-08-09 19:11:34 status installed libxv1:amd64 2:1.0.11-1build2
2022-08-09 19:11:34 configure libpcre32-3:amd64 2:8.39-13ubuntu0.22.04.1 <none>
2022-08-09 19:11:34 status unpacked libpcre32-3:amd64 2:8.39-13ubuntu0.22.04.1
2022-08-09 19:11:34 status half-configured libpcre32-3:amd64 2:8.39-13ubuntu0.22.04.1
2022-08-09 19:11:34 status installed libpcre32-3:amd64 2:8.39-13ubuntu0.22.04.1
2022-08-09 19:11:34 configure libxrandr2:amd64 2:1.5.2-1build1 <none>
2022-08-09 19:11:34 status unpacked libxrandr2:amd64 2:1.5.2-1build1
2022-08-09 19:11:35 status half-configured libxrandr2:amd64 2:1.5.2-1build1
2022-08-09 19:11:35 status installed libxrandr2:amd64 2:1.5.2-1build1
2022-08-09 19:11:35 configure patch:amd64 2.7.6-7build2 <none>
2022-08-09 19:11:35 status unpacked patch:amd64 2.7.6-7build2
2022-08-09 19:11:35 status half-configured patch:amd64 2.7.6-7build2
2022-08-09 19:11:35 status installed patch:amd64 2.7.6-7build2
2022-08-09 19:11:35 configure libtcl8.6:amd64 8.6.12+dfsg-1build1 <none>
2022-08-09 19:11:35 status unpacked libtcl8.6:amd64 8.6.12+dfsg-1build1
2022-08-09 19:11:35 status half-configured libtcl8.6:amd64 8.6.12+dfsg-1build1
2022-08-09 19:11:35 status installed libtcl8.6:amd64 8.6.12+dfsg-1build1
2022-08-09 19:11:35 configure icu-devtools:amd64 70.1-2 <none>
2022-08-09 19:11:35 status unpacked icu-devtools:amd64 70.1-2
2022-08-09 19:11:36 status half-configured icu-devtools:amd64 70.1-2
2022-08-09 19:11:36 status installed icu-devtools:amd64 70.1-2
2022-08-09 19:11:36 configure libllvm13:amd64 1:13.0.1-2ubuntu2 <none>
2022-08-09 19:11:36 status unpacked libllvm13:amd64 1:13.0.1-2ubuntu2
2022-08-09 19:11:36 status half-configured libllvm13:amd64 1:13.0.1-2ubuntu2
2022-08-09 19:11:36 status installed libllvm13:amd64 1:13.0.1-2ubuntu2
2022-08-09 19:11:36 configure libsensors5:amd64 1:3.6.0-7ubuntu1 <none>
2022-08-09 19:11:36 status unpacked libsensors5:amd64 1:3.6.0-7ubuntu1
2022-08-09 19:11:36 status half-configured libsensors5:amd64 1:3.6.0-7ubuntu1
2022-08-09 19:11:36 status installed libsensors5:amd64 1:3.6.0-7ubuntu1
2022-08-09 19:11:36 configure libglapi-mesa:amd64 22.0.5-0ubuntu0.1 <none>
2022-08-09 19:11:36 status unpacked libglapi-mesa:amd64 22.0.5-0ubuntu0.1
2022-08-09 19:11:37 status half-configured libglapi-mesa:amd64 22.0.5-0ubuntu0.1
2022-08-09 19:11:37 status installed libglapi-mesa:amd64 22.0.5-0ubuntu0.1
2022-08-09 19:11:37 configure libgfortran5:amd64 12-20220319-1ubuntu1 <none>
2022-08-09 19:11:37 status unpacked libgfortran5:amd64 12-20220319-1ubuntu1
2022-08-09 19:11:37 status half-configured libgfortran5:amd64 12-20220319-1ubuntu1
2022-08-09 19:11:37 status installed libgfortran5:amd64 12-20220319-1ubuntu1
2022-08-09 19:11:37 configure libvulkan1:amd64 1.3.204.1-2 <none>
2022-08-09 19:11:37 status unpacked libvulkan1:amd64 1.3.204.1-2
2022-08-09 19:11:37 status half-configured libvulkan1:amd64 1.3.204.1-2
2022-08-09 19:11:37 status installed libvulkan1:amd64 1.3.204.1-2
2022-08-09 19:11:38 configure libstdc++-11-dev:amd64 11.2.0-19ubuntu1 <none>
2022-08-09 19:11:38 status unpacked libstdc++-11-dev:amd64 11.2.0-19ubuntu1
2022-08-09 19:11:38 status half-configured libstdc++-11-dev:amd64 11.2.0-19ubuntu1
2022-08-09 19:11:38 status installed libstdc++-11-dev:amd64 11.2.0-19ubuntu1
2022-08-09 19:11:38 configure liblzma-dev:amd64 5.2.5-2ubuntu1 <none>
2022-08-09 19:11:38 status unpacked liblzma-dev:amd64 5.2.5-2ubuntu1
2022-08-09 19:11:38 status half-configured liblzma-dev:amd64 5.2.5-2ubuntu1
2022-08-09 19:11:38 status installed liblzma-dev:amd64 5.2.5-2ubuntu1
2022-08-09 19:11:39 configure libxcb-dri2-0:amd64 1.14-3ubuntu3 <none>
2022-08-09 19:11:39 status unpacked libxcb-dri2-0:amd64 1.14-3ubuntu3
2022-08-09 19:11:39 status half-configured libxcb-dri2-0:amd64 1.14-3ubuntu3
2022-08-09 19:11:39 status installed libxcb-dri2-0:amd64 1.14-3ubuntu3
2022-08-09 19:11:39 configure libatk1.0-data:all 2.36.0-3build1 <none>
2022-08-09 19:11:39 status unpacked libatk1.0-data:all 2.36.0-3build1
2022-08-09 19:11:39 status half-configured libatk1.0-data:all 2.36.0-3build1
2022-08-09 19:11:39 status installed libatk1.0-data:all 2.36.0-3build1
2022-08-09 19:11:39 configure libpcre2-posix3:amd64 10.39-3build1 <none>
2022-08-09 19:11:39 status unpacked libpcre2-posix3:amd64 10.39-3build1
2022-08-09 19:11:39 status half-configured libpcre2-posix3:amd64 10.39-3build1
2022-08-09 19:11:39 status installed libpcre2-posix3:amd64 10.39-3build1
2022-08-09 19:11:40 configure libxshmfence1:amd64 1.3-1build4 <none>
2022-08-09 19:11:40 status unpacked libxshmfence1:amd64 1.3-1build4
2022-08-09 19:11:40 status half-configured libxshmfence1:amd64 1.3-1build4
2022-08-09 19:11:40 status installed libxshmfence1:amd64 1.3-1build4
2022-08-09 19:11:40 configure libxcb-randr0:amd64 1.14-3ubuntu3 <none>
2022-08-09 19:11:40 status unpacked libxcb-randr0:amd64 1.14-3ubuntu3
2022-08-09 19:11:40 status half-configured libxcb-randr0:amd64 1.14-3ubuntu3
2022-08-09 19:11:40 status installed libxcb-randr0:amd64 1.14-3ubuntu3
2022-08-09 19:11:40 configure libncurses5-dev:amd64 6.3-2 <none>
2022-08-09 19:11:40 status unpacked libncurses5-dev:amd64 6.3-2
2022-08-09 19:11:40 status half-configured libncurses5-dev:amd64 6.3-2
2022-08-09 19:11:41 status installed libncurses5-dev:amd64 6.3-2
2022-08-09 19:11:41 configure libcurl4:amd64 7.81.0-1ubuntu1.3 <none>
2022-08-09 19:11:41 status unpacked libcurl4:amd64 7.81.0-1ubuntu1.3
2022-08-09 19:11:41 status half-configured libcurl4:amd64 7.81.0-1ubuntu1.3
2022-08-09 19:11:41 status installed libcurl4:amd64 7.81.0-1ubuntu1.3
2022-08-09 19:11:41 configure libharfbuzz0b:amd64 2.7.4-1ubuntu3.1 <none>
2022-08-09 19:11:41 status unpacked libharfbuzz0b:amd64 2.7.4-1ubuntu3.1
2022-08-09 19:11:41 status half-configured libharfbuzz0b:amd64 2.7.4-1ubuntu3.1
2022-08-09 19:11:41 status installed libharfbuzz0b:amd64 2.7.4-1ubuntu3.1
2022-08-09 19:11:41 configure libthai-data:all 0.1.29-1build1 <none>
2022-08-09 19:11:41 status unpacked libthai-data:all 0.1.29-1build1
2022-08-09 19:11:42 status half-configured libthai-data:all 0.1.29-1build1
2022-08-09 19:11:42 status installed libthai-data:all 0.1.29-1build1
2022-08-09 19:11:42 configure libgdk-pixbuf-2.0-0:amd64 2.42.8+dfsg-1 <none>
2022-08-09 19:11:42 status unpacked libgdk-pixbuf-2.0-0:amd64 2.42.8+dfsg-1
2022-08-09 19:11:42 status half-configured libgdk-pixbuf-2.0-0:amd64 2.42.8+dfsg-1
2022-08-09 19:11:42 status installed libgdk-pixbuf-2.0-0:amd64 2.42.8+dfsg-1
2022-08-09 19:11:42 configure netbase:all 6.3 <none>
2022-08-09 19:11:42 status unpacked netbase:all 6.3
2022-08-09 19:11:43 status half-configured netbase:all 6.3
2022-08-09 19:11:43 status installed netbase:all 6.3
2022-08-09 19:11:43 configure libcairo-gobject2:amd64 1.16.0-5ubuntu2 <none>
2022-08-09 19:11:43 status unpacked libcairo-gobject2:amd64 1.16.0-5ubuntu2
2022-08-09 19:11:43 status half-configured libcairo-gobject2:amd64 1.16.0-5ubuntu2
2022-08-09 19:11:43 status installed libcairo-gobject2:amd64 1.16.0-5ubuntu2
2022-08-09 19:11:43 configure libatk1.0-0:amd64 2.36.0-3build1 <none>
2022-08-09 19:11:43 status unpacked libatk1.0-0:amd64 2.36.0-3build1
2022-08-09 19:11:43 status half-configured libatk1.0-0:amd64 2.36.0-3build1
2022-08-09 19:11:44 status installed libatk1.0-0:amd64 2.36.0-3build1
2022-08-09 19:11:44 configure libwayland-egl1:amd64 1.20.0-1 <none>
2022-08-09 19:11:44 status unpacked libwayland-egl1:amd64 1.20.0-1
2022-08-09 19:11:44 status half-configured libwayland-egl1:amd64 1.20.0-1
2022-08-09 19:11:44 status installed libwayland-egl1:amd64 1.20.0-1
2022-08-09 19:11:44 configure libxss1:amd64 1:1.2.3-1build2 <none>
2022-08-09 19:11:44 status unpacked libxss1:amd64 1:1.2.3-1build2
2022-08-09 19:11:44 status half-configured libxss1:amd64 1:1.2.3-1build2
2022-08-09 19:11:44 status installed libxss1:amd64 1:1.2.3-1build2
2022-08-09 19:11:45 configure libxkbfile1:amd64 1:1.1.0-1build3 <none>
2022-08-09 19:11:45 status unpacked libxkbfile1:amd64 1:1.1.0-1build3
2022-08-09 19:11:45 status half-configured libxkbfile1:amd64 1:1.1.0-1build3
2022-08-09 19:11:45 status installed libxkbfile1:amd64 1:1.1.0-1build3
2022-08-09 19:11:45 configure libjpeg8-dev:amd64 8c-2ubuntu10 <none>
2022-08-09 19:11:45 status unpacked libjpeg8-dev:amd64 8c-2ubuntu10
2022-08-09 19:11:45 status half-configured libjpeg8-dev:amd64 8c-2ubuntu10
2022-08-09 19:11:45 status installed libjpeg8-dev:amd64 8c-2ubuntu10
2022-08-09 19:11:45 configure libdrm-common:all 2.4.110-1ubuntu1 <none>
2022-08-09 19:11:45 status unpacked libdrm-common:all 2.4.110-1ubuntu1
2022-08-09 19:11:45 status half-configured libdrm-common:all 2.4.110-1ubuntu1
2022-08-09 19:11:45 status installed libdrm-common:all 2.4.110-1ubuntu1
2022-08-09 19:11:45 configure libxcomposite1:amd64 1:0.4.5-1build2 <none>
2022-08-09 19:11:45 status unpacked libxcomposite1:amd64 1:0.4.5-1build2
2022-08-09 19:11:46 status half-configured libxcomposite1:amd64 1:0.4.5-1build2
2022-08-09 19:11:46 status installed libxcomposite1:amd64 1:0.4.5-1build2
2022-08-09 19:11:46 configure libicu-dev:amd64 70.1-2 <none>
2022-08-09 19:11:46 status unpacked libicu-dev:amd64 70.1-2
2022-08-09 19:11:46 status half-configured libicu-dev:amd64 70.1-2
2022-08-09 19:11:46 status installed libicu-dev:amd64 70.1-2
2022-08-09 19:11:46 configure xdg-utils:all 1.1.3-4.1ubuntu1.22.04.1 <none>
2022-08-09 19:11:46 status unpacked xdg-utils:all 1.1.3-4.1ubuntu1.22.04.1
2022-08-09 19:11:46 status half-configured xdg-utils:all 1.1.3-4.1ubuntu1.22.04.1
2022-08-09 19:11:46 status installed xdg-utils:all 1.1.3-4.1ubuntu1.22.04.1
2022-08-09 19:11:47 configure libxmuu1:amd64 2:1.1.3-3 <none>
2022-08-09 19:11:47 status unpacked libxmuu1:amd64 2:1.1.3-3
2022-08-09 19:11:47 status half-configured libxmuu1:amd64 2:1.1.3-3
2022-08-09 19:11:47 status installed libxmuu1:amd64 2:1.1.3-3
2022-08-09 19:11:48 configure liblocale-gettext-perl:amd64 1.07-4build3 <none>
2022-08-09 19:11:48 status unpacked liblocale-gettext-perl:amd64 1.07-4build3
2022-08-09 19:11:48 status half-configured liblocale-gettext-perl:amd64 1.07-4build3
2022-08-09 19:11:48 status installed liblocale-gettext-perl:amd64 1.07-4build3
2022-08-09 19:11:48 configure libblas-dev:amd64 3.10.0-2ubuntu1 <none>
2022-08-09 19:11:48 status unpacked libblas-dev:amd64 3.10.0-2ubuntu1
2022-08-09 19:11:48 status half-configured libblas-dev:amd64 3.10.0-2ubuntu1
2022-08-09 19:11:48 status installed libblas-dev:amd64 3.10.0-2ubuntu1
2022-08-09 19:11:48 configure libgdbm6:amd64 1.23-1 <none>
2022-08-09 19:11:48 status unpacked libgdbm6:amd64 1.23-1
2022-08-09 19:11:49 status half-configured libgdbm6:amd64 1.23-1
2022-08-09 19:11:49 status installed libgdbm6:amd64 1.23-1
2022-08-09 19:11:49 configure libbz2-dev:amd64 1.0.8-5build1 <none>
2022-08-09 19:11:49 status unpacked libbz2-dev:amd64 1.0.8-5build1
2022-08-09 19:11:49 status half-configured libbz2-dev:amd64 1.0.8-5build1
2022-08-09 19:11:49 status installed libbz2-dev:amd64 1.0.8-5build1
2022-08-09 19:11:49 configure libxkbcommon0:amd64 1.4.0-1 <none>
2022-08-09 19:11:49 status unpacked libxkbcommon0:amd64 1.4.0-1
2022-08-09 19:11:49 status half-configured libxkbcommon0:amd64 1.4.0-1
2022-08-09 19:11:49 status installed libxkbcommon0:amd64 1.4.0-1
2022-08-09 19:11:49 configure libwayland-client0:amd64 1.20.0-1 <none>
2022-08-09 19:11:49 status unpacked libwayland-client0:amd64 1.20.0-1
2022-08-09 19:11:50 status half-configured libwayland-client0:amd64 1.20.0-1
2022-08-09 19:11:50 status installed libwayland-client0:amd64 1.20.0-1
2022-08-09 19:11:50 configure gtk-update-icon-cache:amd64 3.24.33-1ubuntu2 <none>
2022-08-09 19:11:50 status unpacked gtk-update-icon-cache:amd64 3.24.33-1ubuntu2
2022-08-09 19:11:50 status half-configured gtk-update-icon-cache:amd64 3.24.33-1ubuntu2
2022-08-09 19:11:50 status installed gtk-update-icon-cache:amd64 3.24.33-1ubuntu2
2022-08-09 19:11:50 configure libice6:amd64 2:1.0.10-1build2 <none>
2022-08-09 19:11:50 status unpacked libice6:amd64 2:1.0.10-1build2
2022-08-09 19:11:50 status half-configured libice6:amd64 2:1.0.10-1build2
2022-08-09 19:11:50 status installed libice6:amd64 2:1.0.10-1build2
2022-08-09 19:11:51 configure liblapack3:amd64 3.10.0-2ubuntu1 <none>
2022-08-09 19:11:51 status unpacked liblapack3:amd64 3.10.0-2ubuntu1
2022-08-09 19:11:51 status half-configured liblapack3:amd64 3.10.0-2ubuntu1
2022-08-09 19:11:51 status installed liblapack3:amd64 3.10.0-2ubuntu1
2022-08-09 19:11:51 configure libxft2:amd64 2.3.4-1 <none>
2022-08-09 19:11:51 status unpacked libxft2:amd64 2.3.4-1
2022-08-09 19:11:51 status half-configured libxft2:amd64 2.3.4-1
2022-08-09 19:11:51 status installed libxft2:amd64 2.3.4-1
2022-08-09 19:11:51 configure libphobos2-ldc-shared98:amd64 1:1.28.0-1ubuntu1 <none>
2022-08-09 19:11:51 status unpacked libphobos2-ldc-shared98:amd64 1:1.28.0-1ubuntu1
2022-08-09 19:11:52 status half-configured libphobos2-ldc-shared98:amd64 1:1.28.0-1ubuntu1
2022-08-09 19:11:52 status installed libphobos2-ldc-shared98:amd64 1:1.28.0-1ubuntu1
2022-08-09 19:11:52 configure libpcre2-dev:amd64 10.39-3build1 <none>
2022-08-09 19:11:52 status unpacked libpcre2-dev:amd64 10.39-3build1
2022-08-09 19:11:52 status half-configured libpcre2-dev:amd64 10.39-3build1
2022-08-09 19:11:52 status installed libpcre2-dev:amd64 10.39-3build1
2022-08-09 19:11:52 configure libxi6:amd64 2:1.8-1build1 <none>
2022-08-09 19:11:52 status unpacked libxi6:amd64 2:1.8-1build1
2022-08-09 19:11:52 status half-configured libxi6:amd64 2:1.8-1build1
2022-08-09 19:11:52 status installed libxi6:amd64 2:1.8-1build1
2022-08-09 19:11:53 configure g++-11:amd64 11.2.0-19ubuntu1 <none>
2022-08-09 19:11:53 status unpacked g++-11:amd64 11.2.0-19ubuntu1
2022-08-09 19:11:53 status half-configured g++-11:amd64 11.2.0-19ubuntu1
2022-08-09 19:11:53 status installed g++-11:amd64 11.2.0-19ubuntu1
2022-08-09 19:11:53 configure libpcre3-dev:amd64 2:8.39-13ubuntu0.22.04.1 <none>
2022-08-09 19:11:53 status unpacked libpcre3-dev:amd64 2:8.39-13ubuntu0.22.04.1
2022-08-09 19:11:53 status half-configured libpcre3-dev:amd64 2:8.39-13ubuntu0.22.04.1
2022-08-09 19:11:53 status installed libpcre3-dev:amd64 2:8.39-13ubuntu0.22.04.1
2022-08-09 19:11:53 configure libgfortran-11-dev:amd64 11.2.0-19ubuntu1 <none>
2022-08-09 19:11:53 status unpacked libgfortran-11-dev:amd64 11.2.0-19ubuntu1
2022-08-09 19:11:53 status half-configured libgfortran-11-dev:amd64 11.2.0-19ubuntu1
2022-08-09 19:11:54 status installed libgfortran-11-dev:amd64 11.2.0-19ubuntu1
2022-08-09 19:11:54 configure libxtst6:amd64 2:1.2.3-1build4 <none>
2022-08-09 19:11:54 status unpacked libxtst6:amd64 2:1.2.3-1build4
2022-08-09 19:11:54 status half-configured libxtst6:amd64 2:1.2.3-1build4
2022-08-09 19:11:54 status installed libxtst6:amd64 2:1.2.3-1build4
2022-08-09 19:11:54 configure libtk8.6:amd64 8.6.12-1build1 <none>
2022-08-09 19:11:54 status unpacked libtk8.6:amd64 8.6.12-1build1
2022-08-09 19:11:54 status half-configured libtk8.6:amd64 8.6.12-1build1
2022-08-09 19:11:54 status installed libtk8.6:amd64 8.6.12-1build1
2022-08-09 19:11:54 configure libxcursor1:amd64 1:1.2.0-2build4 <none>
2022-08-09 19:11:54 status unpacked libxcursor1:amd64 1:1.2.0-2build4
2022-08-09 19:11:55 status half-configured libxcursor1:amd64 1:1.2.0-2build4
2022-08-09 19:11:55 status installed libxcursor1:amd64 1:1.2.0-2build4
2022-08-09 19:11:55 configure libavahi-common3:amd64 0.8-5ubuntu5 <none>
2022-08-09 19:11:55 status unpacked libavahi-common3:amd64 0.8-5ubuntu5
2022-08-09 19:11:55 status half-configured libavahi-common3:amd64 0.8-5ubuntu5
2022-08-09 19:11:55 status installed libavahi-common3:amd64 0.8-5ubuntu5
2022-08-09 19:11:55 configure libjpeg-dev:amd64 8c-2ubuntu10 <none>
2022-08-09 19:11:55 status unpacked libjpeg-dev:amd64 8c-2ubuntu10
2022-08-09 19:11:55 status half-configured libjpeg-dev:amd64 8c-2ubuntu10
2022-08-09 19:11:55 status installed libjpeg-dev:amd64 8c-2ubuntu10
2022-08-09 19:11:56 configure libxxf86dga1:amd64 2:1.1.5-0ubuntu3 <none>
2022-08-09 19:11:56 status unpacked libxxf86dga1:amd64 2:1.1.5-0ubuntu3
2022-08-09 19:11:56 status half-configured libxxf86dga1:amd64 2:1.1.5-0ubuntu3
2022-08-09 19:11:56 status installed libxxf86dga1:amd64 2:1.1.5-0ubuntu3
2022-08-09 19:11:56 configure dconf-service:amd64 0.40.0-3 <none>
2022-08-09 19:11:56 status unpacked dconf-service:amd64 0.40.0-3
2022-08-09 19:11:56 status half-configured dconf-service:amd64 0.40.0-3
2022-08-09 19:11:56 status installed dconf-service:amd64 0.40.0-3
2022-08-09 19:11:56 configure libatspi2.0-0:amd64 2.44.0-3 <none>
2022-08-09 19:11:56 status unpacked libatspi2.0-0:amd64 2.44.0-3
2022-08-09 19:11:56 status half-configured libatspi2.0-0:amd64 2.44.0-3
2022-08-09 19:11:57 status installed libatspi2.0-0:amd64 2.44.0-3
2022-08-09 19:11:57 configure libatk-bridge2.0-0:amd64 2.38.0-3 <none>
2022-08-09 19:11:57 status unpacked libatk-bridge2.0-0:amd64 2.38.0-3
2022-08-09 19:11:57 status half-configured libatk-bridge2.0-0:amd64 2.38.0-3
2022-08-09 19:11:57 status installed libatk-bridge2.0-0:amd64 2.38.0-3
2022-08-09 19:11:57 configure libthai0:amd64 0.1.29-1build1 <none>
2022-08-09 19:11:57 status unpacked libthai0:amd64 0.1.29-1build1
2022-08-09 19:11:57 status half-configured libthai0:amd64 0.1.29-1build1
2022-08-09 19:11:57 status installed libthai0:amd64 0.1.29-1build1
2022-08-09 19:11:57 configure liblapack-dev:amd64 3.10.0-2ubuntu1 <none>
2022-08-09 19:11:57 status unpacked liblapack-dev:amd64 3.10.0-2ubuntu1
2022-08-09 19:11:58 status half-configured liblapack-dev:amd64 3.10.0-2ubuntu1
2022-08-09 19:11:58 status installed liblapack-dev:amd64 3.10.0-2ubuntu1
2022-08-09 19:11:58 configure libgdbm-compat4:amd64 1.23-1 <none>
2022-08-09 19:11:58 status unpacked libgdbm-compat4:amd64 1.23-1
2022-08-09 19:11:58 status half-configured libgdbm-compat4:amd64 1.23-1
2022-08-09 19:11:58 status installed libgdbm-compat4:amd64 1.23-1
2022-08-09 19:11:58 configure gfortran-11:amd64 11.2.0-19ubuntu1 <none>
2022-08-09 19:11:58 status unpacked gfortran-11:amd64 11.2.0-19ubuntu1
2022-08-09 19:11:58 status half-configured gfortran-11:amd64 11.2.0-19ubuntu1
2022-08-09 19:11:59 status installed gfortran-11:amd64 11.2.0-19ubuntu1
2022-08-09 19:11:59 configure libdrm2:amd64 2.4.110-1ubuntu1 <none>
2022-08-09 19:11:59 status unpacked libdrm2:amd64 2.4.110-1ubuntu1
2022-08-09 19:11:59 status half-configured libdrm2:amd64 2.4.110-1ubuntu1
2022-08-09 19:11:59 status installed libdrm2:amd64 2.4.110-1ubuntu1
2022-08-09 19:11:59 configure g++:amd64 4:11.2.0-1ubuntu1 <none>
2022-08-09 19:11:59 status unpacked g++:amd64 4:11.2.0-1ubuntu1
2022-08-09 19:11:59 status half-configured g++:amd64 4:11.2.0-1ubuntu1
2022-08-09 19:11:59 status installed g++:amd64 4:11.2.0-1ubuntu1
2022-08-09 19:11:59 configure xauth:amd64 1:1.1-1build2 <none>
2022-08-09 19:11:59 status unpacked xauth:amd64 1:1.1-1build2
2022-08-09 19:12:00 status half-configured xauth:amd64 1:1.1-1build2
2022-08-09 19:12:00 status installed xauth:amd64 1:1.1-1build2
2022-08-09 19:12:00 configure libgdk-pixbuf2.0-bin:amd64 2.42.8+dfsg-1 <none>
2022-08-09 19:12:00 status unpacked libgdk-pixbuf2.0-bin:amd64 2.42.8+dfsg-1
2022-08-09 19:12:00 status half-configured libgdk-pixbuf2.0-bin:amd64 2.42.8+dfsg-1
2022-08-09 19:12:00 status installed libgdk-pixbuf2.0-bin:amd64 2.42.8+dfsg-1
2022-08-09 19:12:00 configure libwayland-cursor0:amd64 1.20.0-1 <none>
2022-08-09 19:12:00 status unpacked libwayland-cursor0:amd64 1.20.0-1
2022-08-09 19:12:00 status half-configured libwayland-cursor0:amd64 1.20.0-1
2022-08-09 19:12:00 status installed libwayland-cursor0:amd64 1.20.0-1
2022-08-09 19:12:01 configure libsm6:amd64 2:1.2.3-1build2 <none>
2022-08-09 19:12:01 status unpacked libsm6:amd64 2:1.2.3-1build2
2022-08-09 19:12:01 status half-configured libsm6:amd64 2:1.2.3-1build2
2022-08-09 19:12:01 status installed libsm6:amd64 2:1.2.3-1build2
2022-08-09 19:12:01 configure libavahi-client3:amd64 0.8-5ubuntu5 <none>
2022-08-09 19:12:01 status unpacked libavahi-client3:amd64 0.8-5ubuntu5
2022-08-09 19:12:01 status half-configured libavahi-client3:amd64 0.8-5ubuntu5
2022-08-09 19:12:01 status installed libavahi-client3:amd64 0.8-5ubuntu5
2022-08-09 19:12:01 configure libdrm-amdgpu1:amd64 2.4.110-1ubuntu1 <none>
2022-08-09 19:12:01 status unpacked libdrm-amdgpu1:amd64 2.4.110-1ubuntu1
2022-08-09 19:12:02 status half-configured libdrm-amdgpu1:amd64 2.4.110-1ubuntu1
2022-08-09 19:12:02 status installed libdrm-amdgpu1:amd64 2.4.110-1ubuntu1
2022-08-09 19:12:02 configure mesa-vulkan-drivers:amd64 22.0.5-0ubuntu0.1 <none>
2022-08-09 19:12:02 status unpacked mesa-vulkan-drivers:amd64 22.0.5-0ubuntu0.1
2022-08-09 19:12:02 status half-configured mesa-vulkan-drivers:amd64 22.0.5-0ubuntu0.1
2022-08-09 19:12:02 status installed mesa-vulkan-drivers:amd64 22.0.5-0ubuntu0.1
2022-08-09 19:12:02 configure libperl5.34:amd64 5.34.0-3ubuntu1 <none>
2022-08-09 19:12:02 status unpacked libperl5.34:amd64 5.34.0-3ubuntu1
2022-08-09 19:12:02 status half-configured libperl5.34:amd64 5.34.0-3ubuntu1
2022-08-09 19:12:02 status installed libperl5.34:amd64 5.34.0-3ubuntu1
2022-08-09 19:12:02 configure libdrm-nouveau2:amd64 2.4.110-1ubuntu1 <none>
2022-08-09 19:12:02 status unpacked libdrm-nouveau2:amd64 2.4.110-1ubuntu1
2022-08-09 19:12:03 status half-configured libdrm-nouveau2:amd64 2.4.110-1ubuntu1
2022-08-09 19:12:03 status installed libdrm-nouveau2:amd64 2.4.110-1ubuntu1
2022-08-09 19:12:03 configure dconf-gsettings-backend:amd64 0.40.0-3 <none>
2022-08-09 19:12:03 status unpacked dconf-gsettings-backend:amd64 0.40.0-3
2022-08-09 19:12:03 status half-configured dconf-gsettings-backend:amd64 0.40.0-3
2022-08-09 19:12:03 status installed dconf-gsettings-backend:amd64 0.40.0-3
2022-08-09 19:12:03 configure libdrm-radeon1:amd64 2.4.110-1ubuntu1 <none>
2022-08-09 19:12:03 status unpacked libdrm-radeon1:amd64 2.4.110-1ubuntu1
2022-08-09 19:12:03 status half-configured libdrm-radeon1:amd64 2.4.110-1ubuntu1
2022-08-09 19:12:03 status installed libdrm-radeon1:amd64 2.4.110-1ubuntu1
2022-08-09 19:12:04 configure libpango-1.0-0:amd64 1.50.6+ds-2 <none>
2022-08-09 19:12:04 status unpacked libpango-1.0-0:amd64 1.50.6+ds-2
2022-08-09 19:12:04 status half-configured libpango-1.0-0:amd64 1.50.6+ds-2
2022-08-09 19:12:04 status installed libpango-1.0-0:amd64 1.50.6+ds-2
2022-08-09 19:12:04 configure libdrm-intel1:amd64 2.4.110-1ubuntu1 <none>
2022-08-09 19:12:04 status unpacked libdrm-intel1:amd64 2.4.110-1ubuntu1
2022-08-09 19:12:04 status half-configured libdrm-intel1:amd64 2.4.110-1ubuntu1
2022-08-09 19:12:04 status installed libdrm-intel1:amd64 2.4.110-1ubuntu1
2022-08-09 19:12:05 configure libgl1-mesa-dri:amd64 22.0.5-0ubuntu0.1 <none>
2022-08-09 19:12:05 status unpacked libgl1-mesa-dri:amd64 22.0.5-0ubuntu0.1
2022-08-09 19:12:09 status half-configured libgl1-mesa-dri:amd64 22.0.5-0ubuntu0.1
2022-08-09 19:12:12 status installed libgl1-mesa-dri:amd64 22.0.5-0ubuntu0.1
2022-08-09 19:12:16 configure gfortran:amd64 4:11.2.0-1ubuntu1 <none>
2022-08-09 19:12:16 status unpacked gfortran:amd64 4:11.2.0-1ubuntu1
2022-08-09 19:12:20 status half-configured gfortran:amd64 4:11.2.0-1ubuntu1
2022-08-09 19:12:29 status installed gfortran:amd64 4:11.2.0-1ubuntu1
2022-08-09 19:12:32 configure perl:amd64 5.34.0-3ubuntu1 <none>
2022-08-09 19:12:32 status unpacked perl:amd64 5.34.0-3ubuntu1
2022-08-09 19:12:39 status half-configured perl:amd64 5.34.0-3ubuntu1
2022-08-09 19:12:42 status installed perl:amd64 5.34.0-3ubuntu1
2022-08-09 19:12:46 configure libdata-dump-perl:all 1.25-1 <none>
2022-08-09 19:12:46 status unpacked libdata-dump-perl:all 1.25-1
2022-08-09 19:12:50 status half-configured libdata-dump-perl:all 1.25-1
2022-08-09 19:12:54 status installed libdata-dump-perl:all 1.25-1
2022-08-09 19:12:57 configure libipc-system-simple-perl:all 1.30-1 <none>
2022-08-09 19:12:57 status unpacked libipc-system-simple-perl:all 1.30-1
2022-08-09 19:13:01 status half-configured libipc-system-simple-perl:all 1.30-1
2022-08-09 19:13:04 status installed libipc-system-simple-perl:all 1.30-1
2022-08-09 19:13:08 configure libxml-xpathengine-perl:all 0.14-1 <none>
2022-08-09 19:13:08 status unpacked libxml-xpathengine-perl:all 0.14-1
2022-08-09 19:13:11 status half-configured libxml-xpathengine-perl:all 0.14-1
2022-08-09 19:13:15 status installed libxml-xpathengine-perl:all 0.14-1
2022-08-09 19:13:19 configure libio-html-perl:all 1.004-2 <none>
2022-08-09 19:13:19 status unpacked libio-html-perl:all 1.004-2
2022-08-09 19:13:23 status half-configured libio-html-perl:all 1.004-2
2022-08-09 19:13:25 status installed libio-html-perl:all 1.004-2
2022-08-09 19:13:30 configure libxt6:amd64 1:1.2.1-1 <none>
2022-08-09 19:13:30 status unpacked libxt6:amd64 1:1.2.1-1
2022-08-09 19:13:34 status half-configured libxt6:amd64 1:1.2.1-1
2022-08-09 19:13:38 status installed libxt6:amd64 1:1.2.1-1
2022-08-09 19:13:42 configure libdpkg-perl:all 1.21.1ubuntu2.1 <none>
2022-08-09 19:13:42 status unpacked libdpkg-perl:all 1.21.1ubuntu2.1
2022-08-09 19:13:46 status half-configured libdpkg-perl:all 1.21.1ubuntu2.1
2022-08-09 19:13:49 status installed libdpkg-perl:all 1.21.1ubuntu2.1
2022-08-09 19:13:51 configure libtimedate-perl:all 2.3300-2 <none>
2022-08-09 19:13:51 status unpacked libtimedate-perl:all 2.3300-2
2022-08-09 19:13:51 status half-configured libtimedate-perl:all 2.3300-2
2022-08-09 19:13:51 status installed libtimedate-perl:all 2.3300-2
2022-08-09 19:13:52 configure libcups2:amd64 2.4.1op1-1ubuntu4.1 <none>
2022-08-09 19:13:52 status unpacked libcups2:amd64 2.4.1op1-1ubuntu4.1
2022-08-09 19:13:52 status half-configured libcups2:amd64 2.4.1op1-1ubuntu4.1
2022-08-09 19:13:52 status installed libcups2:amd64 2.4.1op1-1ubuntu4.1
2022-08-09 19:13:52 configure libpangoft2-1.0-0:amd64 1.50.6+ds-2 <none>
2022-08-09 19:13:52 status unpacked libpangoft2-1.0-0:amd64 1.50.6+ds-2
2022-08-09 19:13:52 status half-configured libpangoft2-1.0-0:amd64 1.50.6+ds-2
2022-08-09 19:13:52 status installed libpangoft2-1.0-0:amd64 1.50.6+ds-2
2022-08-09 19:13:52 configure liburi-perl:all 5.10-1 <none>
2022-08-09 19:13:52 status unpacked liburi-perl:all 5.10-1
2022-08-09 19:13:53 status half-configured liburi-perl:all 5.10-1
2022-08-09 19:13:53 status installed liburi-perl:all 5.10-1
2022-08-09 19:13:53 configure libx11-protocol-perl:all 0.56-7.1 <none>
2022-08-09 19:13:53 status unpacked libx11-protocol-perl:all 0.56-7.1
2022-08-09 19:13:53 status half-configured libx11-protocol-perl:all 0.56-7.1
2022-08-09 19:13:53 status installed libx11-protocol-perl:all 0.56-7.1
2022-08-09 19:13:53 configure libgtk-3-common:all 3.24.33-1ubuntu2 <none>
2022-08-09 19:13:53 status unpacked libgtk-3-common:all 3.24.33-1ubuntu2
2022-08-09 19:13:59 status half-configured libgtk-3-common:all 3.24.33-1ubuntu2
2022-08-09 19:13:59 status triggers-awaited libgtk-3-common:all 3.24.33-1ubuntu2
2022-08-09 19:13:59 configure libpangocairo-1.0-0:amd64 1.50.6+ds-2 <none>
2022-08-09 19:13:59 status unpacked libpangocairo-1.0-0:amd64 1.50.6+ds-2
2022-08-09 19:13:59 status half-configured libpangocairo-1.0-0:amd64 1.50.6+ds-2
2022-08-09 19:14:00 status installed libpangocairo-1.0-0:amd64 1.50.6+ds-2
2022-08-09 19:14:00 configure libnet-ssleay-perl:amd64 1.92-1build2 <none>
2022-08-09 19:14:00 status unpacked libnet-ssleay-perl:amd64 1.92-1build2
2022-08-09 19:14:00 status half-configured libnet-ssleay-perl:amd64 1.92-1build2
2022-08-09 19:14:00 status installed libnet-ssleay-perl:amd64 1.92-1build2
2022-08-09 19:14:00 configure gsettings-desktop-schemas:all 42.0-1ubuntu1 <none>
2022-08-09 19:14:00 status unpacked gsettings-desktop-schemas:all 42.0-1ubuntu1
2022-08-09 19:14:00 status half-configured gsettings-desktop-schemas:all 42.0-1ubuntu1
2022-08-09 19:14:00 status triggers-awaited gsettings-desktop-schemas:all 42.0-1ubuntu1
2022-08-09 19:14:00 configure libgl1-amber-dri:amd64 21.3.7-0ubuntu1 <none>
2022-08-09 19:14:00 status unpacked libgl1-amber-dri:amd64 21.3.7-0ubuntu1
2022-08-09 19:14:01 status half-configured libgl1-amber-dri:amd64 21.3.7-0ubuntu1
2022-08-09 19:14:01 status installed libgl1-amber-dri:amd64 21.3.7-0ubuntu1
2022-08-09 19:14:01 configure libhttp-date-perl:all 6.05-1 <none>
2022-08-09 19:14:01 status unpacked libhttp-date-perl:all 6.05-1
2022-08-09 19:14:01 status half-configured libhttp-date-perl:all 6.05-1
2022-08-09 19:14:01 status installed libhttp-date-perl:all 6.05-1
2022-08-09 19:14:01 configure libxmu6:amd64 2:1.1.3-3 <none>
2022-08-09 19:14:01 status unpacked libxmu6:amd64 2:1.1.3-3
2022-08-09 19:14:01 status half-configured libxmu6:amd64 2:1.1.3-3
2022-08-09 19:14:01 status installed libxmu6:amd64 2:1.1.3-3
2022-08-09 19:14:01 configure libfile-basedir-perl:all 0.09-1 <none>
2022-08-09 19:14:01 status unpacked libfile-basedir-perl:all 0.09-1
2022-08-09 19:14:02 status half-configured libfile-basedir-perl:all 0.09-1
2022-08-09 19:14:02 status installed libfile-basedir-perl:all 0.09-1
2022-08-09 19:14:02 configure libtie-ixhash-perl:all 1.23-2.1 <none>
2022-08-09 19:14:02 status unpacked libtie-ixhash-perl:all 1.23-2.1
2022-08-09 19:14:02 status half-configured libtie-ixhash-perl:all 1.23-2.1
2022-08-09 19:14:02 status installed libtie-ixhash-perl:all 1.23-2.1
2022-08-09 19:14:02 configure libglx-mesa0:amd64 22.0.5-0ubuntu0.1 <none>
2022-08-09 19:14:02 status unpacked libglx-mesa0:amd64 22.0.5-0ubuntu0.1
2022-08-09 19:14:02 status half-configured libglx-mesa0:amd64 22.0.5-0ubuntu0.1
2022-08-09 19:14:02 status installed libglx-mesa0:amd64 22.0.5-0ubuntu0.1
2022-08-09 19:14:03 configure libfile-listing-perl:all 6.14-1 <none>
2022-08-09 19:14:03 status unpacked libfile-listing-perl:all 6.14-1
2022-08-09 19:14:03 status half-configured libfile-listing-perl:all 6.14-1
2022-08-09 19:14:03 status installed libfile-listing-perl:all 6.14-1
2022-08-09 19:14:03 configure libglx0:amd64 1.4.0-1 <none>
2022-08-09 19:14:03 status unpacked libglx0:amd64 1.4.0-1
2022-08-09 19:14:03 status half-configured libglx0:amd64 1.4.0-1
2022-08-09 19:14:03 status installed libglx0:amd64 1.4.0-1
2022-08-09 19:14:04 configure libfont-afm-perl:all 1.20-3 <none>
2022-08-09 19:14:04 status unpacked libfont-afm-perl:all 1.20-3
2022-08-09 19:14:04 status half-configured libfont-afm-perl:all 1.20-3
2022-08-09 19:14:04 status installed libfont-afm-perl:all 1.20-3
2022-08-09 19:14:04 configure libfile-fcntllock-perl:amd64 0.22-3build7 <none>
2022-08-09 19:14:04 status unpacked libfile-fcntllock-perl:amd64 0.22-3build7
2022-08-09 19:14:04 status half-configured libfile-fcntllock-perl:amd64 0.22-3build7
2022-08-09 19:14:04 status installed libfile-fcntllock-perl:amd64 0.22-3build7
2022-08-09 19:14:04 configure libclone-perl:amd64 0.45-1build3 <none>
2022-08-09 19:14:04 status unpacked libclone-perl:amd64 0.45-1build3
2022-08-09 19:14:04 status half-configured libclone-perl:amd64 0.45-1build3
2022-08-09 19:14:04 status installed libclone-perl:amd64 0.45-1build3
2022-08-09 19:14:05 configure libalgorithm-diff-perl:all 1.201-1 <none>
2022-08-09 19:14:05 status unpacked libalgorithm-diff-perl:all 1.201-1
2022-08-09 19:14:05 status half-configured libalgorithm-diff-perl:all 1.201-1
2022-08-09 19:14:05 status installed libalgorithm-diff-perl:all 1.201-1
2022-08-09 19:14:05 configure libio-stringy-perl:all 2.111-3 <none>
2022-08-09 19:14:05 status unpacked libio-stringy-perl:all 2.111-3
2022-08-09 19:14:05 status half-configured libio-stringy-perl:all 2.111-3
2022-08-09 19:14:05 status installed libio-stringy-perl:all 2.111-3
2022-08-09 19:14:05 configure libhtml-tagset-perl:all 3.20-4 <none>
2022-08-09 19:14:05 status unpacked libhtml-tagset-perl:all 3.20-4
2022-08-09 19:14:05 status half-configured libhtml-tagset-perl:all 3.20-4
2022-08-09 19:14:05 status installed libhtml-tagset-perl:all 3.20-4
2022-08-09 19:14:06 configure libauthen-sasl-perl:all 2.1600-1.1 <none>
2022-08-09 19:14:06 status unpacked libauthen-sasl-perl:all 2.1600-1.1
2022-08-09 19:14:06 status half-configured libauthen-sasl-perl:all 2.1600-1.1
2022-08-09 19:14:06 status installed libauthen-sasl-perl:all 2.1600-1.1
2022-08-09 19:14:06 configure liblwp-mediatypes-perl:all 6.04-1 <none>
2022-08-09 19:14:06 status unpacked liblwp-mediatypes-perl:all 6.04-1
2022-08-09 19:14:06 status half-configured liblwp-mediatypes-perl:all 6.04-1
2022-08-09 19:14:06 status installed liblwp-mediatypes-perl:all 6.04-1
2022-08-09 19:14:06 configure libtry-tiny-perl:all 0.31-1 <none>
2022-08-09 19:14:06 status unpacked libtry-tiny-perl:all 0.31-1
2022-08-09 19:14:06 status half-configured libtry-tiny-perl:all 0.31-1
2022-08-09 19:14:07 status installed libtry-tiny-perl:all 0.31-1
2022-08-09 19:14:07 configure libnet-http-perl:all 6.22-1 <none>
2022-08-09 19:14:07 status unpacked libnet-http-perl:all 6.22-1
2022-08-09 19:14:07 status half-configured libnet-http-perl:all 6.22-1
2022-08-09 19:14:07 status installed libnet-http-perl:all 6.22-1
2022-08-09 19:14:07 configure libencode-locale-perl:all 1.05-1.1 <none>
2022-08-09 19:14:07 status unpacked libencode-locale-perl:all 1.05-1.1
2022-08-09 19:14:07 status half-configured libencode-locale-perl:all 1.05-1.1
2022-08-09 19:14:07 status installed libencode-locale-perl:all 1.05-1.1
2022-08-09 19:14:07 configure libxaw7:amd64 2:1.0.14-1 <none>
2022-08-09 19:14:07 status unpacked libxaw7:amd64 2:1.0.14-1
2022-08-09 19:14:08 status half-configured libxaw7:amd64 2:1.0.14-1
2022-08-09 19:14:08 status installed libxaw7:amd64 2:1.0.14-1
2022-08-09 19:14:08 configure x11-xserver-utils:amd64 7.7+9build1 <none>
2022-08-09 19:14:08 status unpacked x11-xserver-utils:amd64 7.7+9build1
2022-08-09 19:14:08 status half-configured x11-xserver-utils:amd64 7.7+9build1
2022-08-09 19:14:08 status installed x11-xserver-utils:amd64 7.7+9build1
2022-08-09 19:14:08 configure dpkg-dev:all 1.21.1ubuntu2.1 <none>
2022-08-09 19:14:08 status unpacked dpkg-dev:all 1.21.1ubuntu2.1
2022-08-09 19:14:09 status half-configured dpkg-dev:all 1.21.1ubuntu2.1
2022-08-09 19:14:09 status installed dpkg-dev:all 1.21.1ubuntu2.1
2022-08-09 19:14:09 configure librsvg2-2:amd64 2.52.5+dfsg-3 <none>
2022-08-09 19:14:09 status unpacked librsvg2-2:amd64 2.52.5+dfsg-3
2022-08-09 19:14:09 status half-configured librsvg2-2:amd64 2.52.5+dfsg-3
2022-08-09 19:14:09 status installed librsvg2-2:amd64 2.52.5+dfsg-3
2022-08-09 19:14:09 configure libgl1:amd64 1.4.0-1 <none>
2022-08-09 19:14:09 status unpacked libgl1:amd64 1.4.0-1
2022-08-09 19:14:09 status half-configured libgl1:amd64 1.4.0-1
2022-08-09 19:14:09 status installed libgl1:amd64 1.4.0-1
2022-08-09 19:14:10 configure r-base-core:amd64 4.2.1-1.2204.0 <none>
2022-08-09 19:14:10 status unpacked r-base-core:amd64 4.2.1-1.2204.0
2022-08-09 19:14:11 status half-configured r-base-core:amd64 4.2.1-1.2204.0
2022-08-09 19:14:11 status installed r-base-core:amd64 4.2.1-1.2204.0
2022-08-09 19:14:11 configure pkg-config:amd64 0.29.2-1ubuntu3 <none>
2022-08-09 19:14:11 status unpacked pkg-config:amd64 0.29.2-1ubuntu3
2022-08-09 19:14:11 status half-configured pkg-config:amd64 0.29.2-1ubuntu3
2022-08-09 19:14:11 status installed pkg-config:amd64 0.29.2-1ubuntu3
2022-08-09 19:14:11 configure librsvg2-common:amd64 2.52.5+dfsg-3 <none>
2022-08-09 19:14:11 status unpacked librsvg2-common:amd64 2.52.5+dfsg-3
2022-08-09 19:14:12 status half-configured librsvg2-common:amd64 2.52.5+dfsg-3
2022-08-09 19:14:12 status installed librsvg2-common:amd64 2.52.5+dfsg-3
2022-08-09 19:14:12 status triggers-pending libgdk-pixbuf-2.0-0:amd64 2.42.8+dfsg-1
2022-08-09 19:14:12 configure r-cran-lattice:amd64 0.20-45-3.2204.0 <none>
2022-08-09 19:14:12 status unpacked r-cran-lattice:amd64 0.20-45-3.2204.0
2022-08-09 19:14:12 status half-configured r-cran-lattice:amd64 0.20-45-3.2204.0
2022-08-09 19:14:12 status installed r-cran-lattice:amd64 0.20-45-3.2204.0
2022-08-09 19:14:12 configure r-cran-nlme:amd64 3.1.157-1.2204.0 <none>
2022-08-09 19:14:12 status unpacked r-cran-nlme:amd64 3.1.157-1.2204.0
2022-08-09 19:14:13 status half-configured r-cran-nlme:amd64 3.1.157-1.2204.0
2022-08-09 19:14:13 status installed r-cran-nlme:amd64 3.1.157-1.2204.0
2022-08-09 19:14:13 configure libfile-desktopentry-perl:all 0.22-2 <none>
2022-08-09 19:14:13 status unpacked libfile-desktopentry-perl:all 0.22-2
2022-08-09 19:14:13 status half-configured libfile-desktopentry-perl:all 0.22-2
2022-08-09 19:14:13 status installed libfile-desktopentry-perl:all 0.22-2
2022-08-09 19:14:13 configure libwww-robotrules-perl:all 6.02-1 <none>
2022-08-09 19:14:13 status unpacked libwww-robotrules-perl:all 6.02-1
2022-08-09 19:14:14 status half-configured libwww-robotrules-perl:all 6.02-1
2022-08-09 19:14:14 status installed libwww-robotrules-perl:all 6.02-1
2022-08-09 19:14:14 configure libhtml-parser-perl:amd64 3.76-1build2 <none>
2022-08-09 19:14:14 status unpacked libhtml-parser-perl:amd64 3.76-1build2
2022-08-09 19:14:14 status half-configured libhtml-parser-perl:amd64 3.76-1build2
2022-08-09 19:14:14 status installed libhtml-parser-perl:amd64 3.76-1build2
2022-08-09 19:14:14 configure r-cran-cluster:amd64 2.1.3-1.2204.0 <none>
2022-08-09 19:14:14 status unpacked r-cran-cluster:amd64 2.1.3-1.2204.0
2022-08-09 19:14:14 status half-configured r-cran-cluster:amd64 2.1.3-1.2204.0
2022-08-09 19:14:14 status installed r-cran-cluster:amd64 2.1.3-1.2204.0
2022-08-09 19:14:14 configure x11-utils:amd64 7.7+5build2 <none>
2022-08-09 19:14:14 status unpacked x11-utils:amd64 7.7+5build2
2022-08-09 19:14:15 status half-configured x11-utils:amd64 7.7+5build2
2022-08-09 19:14:16 status installed x11-utils:amd64 7.7+5build2
2022-08-09 19:14:16 configure build-essential:amd64 12.9ubuntu3 <none>
2022-08-09 19:14:16 status unpacked build-essential:amd64 12.9ubuntu3
2022-08-09 19:14:16 status half-configured build-essential:amd64 12.9ubuntu3
2022-08-09 19:14:16 status installed build-essential:amd64 12.9ubuntu3
2022-08-09 19:14:16 configure r-cran-nnet:amd64 7.3-17-1.2204.0 <none>
2022-08-09 19:14:16 status unpacked r-cran-nnet:amd64 7.3-17-1.2204.0
2022-08-09 19:14:16 status half-configured r-cran-nnet:amd64 7.3-17-1.2204.0
2022-08-09 19:14:16 status installed r-cran-nnet:amd64 7.3-17-1.2204.0
2022-08-09 19:14:16 configure libalgorithm-diff-xs-perl:amd64 0.04-6build3 <none>
2022-08-09 19:14:16 status unpacked libalgorithm-diff-xs-perl:amd64 0.04-6build3
2022-08-09 19:14:17 status half-configured libalgorithm-diff-xs-perl:amd64 0.04-6build3
2022-08-09 19:14:17 status installed libalgorithm-diff-xs-perl:amd64 0.04-6build3
2022-08-09 19:14:17 configure libio-socket-ssl-perl:all 2.074-2 <none>
2022-08-09 19:14:17 status unpacked libio-socket-ssl-perl:all 2.074-2
2022-08-09 19:14:17 status half-configured libio-socket-ssl-perl:all 2.074-2
2022-08-09 19:14:17 status installed libio-socket-ssl-perl:all 2.074-2
2022-08-09 19:14:17 configure libalgorithm-merge-perl:all 0.08-3 <none>
2022-08-09 19:14:17 status unpacked libalgorithm-merge-perl:all 0.08-3
2022-08-09 19:14:17 status half-configured libalgorithm-merge-perl:all 0.08-3
2022-08-09 19:14:18 status installed libalgorithm-merge-perl:all 0.08-3
2022-08-09 19:14:18 configure libhttp-message-perl:all 6.36-1 <none>
2022-08-09 19:14:18 status unpacked libhttp-message-perl:all 6.36-1
2022-08-09 19:14:18 status half-configured libhttp-message-perl:all 6.36-1
2022-08-09 19:14:18 status installed libhttp-message-perl:all 6.36-1
2022-08-09 19:14:18 configure libhtml-form-perl:all 6.07-1 <none>
2022-08-09 19:14:18 status unpacked libhtml-form-perl:all 6.07-1
2022-08-09 19:14:18 status half-configured libhtml-form-perl:all 6.07-1
2022-08-09 19:14:18 status installed libhtml-form-perl:all 6.07-1
2022-08-09 19:14:18 configure libfile-mimeinfo-perl:all 0.31-1 <none>
2022-08-09 19:14:18 status unpacked libfile-mimeinfo-perl:all 0.31-1
2022-08-09 19:14:18 status half-configured libfile-mimeinfo-perl:all 0.31-1
2022-08-09 19:14:19 status installed libfile-mimeinfo-perl:all 0.31-1
2022-08-09 19:14:19 configure r-cran-codetools:all 0.2-18-1.2204.0 <none>
2022-08-09 19:14:19 status unpacked r-cran-codetools:all 0.2-18-1.2204.0
2022-08-09 19:14:19 status half-configured r-cran-codetools:all 0.2-18-1.2204.0
2022-08-09 19:14:19 status installed r-cran-codetools:all 0.2-18-1.2204.0
2022-08-09 19:14:19 configure r-cran-boot:all 1.3-28-2.2204.0 <none>
2022-08-09 19:14:19 status unpacked r-cran-boot:all 1.3-28-2.2204.0
2022-08-09 19:14:19 status half-configured r-cran-boot:all 1.3-28-2.2204.0
2022-08-09 19:14:19 status installed r-cran-boot:all 1.3-28-2.2204.0
2022-08-09 19:14:19 configure libhttp-negotiate-perl:all 6.01-1 <none>
2022-08-09 19:14:19 status unpacked libhttp-negotiate-perl:all 6.01-1
2022-08-09 19:14:20 status half-configured libhttp-negotiate-perl:all 6.01-1
2022-08-09 19:14:20 status installed libhttp-negotiate-perl:all 6.01-1
2022-08-09 19:14:20 configure r-base-dev:all 4.2.1-1.2204.0 <none>
2022-08-09 19:14:20 status unpacked r-base-dev:all 4.2.1-1.2204.0
2022-08-09 19:14:20 status half-configured r-base-dev:all 4.2.1-1.2204.0
2022-08-09 19:14:20 status installed r-base-dev:all 4.2.1-1.2204.0
2022-08-09 19:14:20 configure libhttp-cookies-perl:all 6.10-1 <none>
2022-08-09 19:14:20 status unpacked libhttp-cookies-perl:all 6.10-1
2022-08-09 19:14:21 status half-configured libhttp-cookies-perl:all 6.10-1
2022-08-09 19:14:21 status installed libhttp-cookies-perl:all 6.10-1
2022-08-09 19:14:21 configure r-cran-spatial:amd64 7.3-15-1.2204.0 <none>
2022-08-09 19:14:21 status unpacked r-cran-spatial:amd64 7.3-15-1.2204.0
2022-08-09 19:14:21 status half-configured r-cran-spatial:amd64 7.3-15-1.2204.0
2022-08-09 19:14:21 status installed r-cran-spatial:amd64 7.3-15-1.2204.0
2022-08-09 19:14:21 configure libhtml-tree-perl:all 5.07-2 <none>
2022-08-09 19:14:21 status unpacked libhtml-tree-perl:all 5.07-2
2022-08-09 19:14:21 status half-configured libhtml-tree-perl:all 5.07-2
2022-08-09 19:14:21 status installed libhtml-tree-perl:all 5.07-2
2022-08-09 19:14:21 configure r-cran-mass:amd64 7.3-58-1.2204.0 <none>
2022-08-09 19:14:21 status unpacked r-cran-mass:amd64 7.3-58-1.2204.0
2022-08-09 19:14:21 status half-configured r-cran-mass:amd64 7.3-58-1.2204.0
2022-08-09 19:14:22 status installed r-cran-mass:amd64 7.3-58-1.2204.0
2022-08-09 19:14:22 configure libhtml-format-perl:all 2.12-1.1 <none>
2022-08-09 19:14:22 status unpacked libhtml-format-perl:all 2.12-1.1
2022-08-09 19:14:22 status half-configured libhtml-format-perl:all 2.12-1.1
2022-08-09 19:14:22 status installed libhtml-format-perl:all 2.12-1.1
2022-08-09 19:14:22 configure r-cran-foreign:amd64 0.8.82-1.2204.0 <none>
2022-08-09 19:14:22 status unpacked r-cran-foreign:amd64 0.8.82-1.2204.0
2022-08-09 19:14:22 status half-configured r-cran-foreign:amd64 0.8.82-1.2204.0
2022-08-09 19:14:22 status installed r-cran-foreign:amd64 0.8.82-1.2204.0
2022-08-09 19:14:22 configure r-base-html:all 4.2.1-1.2204.0 <none>
2022-08-09 19:14:22 status unpacked r-base-html:all 4.2.1-1.2204.0
2022-08-09 19:14:22 status half-configured r-base-html:all 4.2.1-1.2204.0
2022-08-09 19:14:23 status installed r-base-html:all 4.2.1-1.2204.0
2022-08-09 19:14:23 configure libnet-smtp-ssl-perl:all 1.04-1 <none>
2022-08-09 19:14:23 status unpacked libnet-smtp-ssl-perl:all 1.04-1
2022-08-09 19:14:23 status half-configured libnet-smtp-ssl-perl:all 1.04-1
2022-08-09 19:14:23 status installed libnet-smtp-ssl-perl:all 1.04-1
2022-08-09 19:14:23 configure libmailtools-perl:all 2.21-1 <none>
2022-08-09 19:14:23 status unpacked libmailtools-perl:all 2.21-1
2022-08-09 19:14:23 status half-configured libmailtools-perl:all 2.21-1
2022-08-09 19:14:23 status installed libmailtools-perl:all 2.21-1
2022-08-09 19:14:24 configure r-cran-matrix:amd64 1.4-1-1.2204.0 <none>
2022-08-09 19:14:24 status unpacked r-cran-matrix:amd64 1.4-1-1.2204.0
2022-08-09 19:14:24 status half-configured r-cran-matrix:amd64 1.4-1-1.2204.0
2022-08-09 19:14:24 status installed r-cran-matrix:amd64 1.4-1-1.2204.0
2022-08-09 19:14:24 configure r-cran-kernsmooth:amd64 2.23-20-1.2204.0 <none>
2022-08-09 19:14:24 status unpacked r-cran-kernsmooth:amd64 2.23-20-1.2204.0
2022-08-09 19:14:24 status half-configured r-cran-kernsmooth:amd64 2.23-20-1.2204.0
2022-08-09 19:14:24 status installed r-cran-kernsmooth:amd64 2.23-20-1.2204.0
2022-08-09 19:14:24 configure r-cran-mgcv:amd64 1.8-40-1.2204.0 <none>
2022-08-09 19:14:24 status unpacked r-cran-mgcv:amd64 1.8-40-1.2204.0
2022-08-09 19:14:24 status half-configured r-cran-mgcv:amd64 1.8-40-1.2204.0
2022-08-09 19:14:25 status installed r-cran-mgcv:amd64 1.8-40-1.2204.0
2022-08-09 19:14:25 configure libhttp-daemon-perl:all 6.13-1ubuntu0.1 <none>
2022-08-09 19:14:25 status unpacked libhttp-daemon-perl:all 6.13-1ubuntu0.1
2022-08-09 19:14:25 status half-configured libhttp-daemon-perl:all 6.13-1ubuntu0.1
2022-08-09 19:14:25 status installed libhttp-daemon-perl:all 6.13-1ubuntu0.1
2022-08-09 19:14:25 configure r-cran-class:amd64 7.3-20-1.2204.0 <none>
2022-08-09 19:14:25 status unpacked r-cran-class:amd64 7.3-20-1.2204.0
2022-08-09 19:14:25 status half-configured r-cran-class:amd64 7.3-20-1.2204.0
2022-08-09 19:14:25 status installed r-cran-class:amd64 7.3-20-1.2204.0
2022-08-09 19:14:25 configure r-cran-survival:amd64 3.3-1-1.2204.0 <none>
2022-08-09 19:14:25 status unpacked r-cran-survival:amd64 3.3-1-1.2204.0
2022-08-09 19:14:26 status half-configured r-cran-survival:amd64 3.3-1-1.2204.0
2022-08-09 19:14:26 status installed r-cran-survival:amd64 3.3-1-1.2204.0
2022-08-09 19:14:26 configure r-cran-rpart:amd64 4.1.16-1.2204.0 <none>
2022-08-09 19:14:26 status unpacked r-cran-rpart:amd64 4.1.16-1.2204.0
2022-08-09 19:14:26 status half-configured r-cran-rpart:amd64 4.1.16-1.2204.0
2022-08-09 19:14:26 status installed r-cran-rpart:amd64 4.1.16-1.2204.0
2022-08-09 19:14:26 configure r-recommended:all 4.2.1-1.2204.0 <none>
2022-08-09 19:14:26 status unpacked r-recommended:all 4.2.1-1.2204.0
2022-08-09 19:14:26 status half-configured r-recommended:all 4.2.1-1.2204.0
2022-08-09 19:14:26 status installed r-recommended:all 4.2.1-1.2204.0
2022-08-09 19:14:26 configure r-base:all 4.2.1-1.2204.0 <none>
2022-08-09 19:14:26 status unpacked r-base:all 4.2.1-1.2204.0
2022-08-09 19:14:27 status half-configured r-base:all 4.2.1-1.2204.0
2022-08-09 19:14:27 status installed r-base:all 4.2.1-1.2204.0
2022-08-09 19:14:27 configure libwww-perl:all 6.61-1 <none>
2022-08-09 19:14:27 status unpacked libwww-perl:all 6.61-1
2022-08-09 19:14:27 status half-configured libwww-perl:all 6.61-1
2022-08-09 19:14:27 status installed libwww-perl:all 6.61-1
2022-08-09 19:14:27 configure adwaita-icon-theme:all 41.0-1ubuntu1 <none>
2022-08-09 19:14:27 status unpacked adwaita-icon-theme:all 41.0-1ubuntu1
2022-08-09 19:14:28 status half-configured adwaita-icon-theme:all 41.0-1ubuntu1
2022-08-09 19:14:28 status installed adwaita-icon-theme:all 41.0-1ubuntu1
2022-08-09 19:14:28 configure liblwp-protocol-https-perl:all 6.10-1 <none>
2022-08-09 19:14:28 status unpacked liblwp-protocol-https-perl:all 6.10-1
2022-08-09 19:14:28 status half-configured liblwp-protocol-https-perl:all 6.10-1
2022-08-09 19:14:28 status installed liblwp-protocol-https-perl:all 6.10-1
2022-08-09 19:14:28 configure libxml-parser-perl:amd64 2.46-3build1 <none>
2022-08-09 19:14:28 status unpacked libxml-parser-perl:amd64 2.46-3build1
2022-08-09 19:14:28 status half-configured libxml-parser-perl:amd64 2.46-3build1
2022-08-09 19:14:28 status installed libxml-parser-perl:amd64 2.46-3build1
2022-08-09 19:14:28 configure libxml-twig-perl:all 1:3.52-1 <none>
2022-08-09 19:14:28 status unpacked libxml-twig-perl:all 1:3.52-1
2022-08-09 19:14:28 status half-configured libxml-twig-perl:all 1:3.52-1
2022-08-09 19:14:28 status installed libxml-twig-perl:all 1:3.52-1
2022-08-09 19:14:28 configure libnet-dbus-perl:amd64 1.2.0-1build3 <none>
2022-08-09 19:14:28 status unpacked libnet-dbus-perl:amd64 1.2.0-1build3
2022-08-09 19:14:29 status half-configured libnet-dbus-perl:amd64 1.2.0-1build3
2022-08-09 19:14:29 status installed libnet-dbus-perl:amd64 1.2.0-1build3
2022-08-09 19:14:29 configure humanity-icon-theme:all 0.6.16 <none>
2022-08-09 19:14:29 status unpacked humanity-icon-theme:all 0.6.16
2022-08-09 19:14:29 status half-configured humanity-icon-theme:all 0.6.16
2022-08-09 19:14:29 status installed humanity-icon-theme:all 0.6.16
2022-08-09 19:14:29 configure ubuntu-mono:all 20.10-0ubuntu2 <none>
2022-08-09 19:14:29 status unpacked ubuntu-mono:all 20.10-0ubuntu2
2022-08-09 19:14:29 status half-configured ubuntu-mono:all 20.10-0ubuntu2
2022-08-09 19:14:30 status installed ubuntu-mono:all 20.10-0ubuntu2
2022-08-09 19:14:30 trigproc libglib2.0-0:amd64 2.72.1-1 <none>
2022-08-09 19:14:30 status half-configured libglib2.0-0:amd64 2.72.1-1
2022-08-09 19:14:31 status installed libgtk-3-common:all 3.24.33-1ubuntu2
2022-08-09 19:14:32 status installed gsettings-desktop-schemas:all 42.0-1ubuntu1
2022-08-09 19:14:32 status installed libglib2.0-0:amd64 2.72.1-1
2022-08-09 19:14:33 configure libgtk-3-0:amd64 3.24.33-1ubuntu2 <none>
2022-08-09 19:14:33 status unpacked libgtk-3-0:amd64 3.24.33-1ubuntu2
2022-08-09 19:14:34 status half-configured libgtk-3-0:amd64 3.24.33-1ubuntu2
2022-08-09 19:14:34 status installed libgtk-3-0:amd64 3.24.33-1ubuntu2
2022-08-09 19:14:34 trigproc libc-bin:amd64 2.35-0ubuntu3 <none>
2022-08-09 19:14:34 status half-configured libc-bin:amd64 2.35-0ubuntu3
2022-08-09 19:14:34 status installed libc-bin:amd64 2.35-0ubuntu3
2022-08-09 19:14:34 configure libgtk-3-bin:amd64 3.24.33-1ubuntu2 <none>
2022-08-09 19:14:34 status unpacked libgtk-3-bin:amd64 3.24.33-1ubuntu2
2022-08-09 19:14:35 status half-configured libgtk-3-bin:amd64 3.24.33-1ubuntu2
2022-08-09 19:14:35 status installed libgtk-3-bin:amd64 3.24.33-1ubuntu2
2022-08-09 19:14:35 configure libvte-2.91-0:amd64 0.68.0-1 <none>
2022-08-09 19:14:35 status triggers-pending libc-bin:amd64 2.35-0ubuntu3
2022-08-09 19:14:35 status unpacked libvte-2.91-0:amd64 0.68.0-1
2022-08-09 19:14:35 status half-configured libvte-2.91-0:amd64 0.68.0-1
2022-08-09 19:14:35 status installed libvte-2.91-0:amd64 0.68.0-1
2022-08-09 19:14:35 configure libvted-3-0:amd64 3.10.0-1ubuntu1 <none>
2022-08-09 19:14:35 status unpacked libvted-3-0:amd64 3.10.0-1ubuntu1
2022-08-09 19:14:36 status half-configured libvted-3-0:amd64 3.10.0-1ubuntu1
2022-08-09 19:14:36 status installed libvted-3-0:amd64 3.10.0-1ubuntu1
2022-08-09 19:14:36 configure at-spi2-core:amd64 2.44.0-3 <none>
2022-08-09 19:14:36 status unpacked at-spi2-core:amd64 2.44.0-3
2022-08-09 19:14:36 status half-configured at-spi2-core:amd64 2.44.0-3
2022-08-09 19:14:36 status installed at-spi2-core:amd64 2.44.0-3
2022-08-09 19:14:37 configure libgtkd-3-0:amd64 3.10.0-1ubuntu1 <none>
2022-08-09 19:14:37 status unpacked libgtkd-3-0:amd64 3.10.0-1ubuntu1
2022-08-09 19:14:37 status half-configured libgtkd-3-0:amd64 3.10.0-1ubuntu1
2022-08-09 19:14:37 status installed libgtkd-3-0:amd64 3.10.0-1ubuntu1
2022-08-09 19:14:37 configure tilix:amd64 1.9.4-2build1 <none>
2022-08-09 19:14:37 status unpacked tilix:amd64 1.9.4-2build1
2022-08-09 19:14:37 status half-configured tilix:amd64 1.9.4-2build1
2022-08-09 19:14:37 status installed tilix:amd64 1.9.4-2build1
2022-08-09 19:14:37 trigproc libgdk-pixbuf-2.0-0:amd64 2.42.8+dfsg-1 <none>
2022-08-09 19:14:37 status half-configured libgdk-pixbuf-2.0-0:amd64 2.42.8+dfsg-1
2022-08-09 19:14:38 status installed libgdk-pixbuf-2.0-0:amd64 2.42.8+dfsg-1
2022-08-09 19:14:38 trigproc libc-bin:amd64 2.35-0ubuntu3 <none>
2022-08-09 19:14:38 status half-configured libc-bin:amd64 2.35-0ubuntu3
2022-08-09 19:14:38 status installed libc-bin:amd64 2.35-0ubuntu3
2022-08-10 01:06:23 startup packages remove
2022-08-10 01:06:23 status installed r-base-dev:all 4.2.1-1.2204.0
2022-08-10 01:06:23 remove r-base-dev:all 4.2.1-1.2204.0 <none>
2022-08-10 01:06:23 status half-configured r-base-dev:all 4.2.1-1.2204.0
2022-08-10 01:06:23 status half-installed r-base-dev:all 4.2.1-1.2204.0
2022-08-10 01:06:23 status config-files r-base-dev:all 4.2.1-1.2204.0
2022-08-10 01:06:23 status not-installed r-base-dev:all <none>
2022-08-10 01:06:23 status installed build-essential:amd64 12.9ubuntu3
2022-08-10 01:06:24 remove build-essential:amd64 12.9ubuntu3 <none>
2022-08-10 01:06:24 status half-configured build-essential:amd64 12.9ubuntu3
2022-08-10 01:06:24 status half-installed build-essential:amd64 12.9ubuntu3
2022-08-10 01:06:24 status config-files build-essential:amd64 12.9ubuntu3
2022-08-10 01:06:24 status not-installed build-essential:amd64 <none>
2022-08-10 01:06:24 status installed dpkg-dev:all 1.21.1ubuntu2.1
2022-08-10 01:06:24 remove dpkg-dev:all 1.21.1ubuntu2.1 <none>
2022-08-10 01:06:24 status half-configured dpkg-dev:all 1.21.1ubuntu2.1
2022-08-10 01:06:24 status half-installed dpkg-dev:all 1.21.1ubuntu2.1
2022-08-10 01:06:25 status config-files dpkg-dev:all 1.21.1ubuntu2.1
2022-08-10 01:06:25 status installed g++:amd64 4:11.2.0-1ubuntu1
2022-08-10 01:06:25 remove g++:amd64 4:11.2.0-1ubuntu1 <none>
2022-08-10 01:06:25 status half-configured g++:amd64 4:11.2.0-1ubuntu1
2022-08-10 01:06:25 status half-installed g++:amd64 4:11.2.0-1ubuntu1
2022-08-10 01:06:25 status config-files g++:amd64 4:11.2.0-1ubuntu1
2022-08-10 01:06:26 status not-installed g++:amd64 <none>
2022-08-10 01:06:26 status installed g++-11:amd64 11.2.0-19ubuntu1
2022-08-10 01:06:26 remove g++-11:amd64 11.2.0-19ubuntu1 <none>
2022-08-10 01:06:26 status half-configured g++-11:amd64 11.2.0-19ubuntu1
2022-08-10 01:06:26 status half-installed g++-11:amd64 11.2.0-19ubuntu1
2022-08-10 01:06:26 status config-files g++-11:amd64 11.2.0-19ubuntu1
2022-08-10 01:06:27 status not-installed g++-11:amd64 <none>
2022-08-10 01:06:27 status installed gcc-11:amd64 11.2.0-19ubuntu1
2022-08-10 01:06:27 status installed binutils:amd64 2.38-3ubuntu1
2022-08-10 01:06:28 status installed binutils-x86-64-linux-gnu:amd64 2.38-3ubuntu1
2022-08-10 01:06:28 status installed libctf0:amd64 2.38-3ubuntu1
2022-08-10 01:06:28 status installed libbinutils:amd64 2.38-3ubuntu1
2022-08-10 01:06:28 status installed binutils-common:amd64 2.38-3ubuntu1
2022-08-10 01:06:28 status installed bzip2:amd64 1.0.8-5build1
2022-08-10 01:06:28 remove bzip2:amd64 1.0.8-5build1 <none>
2022-08-10 01:06:28 status half-configured bzip2:amd64 1.0.8-5build1
2022-08-10 01:06:28 status half-installed bzip2:amd64 1.0.8-5build1
2022-08-10 01:06:29 status config-files bzip2:amd64 1.0.8-5build1
2022-08-10 01:06:29 status not-installed bzip2:amd64 <none>
2022-08-10 01:06:29 status installed bzip2-doc:all 1.0.8-5build1
2022-08-10 01:06:30 remove bzip2-doc:all 1.0.8-5build1 <none>
2022-08-10 01:06:30 status half-configured bzip2-doc:all 1.0.8-5build1
2022-08-10 01:06:30 status half-installed bzip2-doc:all 1.0.8-5build1
2022-08-10 01:06:30 status config-files bzip2-doc:all 1.0.8-5build1
2022-08-10 01:06:31 status not-installed bzip2-doc:all <none>
2022-08-10 01:06:31 status installed fakeroot:amd64 1.28-1ubuntu1
2022-08-10 01:06:31 remove fakeroot:amd64 1.28-1ubuntu1 <none>
2022-08-10 01:06:31 status half-configured fakeroot:amd64 1.28-1ubuntu1
2022-08-10 01:06:31 status half-installed fakeroot:amd64 1.28-1ubuntu1
2022-08-10 01:06:32 status config-files fakeroot:amd64 1.28-1ubuntu1
2022-08-10 01:06:32 status not-installed fakeroot:amd64 <none>
2022-08-10 01:06:32 status installed gfortran:amd64 4:11.2.0-1ubuntu1
2022-08-10 01:06:33 remove gfortran:amd64 4:11.2.0-1ubuntu1 <none>
2022-08-10 01:06:33 status half-configured gfortran:amd64 4:11.2.0-1ubuntu1
2022-08-10 01:06:33 status half-installed gfortran:amd64 4:11.2.0-1ubuntu1
2022-08-10 01:06:33 status config-files gfortran:amd64 4:11.2.0-1ubuntu1
2022-08-10 01:06:34 status not-installed gfortran:amd64 <none>
2022-08-10 01:06:34 status installed gcc:amd64 4:11.2.0-1ubuntu1
2022-08-10 01:06:34 remove gcc:amd64 4:11.2.0-1ubuntu1 <none>
2022-08-10 01:06:34 status half-configured gcc:amd64 4:11.2.0-1ubuntu1
2022-08-10 01:06:35 status half-installed gcc:amd64 4:11.2.0-1ubuntu1
2022-08-10 01:06:35 status config-files gcc:amd64 4:11.2.0-1ubuntu1
2022-08-10 01:06:36 status not-installed gcc:amd64 <none>
2022-08-10 01:06:36 status installed gfortran-11:amd64 11.2.0-19ubuntu1
2022-08-10 01:06:36 remove gfortran-11:amd64 11.2.0-19ubuntu1 <none>
2022-08-10 01:06:36 status half-configured gfortran-11:amd64 11.2.0-19ubuntu1
2022-08-10 01:06:37 status half-installed gfortran-11:amd64 11.2.0-19ubuntu1
2022-08-10 01:06:37 status config-files gfortran-11:amd64 11.2.0-19ubuntu1
2022-08-10 01:06:38 status not-installed gfortran-11:amd64 <none>
2022-08-10 01:06:39 status installed libicu-dev:amd64 70.1-2
2022-08-10 01:06:39 remove libicu-dev:amd64 70.1-2 <none>
2022-08-10 01:06:39 status half-configured libicu-dev:amd64 70.1-2
2022-08-10 01:06:39 status half-installed libicu-dev:amd64 70.1-2
2022-08-10 01:06:40 status config-files libicu-dev:amd64 70.1-2
2022-08-10 01:06:40 status not-installed libicu-dev:amd64 <none>
2022-08-10 01:06:40 status installed icu-devtools:amd64 70.1-2
2022-08-10 01:06:41 remove icu-devtools:amd64 70.1-2 <none>
2022-08-10 01:06:41 status half-configured icu-devtools:amd64 70.1-2
2022-08-10 01:06:41 status half-installed icu-devtools:amd64 70.1-2
2022-08-10 01:06:41 status config-files icu-devtools:amd64 70.1-2
2022-08-10 01:06:41 status not-installed icu-devtools:amd64 <none>
2022-08-10 01:06:42 status installed libalgorithm-diff-xs-perl:amd64 0.04-6build3
2022-08-10 01:06:42 remove libalgorithm-diff-xs-perl:amd64 0.04-6build3 <none>
2022-08-10 01:06:42 status half-configured libalgorithm-diff-xs-perl:amd64 0.04-6build3
2022-08-10 01:06:42 status half-installed libalgorithm-diff-xs-perl:amd64 0.04-6build3
2022-08-10 01:06:42 status config-files libalgorithm-diff-xs-perl:amd64 0.04-6build3
2022-08-10 01:06:43 status not-installed libalgorithm-diff-xs-perl:amd64 <none>
2022-08-10 01:06:43 status installed libalgorithm-merge-perl:all 0.08-3
2022-08-10 01:06:43 remove libalgorithm-merge-perl:all 0.08-3 <none>
2022-08-10 01:06:43 status half-configured libalgorithm-merge-perl:all 0.08-3
2022-08-10 01:06:43 status half-installed libalgorithm-merge-perl:all 0.08-3
2022-08-10 01:06:43 status config-files libalgorithm-merge-perl:all 0.08-3
2022-08-10 01:06:44 status not-installed libalgorithm-merge-perl:all <none>
2022-08-10 01:06:44 status installed libalgorithm-diff-perl:all 1.201-1
2022-08-10 01:06:44 remove libalgorithm-diff-perl:all 1.201-1 <none>
2022-08-10 01:06:44 status half-configured libalgorithm-diff-perl:all 1.201-1
2022-08-10 01:06:44 status half-installed libalgorithm-diff-perl:all 1.201-1
2022-08-10 01:06:45 status config-files libalgorithm-diff-perl:all 1.201-1
2022-08-10 01:06:45 status not-installed libalgorithm-diff-perl:all <none>
2022-08-10 01:06:45 status installed libstdc++-11-dev:amd64 11.2.0-19ubuntu1
2022-08-10 01:06:45 remove libstdc++-11-dev:amd64 11.2.0-19ubuntu1 <none>
2022-08-10 01:06:45 status half-configured libstdc++-11-dev:amd64 11.2.0-19ubuntu1
2022-08-10 01:06:46 status half-installed libstdc++-11-dev:amd64 11.2.0-19ubuntu1
2022-08-10 01:06:46 status config-files libstdc++-11-dev:amd64 11.2.0-19ubuntu1
2022-08-10 01:06:46 status not-installed libstdc++-11-dev:amd64 <none>
2022-08-10 01:06:46 status installed libgfortran-11-dev:amd64 11.2.0-19ubuntu1
2022-08-10 01:06:47 remove libgfortran-11-dev:amd64 11.2.0-19ubuntu1 <none>
2022-08-10 01:06:47 status half-configured libgfortran-11-dev:amd64 11.2.0-19ubuntu1
2022-08-10 01:06:47 status half-installed libgfortran-11-dev:amd64 11.2.0-19ubuntu1
2022-08-10 01:06:47 status config-files libgfortran-11-dev:amd64 11.2.0-19ubuntu1
2022-08-10 01:06:47 status not-installed libgfortran-11-dev:amd64 <none>
2022-08-10 01:06:48 status installed libgcc-11-dev:amd64 11.2.0-19ubuntu1
2022-08-10 01:06:48 status installed libasan6:amd64 11.2.0-19ubuntu1
2022-08-10 01:06:48 status installed libatomic1:amd64 12-20220319-1ubuntu1
2022-08-10 01:06:48 status installed liblapack-dev:amd64 3.10.0-2ubuntu1
2022-08-10 01:06:48 remove liblapack-dev:amd64 3.10.0-2ubuntu1 <none>
2022-08-10 01:06:48 status half-configured liblapack-dev:amd64 3.10.0-2ubuntu1
2022-08-10 01:06:48 status half-installed liblapack-dev:amd64 3.10.0-2ubuntu1
2022-08-10 01:06:49 status config-files liblapack-dev:amd64 3.10.0-2ubuntu1
2022-08-10 01:06:49 status not-installed liblapack-dev:amd64 <none>
2022-08-10 01:06:49 status installed libblas-dev:amd64 3.10.0-2ubuntu1
2022-08-10 01:06:50 remove libblas-dev:amd64 3.10.0-2ubuntu1 <none>
2022-08-10 01:06:50 status half-configured libblas-dev:amd64 3.10.0-2ubuntu1
2022-08-10 01:06:50 status half-installed libblas-dev:amd64 3.10.0-2ubuntu1
2022-08-10 01:06:50 status config-files libblas-dev:amd64 3.10.0-2ubuntu1
2022-08-10 01:06:50 status not-installed libblas-dev:amd64 <none>
2022-08-10 01:06:51 status installed libbz2-dev:amd64 1.0.8-5build1
2022-08-10 01:06:51 remove libbz2-dev:amd64 1.0.8-5build1 <none>
2022-08-10 01:06:51 status half-configured libbz2-dev:amd64 1.0.8-5build1
2022-08-10 01:06:51 status half-installed libbz2-dev:amd64 1.0.8-5build1
2022-08-10 01:06:51 status config-files libbz2-dev:amd64 1.0.8-5build1
2022-08-10 01:06:52 status not-installed libbz2-dev:amd64 <none>
2022-08-10 01:06:52 status installed libcc1-0:amd64 12-20220319-1ubuntu1
2022-08-10 01:06:52 status installed libctf-nobfd0:amd64 2.38-3ubuntu1
2022-08-10 01:06:52 status installed pkg-config:amd64 0.29.2-1ubuntu3
2022-08-10 01:06:52 remove pkg-config:amd64 0.29.2-1ubuntu3 <none>
2022-08-10 01:06:52 status half-configured pkg-config:amd64 0.29.2-1ubuntu3
2022-08-10 01:06:52 status half-installed pkg-config:amd64 0.29.2-1ubuntu3
2022-08-10 01:06:53 status config-files pkg-config:amd64 0.29.2-1ubuntu3
2022-08-10 01:06:53 status installed libdpkg-perl:all 1.21.1ubuntu2.1
2022-08-10 01:06:53 remove libdpkg-perl:all 1.21.1ubuntu2.1 <none>
2022-08-10 01:06:53 status half-configured libdpkg-perl:all 1.21.1ubuntu2.1
2022-08-10 01:06:53 status half-installed libdpkg-perl:all 1.21.1ubuntu2.1
2022-08-10 01:06:53 status config-files libdpkg-perl:all 1.21.1ubuntu2.1
2022-08-10 01:06:54 status not-installed libdpkg-perl:all <none>
2022-08-10 01:06:54 status installed libfakeroot:amd64 1.28-1ubuntu1
2022-08-10 01:06:54 remove libfakeroot:amd64 1.28-1ubuntu1 <none>
2022-08-10 01:06:54 status triggers-pending libc-bin:amd64 2.35-0ubuntu3
2022-08-10 01:06:54 status half-configured libfakeroot:amd64 1.28-1ubuntu1
2022-08-10 01:06:54 status half-installed libfakeroot:amd64 1.28-1ubuntu1
2022-08-10 01:06:56 status config-files libfakeroot:amd64 1.28-1ubuntu1
2022-08-10 01:06:56 status installed libfile-fcntllock-perl:amd64 0.22-3build7
2022-08-10 01:06:56 remove libfile-fcntllock-perl:amd64 0.22-3build7 <none>
2022-08-10 01:06:56 status half-configured libfile-fcntllock-perl:amd64 0.22-3build7
2022-08-10 01:06:56 status half-installed libfile-fcntllock-perl:amd64 0.22-3build7
2022-08-10 01:06:56 status config-files libfile-fcntllock-perl:amd64 0.22-3build7
2022-08-10 01:06:57 status not-installed libfile-fcntllock-perl:amd64 <none>
2022-08-10 01:06:57 status installed libitm1:amd64 12-20220319-1ubuntu1
2022-08-10 01:06:57 status installed libjpeg-dev:amd64 8c-2ubuntu10
2022-08-10 01:06:57 remove libjpeg-dev:amd64 8c-2ubuntu10 <none>
2022-08-10 01:06:57 status half-configured libjpeg-dev:amd64 8c-2ubuntu10
2022-08-10 01:06:57 status half-installed libjpeg-dev:amd64 8c-2ubuntu10
2022-08-10 01:06:58 status config-files libjpeg-dev:amd64 8c-2ubuntu10
2022-08-10 01:06:58 status not-installed libjpeg-dev:amd64 <none>
2022-08-10 01:06:58 status installed libjpeg8-dev:amd64 8c-2ubuntu10
2022-08-10 01:06:58 remove libjpeg8-dev:amd64 8c-2ubuntu10 <none>
2022-08-10 01:06:58 status half-configured libjpeg8-dev:amd64 8c-2ubuntu10
2022-08-10 01:06:59 status half-installed libjpeg8-dev:amd64 8c-2ubuntu10
2022-08-10 01:06:59 status config-files libjpeg8-dev:amd64 8c-2ubuntu10
2022-08-10 01:06:59 status not-installed libjpeg8-dev:amd64 <none>
2022-08-10 01:07:00 status installed libjpeg-turbo8-dev:amd64 2.1.2-0ubuntu1
2022-08-10 01:07:00 remove libjpeg-turbo8-dev:amd64 2.1.2-0ubuntu1 <none>
2022-08-10 01:07:00 status half-configured libjpeg-turbo8-dev:amd64 2.1.2-0ubuntu1
2022-08-10 01:07:00 status half-installed libjpeg-turbo8-dev:amd64 2.1.2-0ubuntu1
2022-08-10 01:07:00 status config-files libjpeg-turbo8-dev:amd64 2.1.2-0ubuntu1
2022-08-10 01:07:01 status not-installed libjpeg-turbo8-dev:amd64 <none>
2022-08-10 01:07:01 status installed liblocale-gettext-perl:amd64 1.07-4build3
2022-08-10 01:07:01 remove liblocale-gettext-perl:amd64 1.07-4build3 <none>
2022-08-10 01:07:01 status half-configured liblocale-gettext-perl:amd64 1.07-4build3
2022-08-10 01:07:01 status half-installed liblocale-gettext-perl:amd64 1.07-4build3
2022-08-10 01:07:01 status config-files liblocale-gettext-perl:amd64 1.07-4build3
2022-08-10 01:07:02 status not-installed liblocale-gettext-perl:amd64 <none>
2022-08-10 01:07:02 status installed liblsan0:amd64 12-20220319-1ubuntu1
2022-08-10 01:07:02 status installed liblzma-dev:amd64 5.2.5-2ubuntu1
2022-08-10 01:07:02 remove liblzma-dev:amd64 5.2.5-2ubuntu1 <none>
2022-08-10 01:07:02 status half-configured liblzma-dev:amd64 5.2.5-2ubuntu1
2022-08-10 01:07:02 status half-installed liblzma-dev:amd64 5.2.5-2ubuntu1
2022-08-10 01:07:03 status config-files liblzma-dev:amd64 5.2.5-2ubuntu1
2022-08-10 01:07:03 status not-installed liblzma-dev:amd64 <none>
2022-08-10 01:07:03 status installed libreadline-dev:amd64 8.1.2-1
2022-08-10 01:07:03 remove libreadline-dev:amd64 8.1.2-1 <none>
2022-08-10 01:07:03 status half-configured libreadline-dev:amd64 8.1.2-1
2022-08-10 01:07:03 status half-installed libreadline-dev:amd64 8.1.2-1
2022-08-10 01:07:04 status config-files libreadline-dev:amd64 8.1.2-1
2022-08-10 01:07:04 status not-installed libreadline-dev:amd64 <none>
2022-08-10 01:07:04 status installed libncurses5-dev:amd64 6.3-2
2022-08-10 01:07:04 remove libncurses5-dev:amd64 6.3-2 <none>
2022-08-10 01:07:04 status half-configured libncurses5-dev:amd64 6.3-2
2022-08-10 01:07:05 status half-installed libncurses5-dev:amd64 6.3-2
2022-08-10 01:07:05 status config-files libncurses5-dev:amd64 6.3-2
2022-08-10 01:07:06 status not-installed libncurses5-dev:amd64 <none>
2022-08-10 01:07:06 status installed libncurses-dev:amd64 6.3-2
2022-08-10 01:07:07 remove libncurses-dev:amd64 6.3-2 <none>
2022-08-10 01:07:07 status half-configured libncurses-dev:amd64 6.3-2
2022-08-10 01:07:07 status half-installed libncurses-dev:amd64 6.3-2
2022-08-10 01:07:07 status config-files libncurses-dev:amd64 6.3-2
2022-08-10 01:07:08 status not-installed libncurses-dev:amd64 <none>
2022-08-10 01:07:08 status installed libpcre3-dev:amd64 2:8.39-13ubuntu0.22.04.1
2022-08-10 01:07:08 remove libpcre3-dev:amd64 2:8.39-13ubuntu0.22.04.1 <none>
2022-08-10 01:07:08 status half-configured libpcre3-dev:amd64 2:8.39-13ubuntu0.22.04.1
2022-08-10 01:07:08 status half-installed libpcre3-dev:amd64 2:8.39-13ubuntu0.22.04.1
2022-08-10 01:07:08 status config-files libpcre3-dev:amd64 2:8.39-13ubuntu0.22.04.1
2022-08-10 01:07:09 status not-installed libpcre3-dev:amd64 <none>
2022-08-10 01:07:09 status installed libpcre16-3:amd64 2:8.39-13ubuntu0.22.04.1
2022-08-10 01:07:09 remove libpcre16-3:amd64 2:8.39-13ubuntu0.22.04.1 <none>
2022-08-10 01:07:09 status half-configured libpcre16-3:amd64 2:8.39-13ubuntu0.22.04.1
2022-08-10 01:07:09 status half-installed libpcre16-3:amd64 2:8.39-13ubuntu0.22.04.1
2022-08-10 01:07:10 status config-files libpcre16-3:amd64 2:8.39-13ubuntu0.22.04.1
2022-08-10 01:07:10 status not-installed libpcre16-3:amd64 <none>
2022-08-10 01:07:10 status installed libpcre2-dev:amd64 10.39-3build1
2022-08-10 01:07:10 remove libpcre2-dev:amd64 10.39-3build1 <none>
2022-08-10 01:07:10 status half-configured libpcre2-dev:amd64 10.39-3build1
2022-08-10 01:07:11 status half-installed libpcre2-dev:amd64 10.39-3build1
2022-08-10 01:07:11 status config-files libpcre2-dev:amd64 10.39-3build1
2022-08-10 01:07:13 status not-installed libpcre2-dev:amd64 <none>
2022-08-10 01:07:13 status installed libpcre2-16-0:amd64 10.39-3build1
2022-08-10 01:07:14 remove libpcre2-16-0:amd64 10.39-3build1 <none>
2022-08-10 01:07:14 status half-configured libpcre2-16-0:amd64 10.39-3build1
2022-08-10 01:07:14 status half-installed libpcre2-16-0:amd64 10.39-3build1
2022-08-10 01:07:14 status config-files libpcre2-16-0:amd64 10.39-3build1
2022-08-10 01:07:15 status not-installed libpcre2-16-0:amd64 <none>
2022-08-10 01:07:15 status installed libpcre2-32-0:amd64 10.39-3build1
2022-08-10 01:07:15 remove libpcre2-32-0:amd64 10.39-3build1 <none>
2022-08-10 01:07:15 status half-configured libpcre2-32-0:amd64 10.39-3build1
2022-08-10 01:07:15 status half-installed libpcre2-32-0:amd64 10.39-3build1
2022-08-10 01:07:15 status config-files libpcre2-32-0:amd64 10.39-3build1
2022-08-10 01:07:16 status not-installed libpcre2-32-0:amd64 <none>
2022-08-10 01:07:16 status installed libpcre2-posix3:amd64 10.39-3build1
2022-08-10 01:07:16 remove libpcre2-posix3:amd64 10.39-3build1 <none>
2022-08-10 01:07:16 status half-configured libpcre2-posix3:amd64 10.39-3build1
2022-08-10 01:07:16 status half-installed libpcre2-posix3:amd64 10.39-3build1
2022-08-10 01:07:17 status config-files libpcre2-posix3:amd64 10.39-3build1
2022-08-10 01:07:17 status not-installed libpcre2-posix3:amd64 <none>
2022-08-10 01:07:17 status installed libpcre32-3:amd64 2:8.39-13ubuntu0.22.04.1
2022-08-10 01:07:18 remove libpcre32-3:amd64 2:8.39-13ubuntu0.22.04.1 <none>
2022-08-10 01:07:18 status half-configured libpcre32-3:amd64 2:8.39-13ubuntu0.22.04.1
2022-08-10 01:07:18 status half-installed libpcre32-3:amd64 2:8.39-13ubuntu0.22.04.1
2022-08-10 01:07:18 status config-files libpcre32-3:amd64 2:8.39-13ubuntu0.22.04.1
2022-08-10 01:07:18 status not-installed libpcre32-3:amd64 <none>
2022-08-10 01:07:18 status installed libpcrecpp0v5:amd64 2:8.39-13ubuntu0.22.04.1
2022-08-10 01:07:19 remove libpcrecpp0v5:amd64 2:8.39-13ubuntu0.22.04.1 <none>
2022-08-10 01:07:19 status half-configured libpcrecpp0v5:amd64 2:8.39-13ubuntu0.22.04.1
2022-08-10 01:07:19 status half-installed libpcrecpp0v5:amd64 2:8.39-13ubuntu0.22.04.1
2022-08-10 01:07:19 status config-files libpcrecpp0v5:amd64 2:8.39-13ubuntu0.22.04.1
2022-08-10 01:07:19 status not-installed libpcrecpp0v5:amd64 <none>
2022-08-10 01:07:20 status installed libpng-dev:amd64 1.6.37-3build5
2022-08-10 01:07:20 remove libpng-dev:amd64 1.6.37-3build5 <none>
2022-08-10 01:07:20 status half-configured libpng-dev:amd64 1.6.37-3build5
2022-08-10 01:07:20 status half-installed libpng-dev:amd64 1.6.37-3build5
2022-08-10 01:07:20 status config-files libpng-dev:amd64 1.6.37-3build5
2022-08-10 01:07:21 status not-installed libpng-dev:amd64 <none>
2022-08-10 01:07:21 status installed libpng-tools:amd64 1.6.37-3build5
2022-08-10 01:07:21 remove libpng-tools:amd64 1.6.37-3build5 <none>
2022-08-10 01:07:21 status half-configured libpng-tools:amd64 1.6.37-3build5
2022-08-10 01:07:21 status half-installed libpng-tools:amd64 1.6.37-3build5
2022-08-10 01:07:21 status config-files libpng-tools:amd64 1.6.37-3build5
2022-08-10 01:07:22 status not-installed libpng-tools:amd64 <none>
2022-08-10 01:07:22 status installed libtsan0:amd64 11.2.0-19ubuntu1
2022-08-10 01:07:22 status installed libubsan1:amd64 12-20220319-1ubuntu1
2022-08-10 01:07:23 status installed lto-disabled-list:all 24
2022-08-10 01:07:23 remove lto-disabled-list:all 24 <none>
2022-08-10 01:07:23 status half-configured lto-disabled-list:all 24
2022-08-10 01:07:23 status half-installed lto-disabled-list:all 24
2022-08-10 01:07:23 status config-files lto-disabled-list:all 24
2022-08-10 01:07:24 status not-installed lto-disabled-list:all <none>
2022-08-10 01:07:24 status installed patch:amd64 2.7.6-7build2
2022-08-10 01:07:24 remove patch:amd64 2.7.6-7build2 <none>
2022-08-10 01:07:24 status half-configured patch:amd64 2.7.6-7build2
2022-08-10 01:07:24 status half-installed patch:amd64 2.7.6-7build2
2022-08-10 01:07:24 status config-files patch:amd64 2.7.6-7build2
2022-08-10 01:07:25 status not-installed patch:amd64 <none>
2022-08-10 01:07:25 status installed xauth:amd64 1:1.1-1build2
2022-08-10 01:07:25 remove xauth:amd64 1:1.1-1build2 <none>
2022-08-10 01:07:25 status half-configured xauth:amd64 1:1.1-1build2
2022-08-10 01:07:25 status half-installed xauth:amd64 1:1.1-1build2
2022-08-10 01:07:25 status config-files xauth:amd64 1:1.1-1build2
2022-08-10 01:07:26 status not-installed xauth:amd64 <none>
2022-08-10 01:07:26 remove gcc-11:amd64 11.2.0-19ubuntu1 <none>
2022-08-10 01:07:26 status half-configured gcc-11:amd64 11.2.0-19ubuntu1
2022-08-10 01:07:26 status half-installed gcc-11:amd64 11.2.0-19ubuntu1
2022-08-10 01:07:27 status config-files gcc-11:amd64 11.2.0-19ubuntu1
2022-08-10 01:07:28 status not-installed gcc-11:amd64 <none>
2022-08-10 01:07:28 remove binutils:amd64 2.38-3ubuntu1 <none>
2022-08-10 01:07:28 status half-configured binutils:amd64 2.38-3ubuntu1
2022-08-10 01:07:29 status half-installed binutils:amd64 2.38-3ubuntu1
2022-08-10 01:07:29 status config-files binutils:amd64 2.38-3ubuntu1
2022-08-10 01:07:30 status not-installed binutils:amd64 <none>
2022-08-10 01:07:30 remove binutils-x86-64-linux-gnu:amd64 2.38-3ubuntu1 <none>
2022-08-10 01:07:30 status half-configured binutils-x86-64-linux-gnu:amd64 2.38-3ubuntu1
2022-08-10 01:07:30 status half-installed binutils-x86-64-linux-gnu:amd64 2.38-3ubuntu1
2022-08-10 01:07:30 status config-files binutils-x86-64-linux-gnu:amd64 2.38-3ubuntu1
2022-08-10 01:07:31 status not-installed binutils-x86-64-linux-gnu:amd64 <none>
2022-08-10 01:07:31 remove libctf0:amd64 2.38-3ubuntu1 <none>
2022-08-10 01:07:31 status half-configured libctf0:amd64 2.38-3ubuntu1
2022-08-10 01:07:31 status half-installed libctf0:amd64 2.38-3ubuntu1
2022-08-10 01:07:32 status config-files libctf0:amd64 2.38-3ubuntu1
2022-08-10 01:07:32 status not-installed libctf0:amd64 <none>
2022-08-10 01:07:32 remove libbinutils:amd64 2.38-3ubuntu1 <none>
2022-08-10 01:07:32 status half-configured libbinutils:amd64 2.38-3ubuntu1
2022-08-10 01:07:32 status half-installed libbinutils:amd64 2.38-3ubuntu1
2022-08-10 01:07:33 status config-files libbinutils:amd64 2.38-3ubuntu1
2022-08-10 01:07:34 status not-installed libbinutils:amd64 <none>
2022-08-10 01:07:34 remove binutils-common:amd64 2.38-3ubuntu1 <none>
2022-08-10 01:07:34 status half-configured binutils-common:amd64 2.38-3ubuntu1
2022-08-10 01:07:34 status half-installed binutils-common:amd64 2.38-3ubuntu1
2022-08-10 01:07:35 status config-files binutils-common:amd64 2.38-3ubuntu1
2022-08-10 01:07:35 status not-installed binutils-common:amd64 <none>
2022-08-10 01:07:36 remove libgcc-11-dev:amd64 11.2.0-19ubuntu1 <none>
2022-08-10 01:07:36 status half-configured libgcc-11-dev:amd64 11.2.0-19ubuntu1
2022-08-10 01:07:36 status half-installed libgcc-11-dev:amd64 11.2.0-19ubuntu1
2022-08-10 01:07:36 status config-files libgcc-11-dev:amd64 11.2.0-19ubuntu1
2022-08-10 01:07:36 status not-installed libgcc-11-dev:amd64 <none>
2022-08-10 01:07:37 remove libasan6:amd64 11.2.0-19ubuntu1 <none>
2022-08-10 01:07:37 status half-configured libasan6:amd64 11.2.0-19ubuntu1
2022-08-10 01:07:37 status half-installed libasan6:amd64 11.2.0-19ubuntu1
2022-08-10 01:07:37 status config-files libasan6:amd64 11.2.0-19ubuntu1
2022-08-10 01:07:37 status not-installed libasan6:amd64 <none>
2022-08-10 01:07:38 remove libatomic1:amd64 12-20220319-1ubuntu1 <none>
2022-08-10 01:07:38 status half-configured libatomic1:amd64 12-20220319-1ubuntu1
2022-08-10 01:07:38 status half-installed libatomic1:amd64 12-20220319-1ubuntu1
2022-08-10 01:07:39 status config-files libatomic1:amd64 12-20220319-1ubuntu1
2022-08-10 01:07:39 status not-installed libatomic1:amd64 <none>
2022-08-10 01:07:39 remove libcc1-0:amd64 12-20220319-1ubuntu1 <none>
2022-08-10 01:07:39 status half-configured libcc1-0:amd64 12-20220319-1ubuntu1
2022-08-10 01:07:40 status half-installed libcc1-0:amd64 12-20220319-1ubuntu1
2022-08-10 01:07:40 status config-files libcc1-0:amd64 12-20220319-1ubuntu1
2022-08-10 01:07:40 status not-installed libcc1-0:amd64 <none>
2022-08-10 01:07:41 remove libctf-nobfd0:amd64 2.38-3ubuntu1 <none>
2022-08-10 01:07:41 status half-configured libctf-nobfd0:amd64 2.38-3ubuntu1
2022-08-10 01:07:41 status half-installed libctf-nobfd0:amd64 2.38-3ubuntu1
2022-08-10 01:07:41 status config-files libctf-nobfd0:amd64 2.38-3ubuntu1
2022-08-10 01:07:41 status not-installed libctf-nobfd0:amd64 <none>
2022-08-10 01:07:42 remove libitm1:amd64 12-20220319-1ubuntu1 <none>
2022-08-10 01:07:42 status half-configured libitm1:amd64 12-20220319-1ubuntu1
2022-08-10 01:07:42 status half-installed libitm1:amd64 12-20220319-1ubuntu1
2022-08-10 01:07:42 status config-files libitm1:amd64 12-20220319-1ubuntu1
2022-08-10 01:07:43 status not-installed libitm1:amd64 <none>
2022-08-10 01:07:43 remove liblsan0:amd64 12-20220319-1ubuntu1 <none>
2022-08-10 01:07:43 status half-configured liblsan0:amd64 12-20220319-1ubuntu1
2022-08-10 01:07:43 status half-installed liblsan0:amd64 12-20220319-1ubuntu1
2022-08-10 01:07:43 status config-files liblsan0:amd64 12-20220319-1ubuntu1
2022-08-10 01:07:44 status not-installed liblsan0:amd64 <none>
2022-08-10 01:07:44 remove libtsan0:amd64 11.2.0-19ubuntu1 <none>
2022-08-10 01:07:44 status half-configured libtsan0:amd64 11.2.0-19ubuntu1
2022-08-10 01:07:44 status half-installed libtsan0:amd64 11.2.0-19ubuntu1
2022-08-10 01:07:44 status config-files libtsan0:amd64 11.2.0-19ubuntu1
2022-08-10 01:07:45 status not-installed libtsan0:amd64 <none>
2022-08-10 01:07:45 remove libubsan1:amd64 12-20220319-1ubuntu1 <none>
2022-08-10 01:07:45 status half-configured libubsan1:amd64 12-20220319-1ubuntu1
2022-08-10 01:07:45 status half-installed libubsan1:amd64 12-20220319-1ubuntu1
2022-08-10 01:07:46 status config-files libubsan1:amd64 12-20220319-1ubuntu1
2022-08-10 01:07:46 status not-installed libubsan1:amd64 <none>
2022-08-10 01:07:47 startup packages configure
2022-08-10 01:07:47 trigproc libc-bin:amd64 2.35-0ubuntu3 <none>
2022-08-10 01:07:47 status half-configured libc-bin:amd64 2.35-0ubuntu3
2022-08-10 01:07:47 status installed libc-bin:amd64 2.35-0ubuntu3
2022-08-10 01:07:58 startup packages remove
2022-08-10 01:07:58 status installed make:amd64 4.3-4.1build1
2022-08-10 01:07:58 remove make:amd64 4.3-4.1build1 <none>
2022-08-10 01:07:58 status half-configured make:amd64 4.3-4.1build1
2022-08-10 01:07:58 status half-installed make:amd64 4.3-4.1build1
2022-08-10 01:07:58 status config-files make:amd64 4.3-4.1build1
2022-08-10 01:07:59 status not-installed make:amd64 <none>
2022-08-10 01:07:59 startup packages configure
2022-10-14 13:55:22 startup archives unpack
2022-10-14 13:55:22 install make:amd64 <none> 4.3-4.1build1
2022-10-14 13:55:22 status half-installed make:amd64 4.3-4.1build1
2022-10-14 13:55:22 status unpacked make:amd64 4.3-4.1build1
2022-10-14 13:55:23 startup packages configure
2022-10-14 13:55:23 configure make:amd64 4.3-4.1build1 <none>
2022-10-14 13:55:23 status unpacked make:amd64 4.3-4.1build1
2022-10-14 13:55:23 status half-configured make:amd64 4.3-4.1build1
2022-10-14 13:55:23 status installed make:amd64 4.3-4.1build1
2022-10-14 13:57:04 startup archives unpack
2022-10-14 13:57:04 install binutils-common:amd64 <none> 2.38-3ubuntu1
2022-10-14 13:57:04 status half-installed binutils-common:amd64 2.38-3ubuntu1
2022-10-14 13:57:04 status unpacked binutils-common:amd64 2.38-3ubuntu1
2022-10-14 13:57:05 install libbinutils:amd64 <none> 2.38-3ubuntu1
2022-10-14 13:57:05 status triggers-pending libc-bin:amd64 2.35-0ubuntu3
2022-10-14 13:57:05 status half-installed libbinutils:amd64 2.38-3ubuntu1
2022-10-14 13:57:05 status unpacked libbinutils:amd64 2.38-3ubuntu1
2022-10-14 13:57:05 install libctf-nobfd0:amd64 <none> 2.38-3ubuntu1
2022-10-14 13:57:05 status half-installed libctf-nobfd0:amd64 2.38-3ubuntu1
2022-10-14 13:57:06 status unpacked libctf-nobfd0:amd64 2.38-3ubuntu1
2022-10-14 13:57:06 install libctf0:amd64 <none> 2.38-3ubuntu1
2022-10-14 13:57:06 status half-installed libctf0:amd64 2.38-3ubuntu1
2022-10-14 13:57:06 status unpacked libctf0:amd64 2.38-3ubuntu1
2022-10-14 13:57:07 install binutils-x86-64-linux-gnu:amd64 <none> 2.38-3ubuntu1
2022-10-14 13:57:07 status half-installed binutils-x86-64-linux-gnu:amd64 2.38-3ubuntu1
2022-10-14 13:57:07 status unpacked binutils-x86-64-linux-gnu:amd64 2.38-3ubuntu1
2022-10-14 13:57:07 install binutils:amd64 <none> 2.38-3ubuntu1
2022-10-14 13:57:07 status half-installed binutils:amd64 2.38-3ubuntu1
2022-10-14 13:57:08 status unpacked binutils:amd64 2.38-3ubuntu1
2022-10-14 13:57:09 install libcc1-0:amd64 <none> 12-20220319-1ubuntu1
2022-10-14 13:57:09 status half-installed libcc1-0:amd64 12-20220319-1ubuntu1
2022-10-14 13:57:09 status unpacked libcc1-0:amd64 12-20220319-1ubuntu1
2022-10-14 13:57:10 install libitm1:amd64 <none> 12-20220319-1ubuntu1
2022-10-14 13:57:10 status half-installed libitm1:amd64 12-20220319-1ubuntu1
2022-10-14 13:57:10 status unpacked libitm1:amd64 12-20220319-1ubuntu1
2022-10-14 13:57:11 install libatomic1:amd64 <none> 12-20220319-1ubuntu1
2022-10-14 13:57:11 status half-installed libatomic1:amd64 12-20220319-1ubuntu1
2022-10-14 13:57:11 status unpacked libatomic1:amd64 12-20220319-1ubuntu1
2022-10-14 13:57:12 install libasan6:amd64 <none> 11.2.0-19ubuntu1
2022-10-14 13:57:12 status half-installed libasan6:amd64 11.2.0-19ubuntu1
2022-10-14 13:57:12 status unpacked libasan6:amd64 11.2.0-19ubuntu1
2022-10-14 13:57:13 install liblsan0:amd64 <none> 12-20220319-1ubuntu1
2022-10-14 13:57:13 status half-installed liblsan0:amd64 12-20220319-1ubuntu1
2022-10-14 13:57:13 status unpacked liblsan0:amd64 12-20220319-1ubuntu1
2022-10-14 13:57:14 install libtsan0:amd64 <none> 11.2.0-19ubuntu1
2022-10-14 13:57:14 status half-installed libtsan0:amd64 11.2.0-19ubuntu1
2022-10-14 13:57:14 status unpacked libtsan0:amd64 11.2.0-19ubuntu1
2022-10-14 13:57:15 install libubsan1:amd64 <none> 12-20220319-1ubuntu1
2022-10-14 13:57:15 status half-installed libubsan1:amd64 12-20220319-1ubuntu1
2022-10-14 13:57:15 status unpacked libubsan1:amd64 12-20220319-1ubuntu1
2022-10-14 13:57:16 install libgcc-11-dev:amd64 <none> 11.2.0-19ubuntu1
2022-10-14 13:57:16 status half-installed libgcc-11-dev:amd64 11.2.0-19ubuntu1
2022-10-14 13:57:16 status unpacked libgcc-11-dev:amd64 11.2.0-19ubuntu1
2022-10-14 13:57:16 install gcc-11:amd64 <none> 11.2.0-19ubuntu1
2022-10-14 13:57:16 status half-installed gcc-11:amd64 11.2.0-19ubuntu1
2022-10-14 13:57:18 status unpacked gcc-11:amd64 11.2.0-19ubuntu1
2022-10-14 13:57:18 install gcc:amd64 <none> 4:11.2.0-1ubuntu1
2022-10-14 13:57:18 status half-installed gcc:amd64 4:11.2.0-1ubuntu1
2022-10-14 13:57:19 status unpacked gcc:amd64 4:11.2.0-1ubuntu1
2022-10-14 13:57:19 startup packages configure
2022-10-14 13:57:19 configure binutils-common:amd64 2.38-3ubuntu1 <none>
2022-10-14 13:57:19 status unpacked binutils-common:amd64 2.38-3ubuntu1
2022-10-14 13:57:19 status half-configured binutils-common:amd64 2.38-3ubuntu1
2022-10-14 13:57:19 status installed binutils-common:amd64 2.38-3ubuntu1
2022-10-14 13:57:19 configure libctf-nobfd0:amd64 2.38-3ubuntu1 <none>
2022-10-14 13:57:19 status unpacked libctf-nobfd0:amd64 2.38-3ubuntu1
2022-10-14 13:57:19 status half-configured libctf-nobfd0:amd64 2.38-3ubuntu1
2022-10-14 13:57:20 status installed libctf-nobfd0:amd64 2.38-3ubuntu1
2022-10-14 13:57:20 configure libasan6:amd64 11.2.0-19ubuntu1 <none>
2022-10-14 13:57:20 status unpacked libasan6:amd64 11.2.0-19ubuntu1
2022-10-14 13:57:20 status half-configured libasan6:amd64 11.2.0-19ubuntu1
2022-10-14 13:57:20 status installed libasan6:amd64 11.2.0-19ubuntu1
2022-10-14 13:57:20 configure libatomic1:amd64 12-20220319-1ubuntu1 <none>
2022-10-14 13:57:20 status unpacked libatomic1:amd64 12-20220319-1ubuntu1
2022-10-14 13:57:20 status half-configured libatomic1:amd64 12-20220319-1ubuntu1
2022-10-14 13:57:20 status installed libatomic1:amd64 12-20220319-1ubuntu1
2022-10-14 13:57:20 configure libubsan1:amd64 12-20220319-1ubuntu1 <none>
2022-10-14 13:57:20 status unpacked libubsan1:amd64 12-20220319-1ubuntu1
2022-10-14 13:57:21 status half-configured libubsan1:amd64 12-20220319-1ubuntu1
2022-10-14 13:57:21 status installed libubsan1:amd64 12-20220319-1ubuntu1
2022-10-14 13:57:21 configure libbinutils:amd64 2.38-3ubuntu1 <none>
2022-10-14 13:57:21 status unpacked libbinutils:amd64 2.38-3ubuntu1
2022-10-14 13:57:21 status half-configured libbinutils:amd64 2.38-3ubuntu1
2022-10-14 13:57:21 status installed libbinutils:amd64 2.38-3ubuntu1
2022-10-14 13:57:21 configure libcc1-0:amd64 12-20220319-1ubuntu1 <none>
2022-10-14 13:57:21 status unpacked libcc1-0:amd64 12-20220319-1ubuntu1
2022-10-14 13:57:21 status half-configured libcc1-0:amd64 12-20220319-1ubuntu1
2022-10-14 13:57:21 status installed libcc1-0:amd64 12-20220319-1ubuntu1
2022-10-14 13:57:22 configure liblsan0:amd64 12-20220319-1ubuntu1 <none>
2022-10-14 13:57:22 status unpacked liblsan0:amd64 12-20220319-1ubuntu1
2022-10-14 13:57:22 status half-configured liblsan0:amd64 12-20220319-1ubuntu1
2022-10-14 13:57:22 status installed liblsan0:amd64 12-20220319-1ubuntu1
2022-10-14 13:57:22 configure libitm1:amd64 12-20220319-1ubuntu1 <none>
2022-10-14 13:57:22 status unpacked libitm1:amd64 12-20220319-1ubuntu1
2022-10-14 13:57:22 status half-configured libitm1:amd64 12-20220319-1ubuntu1
2022-10-14 13:57:22 status installed libitm1:amd64 12-20220319-1ubuntu1
2022-10-14 13:57:22 configure libtsan0:amd64 11.2.0-19ubuntu1 <none>
2022-10-14 13:57:22 status unpacked libtsan0:amd64 11.2.0-19ubuntu1
2022-10-14 13:57:22 status half-configured libtsan0:amd64 11.2.0-19ubuntu1
2022-10-14 13:57:23 status installed libtsan0:amd64 11.2.0-19ubuntu1
2022-10-14 13:57:23 configure libctf0:amd64 2.38-3ubuntu1 <none>
2022-10-14 13:57:23 status unpacked libctf0:amd64 2.38-3ubuntu1
2022-10-14 13:57:23 status half-configured libctf0:amd64 2.38-3ubuntu1
2022-10-14 13:57:23 status installed libctf0:amd64 2.38-3ubuntu1
2022-10-14 13:57:23 configure libgcc-11-dev:amd64 11.2.0-19ubuntu1 <none>
2022-10-14 13:57:23 status unpacked libgcc-11-dev:amd64 11.2.0-19ubuntu1
2022-10-14 13:57:23 status half-configured libgcc-11-dev:amd64 11.2.0-19ubuntu1
2022-10-14 13:57:23 status installed libgcc-11-dev:amd64 11.2.0-19ubuntu1
2022-10-14 13:57:23 configure binutils-x86-64-linux-gnu:amd64 2.38-3ubuntu1 <none>
2022-10-14 13:57:23 status unpacked binutils-x86-64-linux-gnu:amd64 2.38-3ubuntu1
2022-10-14 13:57:24 status half-configured binutils-x86-64-linux-gnu:amd64 2.38-3ubuntu1
2022-10-14 13:57:24 status installed binutils-x86-64-linux-gnu:amd64 2.38-3ubuntu1
2022-10-14 13:57:24 configure binutils:amd64 2.38-3ubuntu1 <none>
2022-10-14 13:57:24 status unpacked binutils:amd64 2.38-3ubuntu1
2022-10-14 13:57:24 status half-configured binutils:amd64 2.38-3ubuntu1
2022-10-14 13:57:24 status installed binutils:amd64 2.38-3ubuntu1
2022-10-14 13:57:24 configure gcc-11:amd64 11.2.0-19ubuntu1 <none>
2022-10-14 13:57:24 status unpacked gcc-11:amd64 11.2.0-19ubuntu1
2022-10-14 13:57:24 status half-configured gcc-11:amd64 11.2.0-19ubuntu1
2022-10-14 13:57:24 status installed gcc-11:amd64 11.2.0-19ubuntu1
2022-10-14 13:57:24 configure gcc:amd64 4:11.2.0-1ubuntu1 <none>
2022-10-14 13:57:24 status unpacked gcc:amd64 4:11.2.0-1ubuntu1
2022-10-14 13:57:25 status half-configured gcc:amd64 4:11.2.0-1ubuntu1
2022-10-14 13:57:25 status installed gcc:amd64 4:11.2.0-1ubuntu1
2022-10-14 13:57:25 trigproc libc-bin:amd64 2.35-0ubuntu3 <none>
2022-10-14 13:57:25 status half-configured libc-bin:amd64 2.35-0ubuntu3
2022-10-14 13:57:25 status installed libc-bin:amd64 2.35-0ubuntu3
